name,album_type,release_date,uri
Step Back,single,2022-01-03,spotify:album:3gwL04bGAX4Kc2D5Wd7NMk
ELEVEN,single,2021-12-01,spotify:album:1XMYvsHRt52sMi6wittWqI
STAYDOM,single,2021-04-08,spotify:album:71hjsg660uio3Z8bnbB6fS
Queendom - The 6th Mini Album,single,2021-08-16,spotify:album:6Pe5LGQgU3mmvuRjFMsACV
LOVE DIVE,single,2022-04-05,spotify:album:1AFVTHHm7kKoQ6Rgb25x3p
‘The ReVe Festival’ Finale,album,2019-12-23,spotify:album:3rVtm00UfbuzWOewdm4iYM
THE ALBUM,album,2020-10-02,spotify:album:71O60S5gIJSIAhdnrDIh3N
CRAZY IN LOVE,album,2021-09-24,spotify:album:4U7rGOkJgtxs27H9L93Xli
The Most Beautiful Moment in Life: Young Forever,album,2016-05-02,spotify:album:1k5bJ8l5oL5xxVBVHjil09
SQUARE TWO,single,2016-11-01,spotify:album:2Fna4Tb7fme5aHsNMJtVtp
Street Woman Fighter(SWF) Special,single,2021-10-27,spotify:album:3iW6rZmhiSLNveTOrX26z6
NOEASY,album,2021-08-23,spotify:album:558tpdCejjVQNFAumRAeQj
MAP OF THE SOUL : PERSONA,album,2019-04-12,spotify:album:2KqlAl1Kl5fZvbFgJ0qFB6
BE,album,2020-11-20,spotify:album:6nYfHQnvkvOTNHnOhDT3sr
BORDER : CARNIVAL,single,2021-04-26,spotify:album:4LGYBcRsteiXjcPD4QQvxv
FEARLESS,single,2022-05-02,spotify:album:4Mc7WwYH41hgUWeKX25Sot
Black Mamba,single,2020-11-17,spotify:album:3syEYrKIsgxaZMB5t1dVG7
YOUNG-LUV.COM,single,2022-02-21,spotify:album:2xPdgNkM4yIQmP7axJ1T1o
NCT 2018 EMPATHY,album,2018-03-14,spotify:album:3KAJvo62RNQEtXwIyB5rzX
DIMENSION : DILEMMA,album,2021-10-12,spotify:album:5jGRqioNCSWZGBl3QmyuFI
Play Game : Holiday,single,2021-08-04,spotify:album:1FDlvA1PdZujiEhbXihIPJ
SEVENTEEN 4th Album 'Face the Sun',album,2022-05-27,spotify:album:4lfFgz2rD1irxf7dZhNJht
LALISA,single,2021-09-10,spotify:album:66OYt73mqan1hWa78BhfPd
DUMB DUMB,single,2021-08-02,spotify:album:24sFioeGsPtxa5fD6VzL8b
Taste of Love,single,2021-06-11,spotify:album:00vb6sViDbJLmLLchfbRh4
Love Yourself 結 'Answer',album,2018-08-24,spotify:album:43wFM1HquliY3iwKWzPN4y
BANANA ALLERGY MONKEY,single,2018-04-02,spotify:album:5KuGBZ8VDDWM47WK2hs0PV
Dreams Come True - SM STATION,single,2021-12-20,spotify:album:4Jzx0XAORPKQ3v7EaL8Ful
THE BOYZ 6TH MINI ALBUM [THRILL-ING],single,2021-08-09,spotify:album:0lh0pZ8GjZGrAhzIG4Jn0E
MAP OF THE SOUL : PERSONA,album,2019-04-12,spotify:album:1AvXa8xFEXtR3hb4bgihIK
BORDER : DAY ONE,single,2020-11-30,spotify:album:3YxF7jTnpdNepWbO42f8lH
DIMENSION : ANSWER,album,2022-01-10,spotify:album:3nOj9hsnptBEDt9ie2lra5
Oh! - The Second Album,album,2010-01-28,spotify:album:4e841RxorIoZIufX8v7p7E
IT'z ICY,single,2019-07-29,spotify:album:2y2Nuvvw5xNDYOunTSsgf1
Not Shy,single,2020-08-17,spotify:album:0aqu2V5ohKHVfWqVFE7Ila
BLOOM*IZ,album,2020-02-17,spotify:album:5dm3PMCHxTSOdDFZ1hlfMm
GREAT!,single,2018-01-03,spotify:album:5vt2sEP5J0VNbYXoA7h2k4
Fun to The World,single,2018-06-26,spotify:album:75dkh8s39e7txjNe9cODH3
Yummy Yummy Love,single,2022-01-14,spotify:album:2r35RHvEtBjgKiONdItRR5
Dear OHMYGIRL,single,2021-05-10,spotify:album:2xfmLni05CCgygcNdtPvuN
NONSTOP,single,2020-04-27,spotify:album:7J8Kp48L7RdLkpjSVrO5PY
The Red Summer - Summer Mini Album,single,2017-07-09,spotify:album:6OXg149IkmbgW7zfzbwgS2
Summer Magic - Summer Mini Album,album,2018-08-06,spotify:album:5zWa1ZEUBctbKqvwXbFawo
‘The ReVe Festival’ Day 2,single,2019-08-20,spotify:album:3DXz6ItR9DzIw9S0h3Cxfc
FIRST 'LOVE&LETTER',album,2016-04-25,spotify:album:50BrkBakrLWufmTLjCVBwn
The Dream Chapter: MAGIC,album,2019-10-21,spotify:album:5KoR6s906nbO21C9ZPdwTv
minisode1 : Blue Hour,single,2020-10-26,spotify:album:2DDNDdePEx9R0bBwRqahdr
The Feels,single,2021-10-01,spotify:album:6bk3KlQjiXsRmGrzrNcS53
Feel Special,album,2019-09-23,spotify:album:3NQBPabmRm3LzVcmtkTLfo
Merry & Happy,album,2017-12-11,spotify:album:0R7pj4tnmcoUulrZGPo6nw
Page Two,single,2016-04-25,spotify:album:6q2oUEqL9uzVXHCeKoA8JV
SIGNAL,single,2017-05-15,spotify:album:28PwDunFAR71toOCTYRvkf
The Story Begins,single,2015-10-20,spotify:album:72WWZVAx6GtSbEeGESwDLo
Twicecoaster: Lane 1,album,2016-10-24,spotify:album:5zQhaDNbiXHRqd8Y51I4vy
Twicetagram,album,2017-10-30,spotify:album:3hJXmK5gWN9P6jtZL0Lr2y
What Is Love,single,2018-04-09,spotify:album:5o5cJ6yZmcyy4y4hK0J6de
YES or YES,album,2018-11-05,spotify:album:25VunQEW0x2W6ALND2Mh4g
HAPPY MOMENT,album,2017-06-07,spotify:album:4nnyYQGOKRU090FK7sfunL
MAP OF THE SOUL : 7,album,2020-02-21,spotify:album:6mJZTV8lCqnwftYZa94bXS
LOVE SHOT– The 5th Album Repackage,album,2018-12-13,spotify:album:3r5m8utqRZYJnpep7xxVyq
KILL THIS LOVE,single,2019-04-05,spotify:album:7viSsSKXrDa95CtUcuc1Iv
SQUARE ONE,single,2016-08-08,spotify:album:0AcFaK32ui9rF2ySEdXrv4
SQUARE TWO,single,2016-11-01,spotify:album:2s27rRgZswwbRJUQXSGTLf
SQUARE UP,single,2018-06-15,spotify:album:1HwIUaaEuRsxsIyssqtGLH
MADE,album,2016-12-13,spotify:album:1q8h2HdED1cmgJVo8lEBME
DESSERT,single,2020-07-22,spotify:album:5brSFD1knAOSM7j6083naD
SOLO,single,2018-11-12,spotify:album:7qAJpYeABXN9ZV5wOOX59k
MAMACITA - The 7th Album,album,2014-08-29,spotify:album:53i190Z2uGOLljuS3DCvz2
AOA 1st Album ANGEL'S KNOCK,album,2017-01-02,spotify:album:4AltTzzJMv0bER1rj3oUln
AOA 4th Mini Album Good Luck,single,2016-05-16,spotify:album:3D4EskjAYfo91G4BN7XcbB
BLACK DRESS,single,2018-02-22,spotify:album:3I3c4rkP6v5LtjMrgbD6d0
Devil,single,2019-09-06,spotify:album:1HpLXN8RRy1lHO3jckCTkN
Dua Lipa (Complete Edition),album,2018-10-19,spotify:album:0obMz8EHnr3dg6NCUK4xWp
Lion Heart - The 5th Album,album,2015-08-19,spotify:album:4eKdn0skJCidO2wqIJyCgB
Run Devil Run - The 2nd Album Repackage,album,2010-03-22,spotify:album:2b4JQKXl0gwf3bnAfhZwLA
LOVE & HATE,album,2013-11-26,spotify:album:26FsnZOVOJDjKeWUbXuDVG
Love poem,single,2019-11-18,spotify:album:2xEH7SRzJq7LgA0fCtTlxH
Love poem,single,2019-11-18,spotify:album:5JadtZ710Yj8RSLNbSvDqo
CLOSER,single,2015-10-08,spotify:album:08iyrLkLFP2ByBkqVhBls7
Gangnam Style (강남스타일),single,2012-01-01,spotify:album:0ZjxizLeMyFEjR27JIvD99
The Velvet - The 2nd Mini Album,album,2016-03-17,spotify:album:2qgl7dAgslqL1w2l2wQhMA
The Perfect Red Velvet - The 2nd Album Repackage,album,2018-01-29,spotify:album:0OkJThJls8FO1lutMzMDJ0
Perfect Velvet - The 2nd Album,album,2017-11-17,spotify:album:0rvrbZvaDX5S9ZBhwOwFfH
ALONE,album,2012-04-12,spotify:album:5PXVRXQIPAXH0j78MfeDrV
Some,single,2014-02-07,spotify:album:2r1oAmMSnUasXigJ2fTwk6
The Wonder Years - Trilogy,album,2008-09-22,spotify:album:61KwS8kiAywHkZ7gp4asTE
Why So Lonely,single,2016-07-05,spotify:album:3vCjRsRRGOLp8VCYPLXtDx
FANCY YOU,single,2019-04-22,spotify:album:2qoWlACJtoG0L5owi7Tj0I
"HWARANG, Pt. 2 (Music from the Original TV Series)",single,2016-12-20,spotify:album:0sL76PXbgRh97MTzadqEMa
ITAEWON CLASS (Original Television Soundtrack) Pt. 12,single,2020-03-13,spotify:album:1q3j12Y1sp2eqqffSnyA93
Love Yourself 結 'Answer',compilation,2018-08-24,spotify:album:2lATw9ZAVp7ILQcOKPCPqp
Love Yourself 轉 'Tear',album,2018-05-18,spotify:album:2jJfnAZE6IG3oYnUv2eCj4
You Never Walk Alone,album,2017-02-13,spotify:album:7LF4N7lvyDhrPBuCJ1rplJ
MAP OF THE SOUL : 7 ~ THE JOURNEY ~,album,2020-07-14,spotify:album:1nScVw87kRJiT2bg2Kswhp
As If It's Your Last,single,2017-06-22,spotify:album:6IzQb2kLydYNfzmKXvmndX
SUGA's Interlude,single,2019-12-06,spotify:album:0JfaSjTaej3QB27ofjnbQV
PLAY,single,2020-07-06,spotify:album:7tzaUrzvzQGfqvzsYzSODr
Gotta Go,single,2019-01-02,spotify:album:7BYCvUqCaeIo2jgOl9iAGr
reality in BLACK,album,2019-11-14,spotify:album:7CucpzwxAZ6kHmctI9eo4X
Mr. Simple - The 5th Album,album,2011-08-02,spotify:album:0eouyQPmljivHfUuG5nYBa
REPLAY - The 8th Repackage Album,album,2018-04-12,spotify:album:5uxH9so2Yrmi6nLClUZJkv
BE,album,2020-11-20,spotify:album:2qehskW9lYGWfYb0xPZkrS
IT'z Different,single,2019-02-12,spotify:album:0fUJLlrsG1MpTHr3MxPN9C
THE WAR - The 4th Album,album,2017-07-18,spotify:album:53pJcIJBdlm5rhVhjSnvHn
Joker is Alive,single,2015-04-15,spotify:album:4vxOwoqNxefHAdZLWVrbmL
Chicken Noodle Soup (feat. Becky G),single,2019-09-27,spotify:album:76IRLp7YzBVLKsat6Ro9ae
eight,single,2020-05-06,spotify:album:5vJNAlQeTf9lsulO1YlmSt
Blueberry Eyes (feat. SUGA of BTS),single,2020-09-15,spotify:album:2dEJHnsuxIij7YeBbt0sVm
PLAY - The 8th Album,album,2017-11-06,spotify:album:1F7DAPXJpLVKfyZFSFsrCw
"쏘리 쏘리 Sorry, Sorry - The 3rd Album",album,2009-03-11,spotify:album:3v5XUoZzxbmJbxs7vWTua3
Sour Candy (with BLACKPINK),single,2020-05-28,spotify:album:6y6lP1WRfqEhv8RLy4ufZB
Love Yourself 承 'Her',album,2017-09-18,spotify:album:2FTS6a6DLXMNp8flyA0HGO
The Most Beautiful Moment in Life Pt.2,album,2015-11-30,spotify:album:4frjaGAtuBmm8CPuYPY4oG
2 Cool 4 Skool,album,2013-06-12,spotify:album:26z5WolFltYgVMuuJ3c0Am
It'z Me,album,2020-03-09,spotify:album:2gertXS08whDTzBWfmewPO
LUPIN,single,2020-03-15,spotify:album:361AnnYEYLl0Z7zF7Xo0Dq
Amusement Park,single,2020-12-21,spotify:album:1azcqabc4kDgRNMWFA02wZ
The Most Beautiful Moment in Life: Young Forever,album,2016-05-02,spotify:album:7qvA0kf1dkmR1As2gOnBPn
SUNMI SPECIAL EDITION [Gashina],single,2017-08-22,spotify:album:3TSX6AxLdCP4E5o3F5jCdN
I Am The Best,single,2014-12-09,spotify:album:7zjLDZzHo2XgvYwpuNwEvK
Hello Bitches,single,2015-12-05,spotify:album:0CHOb7kkjkNRCpijTjPEiy
Take,single,2018-06-27,spotify:album:1NgwpxtZFd1x4DbC74V9bO
POP/STARS,single,2018-11-03,spotify:album:0UnBZ8laFgLUq5Ty5vbikQ
MAD,single,2015-09-29,spotify:album:3MPrK5Op0AZAql78coCQLA
I - The 1st Mini Album,single,2015-10-07,spotify:album:4e7kLQu7SKBUiMtV5WH3A1
Wings,album,2016-10-10,spotify:album:17FnTn4P3Bkyf6mbNQDhhy
Dream,single,2016-01-07,spotify:album:7ciJtZ2tYXhKsndQ7bf7Vw
Eyes Wide Open,album,2020-10-26,spotify:album:33jypnU7WULxPaVrjj4RXH
WINE,single,2017-04-27,spotify:album:26adxLsliyYcCfVTF6xA75
Love Story,single,2017-11-10,spotify:album:0H9qbHCWJRmKAhERqM5X9G
"Abyss (Original Television Soundtrack), Pt. 1",single,2019-05-14,spotify:album:0OLyahO2nuY0qQKoykd7Vy
Delight - The 2nd Mini Album,album,2020-05-25,spotify:album:75sPv82oaDKYjtuuS4l3Vc
I trust,single,2020-04-06,spotify:album:57sl8AvqVqm4Fadre0z8FQ
Heng:garæ,single,2020-06-22,spotify:album:3tWstxfjHMtqt2ZsRvhlYy
María,single,2020-06-29,spotify:album:5YYY7QCkq3pSw4Hoc1m0D3
Get You Alone,single,2021-01-20,spotify:album:5KjGzWecRtWSRJGGDgtlJ3
NCT RESONANCE Pt. 1 - The 2nd Album,album,2020-10-12,spotify:album:6kudlOyCqSQfsBVSdPZEu4
AH YEAH,album,2015-04-14,spotify:album:54r8xseUAz0c9ORidjAKmZ
RISE,album,2014-06-03,spotify:album:1Y9so4jq4t4taAHu0VdKX3
MADE,album,2016-12-13,spotify:album:2SPrl8C8pgSM5gXbAiyJHY
EXODUS - The 2nd Album,album,2015-03-30,spotify:album:0PepQsL30ADZO7gc4Tz7Af
Monster - The 1st Mini Album,single,2020-07-06,spotify:album:4DFheSBXhfewjz7SSe4Kyc
TRAVEL,single,2020-11-03,spotify:album:3xje7wSW2xwQx2GNJ5cfNu
BBIBBI,single,2018-10-10,spotify:album:4ghBzVOTFoeKPPmyNKjVtI
Return,album,2018-01-25,spotify:album:7th9VLudqM04TpG8hNE1pb
DUMDi DUMDi,single,2020-08-03,spotify:album:0NC6QFvAc9H9r5iov9QwjK
It's Raining,album,2004-10-08,spotify:album:3oZ0ClkVrQS6pqb2VCCbhZ
The 1st Album 'XOXO' (Repackage),album,2013-08-05,spotify:album:4qduCvpyBL5hGYdBvCvcDA
Trouble Maker,single,2011-12-01,spotify:album:130MEXfaPjOmSkE18F9rJm
I am,single,2018-05-02,spotify:album:1GtPnOiHxCnoZPCiLcKj22
1-1=0 (NOTHING WITHOUT YOU),album,2017-11-13,spotify:album:0fxMTiQG9ym37gYmIXgqG8
"SEVENTEEN 2ND ALBUM 'TEEN, AGE'",album,2017-11-06,spotify:album:5aHdNainJWMc3n2AqfiOg5
; [Semicolon],single,2020-10-19,spotify:album:1EMYSiKKTSKLZrOC2nTStL
DEVIL - SUPER JUNIOR SPECIAL ALBUM,album,2015-07-16,spotify:album:4YdR3Qy3eZXsLGIXaEAw8o
IN LIFE,album,2020-09-14,spotify:album:1fOJ6SHLXOLnsuuwiLyzft
THE FIRST STEP : TREASURE EFFECT,album,2021-01-11,spotify:album:5tQDFmW8QrZdTsICpLQBTL
I burn,single,2021-01-11,spotify:album:3ma5amx5s3l1NKoWNHaMYe
butterFLY,album,2019-07-02,spotify:album:7klpmNtYwM5Q0fCRIdC21I
DON’T MESS UP MY TEMPO – The 5th Album,album,2018-11-02,spotify:album:0aMI0Kctp6xwSnRFakNF3D
HANN (Alone),single,2018-08-14,spotify:album:4VLR1cDqRIeS86GYSJvlmZ
Positive,single,2018-04-02,spotify:album:1ZRmLzZWvOkSqWePzFeekO
White Wind,single,2019-03-14,spotify:album:60m09rutmwj5ewOJoFIAVY
I Don't Need You,single,2020-06-07,spotify:album:6W4mS8VsOi2WAkkMuh9SJ9
Slightly Tipsy (She is My Type♡ X SANDEUL),single,2020-07-20,spotify:album:2bal48tjyi26OAxY2KxwFL
I made,single,2019-02-26,spotify:album:479xGDGrqMXN8YLmJMEoTG
D-2,album,2020-05-22,spotify:album:0zhGddZ83RpCgnelKWa2qS
KWON JI YONG,single,2017-06-08,spotify:album:2koSNfchdUxqw1rPJO87aH
RBB - The 5th Mini Album,single,2018-11-30,spotify:album:7rNIvLwIpB2mwOzk20iqIl
Yellow Flower,single,2018-03-07,spotify:album:4G9qMxS9c4W5PPNdPrTaLn
Flourishing,single,2019-06-24,spotify:album:1lNM7RF1SVUs66OtLj4MQh
A Class,album,2011-07-18,spotify:album:6Ii2g2GfqTzkqtSCpsuA2X
TWIT,single,2019-02-13,spotify:album:6KL4s0Y6Ijcj0QP1Nm1EVF
The Hyena on the Keyboard Pt. 4,single,2018-04-21,spotify:album:2fMMk4DD96UcAmSczUQ0kq
RED MOON,single,2018-07-16,spotify:album:6GhELYbXRo1LOqRPOCsQrF
Full Moon,single,2017-11-07,spotify:album:2ejJVhXC1pgVgROMsetsUL
WE:TH,single,2020-10-12,spotify:album:1ASYbBYBwV6Rcfc2ycqmlK
I GOT A BOY - The 4th Album,album,2013-01-01,spotify:album:3uhihQCm9aSvdJmDXcVrvi
Solar International,album,2010-08-19,spotify:album:42BVvYE1FLO8mQH0ZJn4de
Querencia,album,2021-02-15,spotify:album:1p2OBhqq0d1N8awjHV9xA3
HUSH,album,2013-11-06,spotify:album:27FDExxvG3h3XCUcJVlVSY
City Lights - The 1st Mini Album,single,2019-07-10,spotify:album:6AeMj5CMeTXRGhmUuv0LH3
So Hot,single,2008-06-03,spotify:album:31FkCs7l3VVYbapFtIjfYe
Modern Times – Epilogue,album,2013-12-20,spotify:album:56MqewtCUq5bplrqEYTVL0
LOOK,single,2020-04-13,spotify:album:49NKBZDb92AQlMFypkZRTF
HELICOPTER,single,2020-09-02,spotify:album:1uwfxRAhW1hxclCVkzku8d
R,single,2021-03-12,spotify:album:5BQcoDfcZ8aBcikYX9B7Ob
Ice Cream Cake - The 1st Mini Album,single,2015-03-17,spotify:album:27cBQ5FDqv0xLgiJ7qNpZr
TAIL,single,2021-02-23,spotify:album:6N8gHTBafJrVn0tcn9AKqz
MINISKIRT,single,2014-01-16,spotify:album:6esB2DBt46m38ZycDPsn8D
KAI - The 1st Mini Album,single,2020-11-30,spotify:album:6xpxMAUhk8hiDTa5zT7F86
Girl's Day Love Second Album,album,2015-07-07,spotify:album:6bf0r561nSUanYZ9ej56Me
IU 5th Album 'LILAC',album,2021-03-25,spotify:album:01dPJcwyht77brL4JQiR8R
Bambi - The 3rd Mini Album,single,2021-03-30,spotify:album:5xOx4mWABbTj0qWyZC4q1p
Russian Roulette - The 3rd Mini Album,album,2016-09-07,spotify:album:6MNlcai3skKLKv5syzFwC3
Like Water - The 1st Mini Album,single,2021-04-05,spotify:album:1Ao5vWPO13f4l0ldwxOKL7
Be Natural - The 2nd Single,single,2014-10-13,spotify:album:4OeQ9nilS4Sy3efzt0hVFi
The Red - The 1st Album,album,2015-09-09,spotify:album:6YL9J0E6PGtYzkhyMxnmXd
Physical (feat. Hwa Sa),single,2020-01-28,spotify:album:6apIJi4hf7U6cBOFwIqq1b
Wow Thing,single,2018-09-28,spotify:album:3xEPyp7h78uULpDPuKvokH
24℃,single,2019-05-30,spotify:album:5u9CP1NknadV33hZepVEy5
Uh-Oh,single,2019-06-26,spotify:album:3PzrNuMGWGpp8WOfrmpkaU
EX'ACT,album,2016-06-09,spotify:album:5Cckx6G2aRR4aZBV6eIYdc
Dark & Wild,album,2014-08-20,spotify:album:7FxxU3EP37uMsZf8FilkDR
LOVE or TAKE,album,2021-03-15,spotify:album:5iu1d69dqEo9UaKpZDYoIV
CRY FOR ME,single,2020-12-18,spotify:album:2aRAPmBCEdo9pWimsI5l87
GUESS WHO,single,2021-04-30,spotify:album:1PKhKkeCqANY5E9RGcUWUX
Dingga,single,2020-10-20,spotify:album:4xzsBcZaK04c8IE5iVyMNK
Next Level,single,2021-05-17,spotify:album:2CzbrboOLzeRoaaH1N5K0N
Rain - SM STATION,single,2016-02-03,spotify:album:5MgY1E2inbDcthAQEzwz8L
GO LIVE,album,2020-06-17,spotify:album:7B3Rmyws1KcAxQfYPoInEZ
Butter,single,2021-05-21,spotify:album:2BDhPi2XCYujYxU6VM0QaD
Je T'aime,single,2021-05-26,spotify:album:1RzqZoXe1bf1f48PK20EeH
"Meow the secret boy 어서와 (Original Television Soundtrack), Pt.11",single,2020-04-23,spotify:album:0ZqZDky3PSbzKgHJzvSRuJ
Hello - Special Album,single,2021-05-31,spotify:album:37mRfTDwQzVbHihypYY8oE
[Dystopia : Road to Utopia],single,2021-01-26,spotify:album:6ECUAXThxlRHQ1JPUQJQJG
[12:00],album,2020-10-19,spotify:album:3obToaukLcPbCLPPmWFzQi
HUSH,single,2019-08-19,spotify:album:7cGql7l8oRpjGmeDspBMZ2
Last Melody,single,2021-05-25,spotify:album:4ZDUTnUO9CDFmwdCUCQ6dG
Naughty,single,2020-07-20,spotify:album:2lkUE2gkw5sX0fGzZZCs0N
Bittersweet (feat. LeeHi),single,2021-05-28,spotify:album:6qVk855QPCh57noNeeHMXQ
DON'T FIGHT THE FEELING - Special Album,single,2021-06-07,spotify:album:7Jw48lPmYuYftfQv5LmAzI
STALKER,single,2021-04-01,spotify:album:4fzdBEYv8M4d0p6QcDSgn3
"Guardian (Original Television Soundtrack), Pt. 1",single,2016-12-03,spotify:album:6Pr1DaOWfT6hEewhZMRyqg
Heng:garæ,single,2020-06-22,spotify:album:3q6lN3kfsDgGaQUC7kVASH
[&],single,2021-06-28,spotify:album:747FhjbZXy5H8frCZ90eDv
Jelly,single,2017-11-05,spotify:album:7iTA4T8A4tDU77Dt6y3f9m
Idle song,single,2018-02-28,spotify:album:6RasD9dt49odO6D3VkhD1z
VINCENZO (Original Television Soundtrack) Pt. 3,single,2021-03-14,spotify:album:47ulDGfVUWUcUSWRQCzxr3
SPIT IT OUT,single,2020-04-23,spotify:album:1pLSlOXtHKPoSoB6ovnIAK
Invitation,single,2012-10-16,spotify:album:61scVtZ044GUBV4rIvOcPQ
Windy,single,2021-07-05,spotify:album:1lv92CIVZbB2BsHmIx7qJf
Hello Future - The 1st Album Repackage,album,2021-06-28,spotify:album:1fRqXYwoLDxG3EwP70qnjM
Kick Back - The 3rd Mini Album,single,2021-03-10,spotify:album:5BxZKzmJTisFVvDG14HJum
Take Over The Moon - The 2nd Mini Album,single,2019-10-29,spotify:album:4ha80ucjDvhmQPLT77yyob
MORE & MORE,album,2020-06-01,spotify:album:5KsduuDNWzt65TaHzmtciv
Rookie - The 4th Mini Album,single,2017-02-01,spotify:album:5Bg49LEfyoZzKpQsEwRCtI
[Summer Holiday],single,2021-07-30,spotify:album:1JOpx5eL6Rb3vRC9epERQD
4 Walls - The 4th Album,album,2015-10-27,spotify:album:6yJdchE7ARS996BxRgplFH
Pink Tape - The 2nd Album,album,2013-07-29,spotify:album:62tuEHFtjk3L6Xjdkzyt4z
Hot Sauce - The 1st Album,album,2021-05-10,spotify:album:1miTgxRTUje9Jqml1aOSUi
Redd,single,2021-04-13,spotify:album:32pXXle0zoKIFG03iefH2c
NUNA,single,2020-07-30,spotify:album:6XBIkDFhDgc3PQOUEcO2fd
A Page,single,2021-05-13,spotify:album:7jmRVFWYCVgx2OEC1ZQJH8
SELFISH,single,2018-05-23,spotify:album:0HtGtnnnFeWmtvgNFg0dr1
We Boom - The 3rd Mini Album,single,2019-07-26,spotify:album:31ln9LpD1WyhFlOvDp9YJc
Paint Me Naked - SM STATION,single,2021-08-10,spotify:album:4oj5R0SVazc5Eq3WnIC0e6
Our Beloved BoA #4 - SM STATION,single,2020-08-21,spotify:album:0MYodAzFX64jToQpE5jWNW
Rookie - The 4th Mini Album,single,2017-02-01,spotify:album:01n9lwCLSigXsuY0AdFS9O
The 1st Single '행복(Happiness)',single,2014-08-01,spotify:album:6uhzbGOu7nsKxQthjMKz2N
Low Low,single,2021-08-17,spotify:album:58Y92GzXpCV5D6WRNqzOYN
The Chaos Chapter: FREEZE,album,2021-05-31,spotify:album:5Zdr9vactwnJH4Vpe9Mid9
ONLY,single,2021-08-27,spotify:album:0uYGAR5pW8P76uOlrOYIMZ
Summer Nights,album,2018-07-09,spotify:album:2GKTroaa4ysyhEdvzpvUoM
NOEASY,album,2021-08-23,spotify:album:2CJBaCutKdBiFrWmdzioPS
NEXT EPISODE,single,2021-07-26,spotify:album:0Pt0eGpyNO5dDN8PORypSy
New Chapter #1: The Chance of Love - The 8th Album,album,2018-03-28,spotify:album:0ipyHYAE0cMf4aDJNIDIU1
"ONE SHOT, TWO SHOT - The 1st Mini Album",album,2018-02-20,spotify:album:04gRvDvXy6ctlFxI3G7Wd5
MOVE - The 2nd Album,album,2017-10-16,spotify:album:2Ka8QpE2XUUjL4vOQihkJH
No.5,album,2015-06-15,spotify:album:7il4UShdCQt4HcsAng0Om2
Super One -The 1st Album,album,2020-09-25,spotify:album:10fdwvVIpa0raPkZUTILAt
Sticker - The 3rd Album,album,2021-09-17,spotify:album:6nYbIKGcTmKM5BAlJPPcad
CRAZY IN LOVE,album,2021-09-24,spotify:album:5W75ifcHJzBAfHezBMfhPI
SEVENTEEN 8th Mini Album 'Your Choice',single,2021-06-18,spotify:album:79VvXTQNeLr8KmvcdxN0Pc
Love Rain,single,2018-06-29,spotify:album:40fAbWLsPvL0nUuiDCwxHu
COUP D'ETAT,album,2013-09-05,spotify:album:4msI9bSfKohOPFic15aLR4
THE FIFTH SEASON,album,2019-05-08,spotify:album:7nRRZFQgQKQsXG7mQIuQPA
Rollin',single,2017-03-07,spotify:album:4GQIMQs8dxEjI3el1HCGzq
Savage - The 1st Mini Album,single,2021-10-05,spotify:album:3vyyDkvYWC36DwgZCYd3Wu
"HELLO Chapter 3: Hello, Strange Time",single,2020-10-27,spotify:album:6w3QkgYGtf6LfiWb5iCYc1
To Anyone,album,2010-09-09,spotify:album:2SNSGfhfcfBLyQDTXMCPXG
NCT #127 Neo Zone - The 2nd Album,album,2020-03-06,spotify:album:5YOvg682zFOleCiSndLnZr
The Chaos Chapter: FIGHT OR ESCAPE,album,2021-08-17,spotify:album:2CjIfWoFITACUOlWGB7os5
MIROTIC - The 4th Album,album,2008-09-19,spotify:album:51Wmrzs9O87YlKp2vqDwln
1st Album [Dystopia : The Tree of Language],album,2020-02-18,spotify:album:7no7EZnKgoRWBbGMjZo9gB
ALIVE,single,2012-02-29,spotify:album:5rI92smOlSS5d1Hq05BY7M
Love Synonym #2 : Right for Us,album,2021-02-26,spotify:album:3lcR6erLOtS2klUZ5sH4Mf
STEREOTYPE,single,2021-09-06,spotify:album:7HGjNJBj1NQGNwCzFD2LHj
CRYSTYLE,single,2017-01-17,spotify:album:74VP5VvY2CISEqfEkH9Wuc
Just right,single,2015-07-13,spotify:album:4159syQKTGC1JSJN4xBScv
XOXO,album,2021-10-29,spotify:album:63pvOn2B5pUUcUKUwIEg9m
BINARY CODE,single,2021-05-11,spotify:album:3MSvgJYx3omhNpSaQUqnu5
"HELLO Chapter 1: Hello, Stranger",single,2019-07-23,spotify:album:73Jw9dKwFV1kF62JFUls3V
Bad Boy,single,2020-09-23,spotify:album:4IRuxkSbw7iZZmnr6Rly2Q
4U : OUTSIDE,single,2021-08-30,spotify:album:6aS3GtElkkgThSwtC9usiA
ONLY LOVERS LEFT,single,2021-10-05,spotify:album:1u9nYBB0Qw5jyjkexe9Xk6
Reload,single,2020-04-29,spotify:album:1V5ilz8ghPl1PZJA1hbw3r
Formula of Love: O+T=<3,album,2021-11-12,spotify:album:5052Ip89wdW8EGdpjEpNeq
"SG (with Ozuna, Megan Thee Stallion & LISA of BLACKPINK)",single,2021-10-22,spotify:album:2TGtXG18s21Q1jnY2TC39M
"Moonlovers - Scarlet Heart Ryeo (Original Television Soundtrack), Pt. 2",single,2016-08-29,spotify:album:68xTLBWjoRADRf86WYmTmy
Guilty Pleasure,single,2021-11-24,spotify:album:7jke1vYOze3jdyTiWhtFnz
ZERO : FEVER Part.3,single,2021-09-13,spotify:album:5ozaWoYQScjFzGODcJmy3G
TREASURE EPILOGUE : Action To Answer,single,2020-01-06,spotify:album:3TTkDOcSzRQCvGMT7VmmPE
Killing Me,single,2021-11-29,spotify:album:21jf5kUkK5nHYTuZ5GRZVW
Christmas EveL,single,2021-11-29,spotify:album:6bW2FgR93NYexY1fuHtUyi
Return of The Girl,single,2021-12-01,spotify:album:28p4jKCNlbLUXaZ24iYLuD
One-reeler / Act IV,single,2020-12-07,spotify:album:3gfl9D7cMW3K87YiMbqsWK
Universe (Let's Play Ball),single,2021-12-10,spotify:album:31BJasH9nLradtMdJEIDXk
Palette,album,2017-04-21,spotify:album:5V8n6fqyAPxvFTibPhQVcp
Holiday Night - The 6th Album,album,2017-08-04,spotify:album:5MQM8Jw1FvT21Dny8cOXjF
Mr. Mr. - The 4th Mini Album,single,2014-02-24,spotify:album:1WyHAY8OWdfCFWTF0Ufwjj
Act. 7,single,2016-02-01,spotify:album:2QGDdrZDuxK7VBmcJZxi1B
SAILING,album,2019-09-25,spotify:album:7C0Ci0alKWwwXPIFYEdVcn
Jirisan (Original Television Soundtrack) Pt. 4,single,2021-11-07,spotify:album:2FUiBNFWz47sBPEf3Dcma4
MAKE U DANCE,single,2021-11-05,spotify:album:1UoyICgBwsGpylrHLj5zep
NCT RESONANCE Pt. 2 - The 2nd Album,album,2020-11-23,spotify:album:5Dq6jkYO5H7KzxXSazhLxs
When It Snows mmm (feat. Wheein),single,2020-12-23,spotify:album:5z8FBqt7BCXR6MB5fzy7L3
REAL,single,2010-12-09,spotify:album:4WY1pPvmP9sBlVICuPxBQh
Sound G.,album,2009-07-21,spotify:album:2CEzjLWQOcGxkorwL99n6p
24/34,single,2015-04-12,spotify:album:7cPUxsJL1nMh87bld2LyTo
CHAT-SHIRE,single,2015-10-23,spotify:album:3rMvAe0zU0pJRnRa7Rfc1U
MYST3RY,single,2016-02-24,spotify:album:2kOn7OTf9UGL0fyxy8yT7n
When We Disco,single,2020-08-12,spotify:album:1PllJjUqafNlQ23eBqs511
FEVER,single,2019-12-01,spotify:album:3pQEo2pmo1vKTkWbSbldBB
Advice - The 3rd Mini Album,single,2021-05-18,spotify:album:0kNUDDHwjpemplDqSZ72Ct
Don't Call Me - The 7th Album,album,2021-02-22,spotify:album:6bfcHf3khPey88qjiiw8V3
We play,single,2021-03-17,spotify:album:4kU6DFVgZKoDYQPZk1OZp9
Favorite - The 3rd Album Repackage,album,2021-10-25,spotify:album:5LbnQtyHBfJUCigA08llHX
2021 Winter SMTOWN : SMCU EXPRESS,album,2021-12-27,spotify:album:3dn2in6doTc6zfA0G2UFDZ
The Renaissance - The 10th Album,album,2021-03-16,spotify:album:3qyzxavqOfixEPDfFCEMlH
BETTER - The 10th Album,album,2020-12-01,spotify:album:3YXfuI3E6OxcrtXnjAgNkM
Traffic light,single,2021-05-14,spotify:album:4lHGpxL8peLQSZRgl1Lssm
FIRST IMPACT,single,2022-01-03,spotify:album:7pHyAucSgWoDNlFHfhQfVN
Star To A Young Culture,single,2020-11-12,spotify:album:4PrRd0lIunUEiiE5rbZklR
DISHARMONY : FIND OUT,single,2022-01-03,spotify:album:13kHQp4zyK5jBpsFZmTvHz
Street Dance Girls Fighter(SGF) Special,single,2022-01-04,spotify:album:4azL8fNPVZ8tmKqPyK1583
No.1,single,2019-01-30,spotify:album:6xSUUpa9LBZYwJFMJOr8M6
Devil - The 2nd Mini Album,single,2022-01-13,spotify:album:6bG2rY8NzT7dIzUNADDNCR
1+1=1,single,2021-09-09,spotify:album:3LmraKOB9oNrXrifwrYePf
WHEE,single,2022-01-16,spotify:album:4BLxIwHfv87WeOQ9A4sm9E
Can't Control Myself,single,2022-01-17,spotify:album:2Xgk5KfKKed3D1a5B3gJJ9
6equence,single,2022-01-19,spotify:album:0SXzCRUFSNGBG1S1lqvzb1
Midnight Guest,single,2022-01-17,spotify:album:2WT1URsANJa9zhPsqzspMR
[REC.],single,2022-01-18,spotify:album:6ofVW04Q32gN1Hxk50S9Fi
Last Fantasy,album,2011-11-29,spotify:album:149BHv6qAyMgJ483vPi77C
공감 (Empathy) - The 1st Mini Album,single,2021-07-26,spotify:album:4dqWy2Soq1Z1rqgKfXOATk
Wrap Me In Plastic,single,2021-02-05,spotify:album:58VYPx8GBYTf3Sz2RyPApB
1/6,single,2021-08-06,spotify:album:3UJlc2nl7tik1gD23DOBVX
IN:VITE U,single,2022-01-24,spotify:album:5vxZM8rFJiNvjtAThYnwek
Hong Gil Dong OST,compilation,2008-01-23,spotify:album:5Efud8Wmo7vBQjSJI1WcJ7
Child - SM STATION : NCT LAB,single,2022-02-04,spotify:album:4XGMXl3AMjb11YIKdeujj1
School Rapper FINAL,compilation,2017-04-01,spotify:album:1HlNyrcRkCbpi87jz6rY7y
악몽,single,2017-01-13,spotify:album:2BIlGYqHZqWuI6GqwXd22t
Hotel del Luna (Original Television Soundtrack) Pt.3,single,2019-07-21,spotify:album:34sSlou2VL7SJklr4JlD1e
INVU - The 3rd Album,album,2022-02-14,spotify:album:7i2YLTVQ0dyngRuUqtGmr9
What Do I Call You - The 4th Mini Album,single,2020-12-15,spotify:album:70XJeDlFe1LmZo1lyFKyq3
Not Shy,single,2020-08-17,spotify:album:5NN55LKbjzX16a7Uf8u7Os
Weekend,single,2021-07-06,spotify:album:4tJsXd2onpa4P9lFmkJIKy
4 ONLY,album,2021-09-09,spotify:album:1DKgZeAYrjslAPZVMe6EFt
My Voice - The 1st Album,album,2017-02-28,spotify:album:6DlCl3hBP1Gwhn0tgitGfN
Modern Times,album,2013-10-08,spotify:album:2QcuXvQBWv1ZKyQtEhLbFe
Hello,single,2014-06-18,spotify:album:3Z9cZon6ukg4rvGYu7i4NA
Piano Man,single,2014-11-21,spotify:album:1kdURRaOTpDCQqsVIU5CiT
Pink Funky,single,2015-06-19,spotify:album:5Fy5PyBWqMNK7xvXO9Q32f
Purple,single,2017-06-22,spotify:album:7lqVInQc3l7SbnbZa2cpFJ
BLUE;S,single,2018-11-29,spotify:album:59QELOU685J1AMB2paryAx
回:Walpurgis Night,album,2020-11-09,spotify:album:6keRNtq7CnhNrD2EIKOA6h
Breakthrough,single,2019-06-12,spotify:album:7LWfEiSeue9BXPbUOH34q6
SKZ2020,album,2020-03-18,spotify:album:6QIWJVJPPgAA5c4aIb1zCA
Clé 1 : MIROH,album,2019-03-25,spotify:album:3s6RbqkTprnGwKpoUSYL00
Why - The 2nd Mini Album,album,2016-06-28,spotify:album:1ukBQWhQwWKqTGgs0YzRzU
Happy,single,2020-05-04,spotify:album:1nPB6o7EjGvUORXlnioEPk
Purpose - The 2nd Album,album,2019-10-28,spotify:album:0h6wCpdgpSOAbYDDYJVuwr
Four Seasons,single,2019-03-24,spotify:album:3ublKZHu1qjU9ujf9A4zhH
AD MARE,single,2022-02-22,spotify:album:3AUtpZi3kqsEYDyQ0CCNiH
Pity Party,single,2022-02-03,spotify:album:2yMHiLYBnrMsdUCUL3bFkU
SEOULITE,single,2016-03-09,spotify:album:2c41Flo2HQgy0A9P3xuSFf
SEOULITE,single,2016-04-20,spotify:album:3cGyWEJaQlj7kCdKBCOGeb
"1,2,3,4",single,2012-10-29,spotify:album:6yYc7Ag6nVB3HVXzLjF9uz
For You,single,2020-12-16,spotify:album:6hiwkmlOoNm8F3UkAZJcEz
Hotel del Luna (Original Television Soundtrack) Pt.12,single,2019-08-18,spotify:album:6iNbnT79OJu9C5j5ZZLQvZ
Sharp Objects,single,2022-02-24,spotify:album:7yZX89kEDYjKZSrFb7kuSV
I'M LOVIN' AMY,album,2022-03-07,spotify:album:3AL0qHWE5sF8SYY273nFXX
Melting,album,2016-02-26,spotify:album:11hjJntrvmauDoga4Krr0U
GANADARA,single,2022-03-11,spotify:album:4cwyl5ynvYVojZRbZ3dSFH
THE BADDEST,single,2020-08-27,spotify:album:7C8nskYbHG7N0LDrNVvt7x
Christmas EveL,single,2021-11-29,spotify:album:1qVuQI0WRn2Mczbdxx54Ih
GO LIVE,album,2020-06-17,spotify:album:6DWLIzvmiLPAuDWYZqrLQo
IN LIFE,album,2020-09-14,spotify:album:0aERWcI2KYSCM4biUihB9X
I NEVER DIE,album,2022-03-14,spotify:album:1T2W9vDajFreUuycPDjUXk
HOLO,single,2020-07-23,spotify:album:5xq9sm0jGMMDu5LifpBBo1
Crazy,single,2015-02-09,spotify:album:5ooERKclQluBVu00PIH9Xm
容 : FACE,single,2022-03-16,spotify:album:6eSFX12WIqUtmGsD8UO3FT
ODDINARY,album,2022-03-18,spotify:album:0Gmf4pfe0POEQq2FgGAj2q
GOOD GIRL Episode 3,single,2020-06-19,spotify:album:2iY5eEAH23aCB9JGCNZO5k
Written In The Stars,single,2018-10-11,spotify:album:08z3DsL7P6RpBR3FgNMSvN
#Cookie Jar,single,2018-07-04,spotify:album:4W6K0DP1YlZ48JlvdKCkZh
‘The ReVe Festival 2022 - Feel My Rhythm’,single,2022-03-21,spotify:album:3HgoCO9wWuPcNhz8Ip4C46
the collective soul and unconscious: chapter one,single,2022-02-23,spotify:album:4ophrgcnwWi1I5nWYImyhw
Voltage,single,2022-03-23,spotify:album:3MXVqfk9VG3B757nLlow0D
MONOCHROME,album,2013-05-21,spotify:album:7Bhg7EOxBASEzLV3U6DnjK
Electric Shock - The 2nd Mini Album,single,2012-06-10,spotify:album:7LVMjDwcyhVhDTHddKPjIs
The End of Nightmare,single,2019-02-13,spotify:album:02YL02Pjk6moxi5iuYsIPC
"K.A.R.D Project Vol.1 ""Oh NaNa""",single,2016-12-13,spotify:album:2HpryOOYLbnST4aCT5v4lF
KARD 1st Digital Single ‘Bomb Bomb’,single,2019-03-27,spotify:album:61X9zu44fHnOjjqIYu05Rc
‘The ReVe Festival’ Day 1,single,2019-06-19,spotify:album:2nLEiP268mSFZHW5dajM4R
Wings,single,2021-02-24,spotify:album:4knaQg3CtzHlA2m99NS7xW
Cherry Wish,single,2022-03-02,spotify:album:1vcO0a7uQpoIoEjJ5lJ4Hf
Glitch Mode - The 2nd Album,album,2022-03-28,spotify:album:4cAcTMGFjTBufC7Eu0FizU
memeM,single,2022-03-29,spotify:album:4nhtnBY8owIQnOsnGQGqW9
B:COMPLETE,album,2019-05-22,spotify:album:5cxJNT3zQw9kvJ0wpwWY7V
ALL OUT,single,2020-11-06,spotify:album:26IdRjba8f8DNa7c0FwfQb
Bloom,album,2022-04-06,spotify:album:4ualu7nMAcmoAqp47YaA95
Still Life,single,2022-04-05,spotify:album:2oCAY48bhZvQte0l7apmYC
Grey Suit - The 2nd Mini Album,single,2022-04-04,spotify:album:7tZyxlG9PNEBwrxMbIJdoB
[#],single,2020-02-05,spotify:album:3OOqAsk58Xv8DHu1gRGtaC
RED,single,2019-08-13,spotify:album:5CrMZwZuJcDpzFmMO35vxN
Press It - The 1st Album,album,2016-02-23,spotify:album:3BPjJEl3GqXKDhYZf7iFfs
NCT #127 - The 1st Mini Album,album,2016-07-10,spotify:album:7xmqXxPAmkgn5HK9FcyBxR
Jelly box Flower Way SEJEONG,single,2016-11-23,spotify:album:32dL7nyPowMbiu8QFrAkIM
Show Me,single,2019-03-20,spotify:album:2olU5yGGjXxgOt9GrFEtLo
[Apocalypse : Save us],album,2022-04-12,spotify:album:1ONjVRtxAqiTivu0EiEBm5
INSANE LOVE,album,2016-06-21,spotify:album:4Yz1WY6PlJepdbnl4m72b8
'Twinkle' Mini Album,album,2012-04-30,spotify:album:0kRgg9fqMgIrzzzYNJrYuT
Love Theory - SM STATION,single,2022-04-14,spotify:album:2i27IzG4jFQjX7pS5L6TIu
Darl+ing,single,2022-04-15,spotify:album:0Dl7e3uv3UrVDdZ6saplzH
Love&Letter repackage album,album,2016-07-04,spotify:album:7mP7AFehQDonPKEQiXvpvB
Give It To Me,album,2013-06-11,spotify:album:1nErNFyYvHnuCYvfwrMyoz
TOUCH N MOVE,single,2014-07-21,spotify:album:0SeSM1CAqu7QUkive4jCKl
DICE - The 2nd Mini Album,single,2022-04-11,spotify:album:6tjdh7YCcSKD51C2kQTW9n
Oh Sorry Ya,single,2022-03-08,spotify:album:4LKKDcLPX4aZXGfnlpFPi7
pporappippam 보라빛 밤,single,2020-06-29,spotify:album:5IKVYCIhY5SyMhj1cYovz3
reminiscence,single,2020-02-03,spotify:album:0zH0C0fkzAjhSnGKLOuxwX
-77.82x-78.29,single,2020-09-21,spotify:album:4kMID9cggWEko9mOb1zisI
UNNATURAL,single,2021-03-31,spotify:album:0uD1Chx5ZsnZM4kS8yK0S8
GLASSY,single,2021-10-07,spotify:album:2WCMmZ8vXBnkVp97PzLeoA
THE SECOND STEP : CHAPTER ONE,single,2022-02-15,spotify:album:17l09k7ZDb4GYwmsIVGcRZ
FLIGHT LOG : TURBULENCE,album,2016-09-27,spotify:album:4m7ocqdUZh1ohn3nxurMf0
The 1st Mini Album 'Beam Of Prism',single,2022-02-09,spotify:album:1SO45pKRdNI74Rdx7Hynh2
Fairyforest : Temptation,single,2021-10-07,spotify:album:3999VmQrZOafu4NjYkc0rj
KINGDOM <FINAL : WHO IS THE KING?>,single,2021-05-28,spotify:album:3n1NaviPQXfiVQ0TarnAf4
Lovers In The Night,single,2021-03-18,spotify:album:5qewqwnafgBx455s6LNcWv
Can't Stop This Party,single,2022-03-22,spotify:album:6nG0PLR5YgP7tHYKfwhiOI
Red Light - The 3rd Album,album,2014-07-11,spotify:album:6T9SFwLGHVU75jRAjUJn3W
SNOWFLAKE,album,2016-01-25,spotify:album:0COnSwFb5qOhABUyWNw6Kp
GFRIEND The 1st Album 'LOL',album,2016-07-11,spotify:album:0PlSM2Hml1cFANnzYu6RCg
NEW KIDS REPACKAGE : THE NEW KIDS,album,2019-01-07,spotify:album:6RZYa7F18bu7mmeT8qxWqh
BLOOD MOON,single,2021-11-09,spotify:album:13dNmnWQVodErqAhuOzYTD
HIDE & SEEK,single,2021-09-08,spotify:album:1Oh6STLhW6dxRAkvOUBHl8
the Billage of perception : chapter one,single,2021-11-10,spotify:album:1kp4txZsSpDNR4EoDFi2LD
Call My Name,single,2019-11-04,spotify:album:76B3bEVEuCnZTkwhOXdjmg
Cherry Rush,single,2021-01-20,spotify:album:0W9GrOL1veUcQdbPvgjj9i
Peaches - The 2nd Mini Album,single,2021-11-30,spotify:album:1meyTrwRpRw7RnD8aoFfj0
First Love,album,2013-03-28,spotify:album:74thqvuyVQfosFffvKx2uo
Raid of Dream,single,2019-09-18,spotify:album:4Y5YucmQPgaCJOkmRshYGs
2 O' CLOCK,single,2022-02-01,spotify:album:2VAiqG6FNssKi5vOda6kil
WE,album,2019-05-15,spotify:album:6Epnn9sgvvUrHdEf7JKjQb
The Beauty Inside Pt. 6 (Original Television Soundtrack),single,2018-11-06,spotify:album:6w3jg4xGMI5LLr5DEL3zWY
CHECK-IN,single,2021-05-12,spotify:album:1ByTvinHUbdfpRMqxzGCUr
PSY 9th,album,2022-04-29,spotify:album:0v4swbfO7N9WyJkUo465C4
FACE ME,single,2020-01-07,spotify:album:4i3Q8eTqefwISi3WltwzAW
My Voice - The 1st Album (Deluxe Edition),album,2017-04-05,spotify:album:7MG0bxf0ZFsAyej9W3XzTO
Wonderland (From “American Song Contest”),single,2022-03-21,spotify:album:1KxiHSk6DOOL1C24ijw9m0
Always,single,2022-02-21,spotify:album:0kwAgLzLnzQxaKcdubyaMh
Worldwide,album,2015-11-05,spotify:album:5vESroqrGYDxDPAwUceQxf
TREASURE EP.1: All to Zero,single,2018-10-24,spotify:album:4ayTucmOGwLd0WrJddrUwx
Make you happy,single,2020-06-30,spotify:album:1wIIu2i7A56TlMD99CVNQD
Second,single,2021-08-09,spotify:album:0Nck83Sjn5RfHsITpO8GuZ
DEEP - The 1st Mini Album,single,2022-05-16,spotify:album:2qa6E3bEJ5OqwVgbfWOeF4
Badster,single,2019-07-20,spotify:album:4GA4vqEeOzVM8ib6HHy6Ij
Twenty-Five Twenty-One OST,compilation,2022-04-03,spotify:album:77NPr874WU941XZhjO43dR
"Our Blues, Pt. 10 (Original Television Soundtrack)",single,2022-05-22,spotify:album:0mP330aRyX4P4ZjarRKnXO
GOT7,single,2022-05-23,spotify:album:3vIVsuFU7ZKCwKB2Yri8lM
Beatbox - The 2nd Album Repackage,album,2022-05-30,spotify:album:4sM1qNxjzxOvoH6jeFHx3W
TREASURE EP.FIN: All To Action,album,2019-10-08,spotify:album:4HGhzqQEY1X6WWZw6MhjlO
Drive to the Starry Road,album,2022-05-16,spotify:album:5yFMVUSwNR0qAtEW78nDj0
ˣ‿ˣ (SMiLEY),single,2022-01-17,spotify:album:7qldKtsOWklzmwgll5NjCw
<Queendom2> FINAL,single,2022-05-27,spotify:album:5ZorEUDqewnEygf4FAOjhm
SEVENTEEN 4th Mini Album ‘Al1’,single,2017-05-22,spotify:album:2BNimvLLlD89e4Sb7ZVX6I
Trouble? TRAVEL!,single,2022-06-01,spotify:album:07FQYMZJFk9t3jpZ8fDQAA
When Night Is Falling,single,2021-07-07,spotify:album:3nOIsILeko2meMblKEGYZw
Sweet (A Business Proposal OST Part.1),single,2022-02-28,spotify:album:2bB29MkoBHc7vm2fr2EdiZ
"HOSPITAL PLAYLIST Season2 (Original Television Soundtrack), Pt. 1",single,2021-06-18,spotify:album:2pJhtrlZZvxFi818EMvKAY
When it snows(Feat.Heize),single,2021-12-03,spotify:album:1d2YKQ02RQA97EyrB55ZcK
Every night,single,2012-10-02,spotify:album:0opK7fhDf6UWIVb4AKEeRo
HORN,album,2022-02-14,spotify:album:6GeYzOIumBxJ4iF41J3KXM
Perfect World,album,2021-07-28,spotify:album:17rk8h2IU4wwSFXw9j2uR6
LIMITED EDITION ‘1TAN’,single,2022-03-10,spotify:album:6037tvwFU3cqeiglPyBoMG
DOUBLAST,single,2022-06-20,spotify:album:0yMosWzriw3613d26x7MQK
REBORN,single,2022-06-15,spotify:album:6kp9dsLnll5WEiBlBUwBME
WAW,single,2021-06-02,spotify:album:0gt7dy4ONFo6uc8D5w2WNi
KARD 5th Mini Album 'Re:',single,2022-06-22,spotify:album:7pXpC584OFCNWOFmmufGjl
IM NAYEON,album,2022-06-24,spotify:album:0wqjfojWuTcbEvwaizvTMw
SEVENTEEN 1st Mini Album ’17 CARAT’,single,2015-05-29,spotify:album:0H2K2JrzdvJcxBEPyxC2sl
GUESS WHO,single,2021-04-30,spotify:album:4lS8nhX8cplsYPzKjvhw6G
MOTH,single,2022-05-13,spotify:album:7JdpeV87hczflCV8GXF3yV
Summer Special [Flip That],single,2022-06-20,spotify:album:7odJeHxR62PWP4Cms4GpwB
Heart Burn,single,2022-06-29,spotify:album:0ahb3lp7jXxKUx3beS7AVu
Tippy Toes,single,2022-03-18,spotify:album:6P9erpHs7hgJlca7Tj3F0w
さよならひとり,single,2016-07-27,spotify:album:0VOMzswFy3fFsOb1tYs1Wd
MORE,single,2022-07-01,spotify:album:5Sk4Inca1WZhP7VLuD7DOi
Clé 2 : Yellow Wood,album,2019-06-19,spotify:album:7a3luOh8mK0q8YsRkNUjrU
MANIFESTO : DAY 1,single,2022-07-04,spotify:album:5J8MNLLViH5zqM6VoGErz8
Sequence,single,2022-07-05,spotify:album:2Cv3xionHF2O7QL8p6MbCT
Girls - The 2nd Mini Album,album,2022-07-08,spotify:album:4w1dbvUy1crv0knXQvcSeY
Life's Too Short,single,2022-06-24,spotify:album:11lLYKMkFheiV7ObD7WCnx
SEVENTEEN 9th Mini Album 'Attacca',album,2021-10-22,spotify:album:2PIReru2w5i4JXOzeZnamd
"Bare&Rare, Pt. 1",album,2022-07-11,spotify:album:0fgLDYoqdQw5bhzPFWvclR
The Boys,album,2011-01-01,spotify:album:3RlHApvIdfDGHXNHgzMlCw
CHECKMATE,album,2022-07-15,spotify:album:64EGnoCD5NuC41OqQ3E7UK
MEMORY,single,2016-11-07,spotify:album:3Q34hV5fBbMpRpADmlptr7
Odd - The 4th Album,album,2015-05-18,spotify:album:47zSQLQWjPLmiEbCpOOEJa
Heart Attack,single,2015-06-22,spotify:album:1VTC6SmzvyPnWsEuQ0clrb
COUP D'ETAT,compilation,2013-11-05,spotify:album:7K8twkW7PyQJKbLVREH3PW
Feel Special,album,2019-09-23,spotify:album:5MmndGNrJgTLd5W7HNmVST
NCT #127 CHERRY BOMB– The 3rd Mini Album,album,2017-06-14,spotify:album:7H5FkCA6cTDBX3wtvIbN8s
Universe - The 3rd Album,album,2021-12-14,spotify:album:7woFc7Z4JMbLFjvlIoCCQB
HARMONY : ZERO IN,single,2022-07-20,spotify:album:73CTPjApMDvFsycjbbROji
WE NEED LOVE,single,2022-07-19,spotify:album:04EniWu488MF6louRYafKJ
Geekyland,single,2022-07-25,spotify:album:7EDCoH5wfSGYdZ7wXCmTF4
Youngblood (Deluxe),album,2018-06-15,spotify:album:2D0Hi3Jj6RFnpWDcSa0Otu
Head In The Clouds II,album,2019-10-11,spotify:album:7bOpX6Ilc9UCFmH9uGyUDy
19,album,2008-01-28,spotify:album:1ydnyXPdmHrWXqXDgtQCPf
21,album,2011-01-19,spotify:album:1azUkThwd2HfUDdeNeT147
Skyfall,single,2012-10-04,spotify:album:6TwN6Lq9glwnG8kNp6chHY
Low Key (feat. Tyga),single,2019-01-31,spotify:album:5Wba3IvT61Jz2kZDVKbrxH
Back To Black (Deluxe Edition),album,2006,spotify:album:0E4xv5gPjykrwBgBZzI8XG
Back To Black,album,2006-10-27,spotify:album:097eYvf9NKjFnv4xA9s2oV
"thank u, next",album,2019-02-08,spotify:album:2fYhqwDWXjbpjaIJPEfKFw
Yours Truly,album,2013-01-01,spotify:album:5xSvNPstcxHtR4ap2vvN8A
boyfriend,single,2019-08-02,spotify:album:3zVB99XMdbP9HTVNg0GJwV
My Everything (Deluxe),album,2014-08-25,spotify:album:6EVYTRG1drKdO8OnIQBeEj
Sweetener,album,2018-08-17,spotify:album:3tx8gQqWbGwqIGZHqDNrGe
Dangerous Woman,album,2016-05-20,spotify:album:3OZgEywV4krCZ814pTJWr7
Charlie's Angels (Original Motion Picture Soundtrack),compilation,2019-11-01,spotify:album:4NBuascXb3uK0mFUYuJ63f
Focus,single,2015-10-30,spotify:album:3IGM1sXYke2UGII2DORrof
Dangerous Woman,album,2016-04-01,spotify:album:1QRP5lutJodPixU2EWfnD7
Positions,album,2020-10-30,spotify:album:3euz4vS7ezKGnNSwgyvKcd
Stuck with U,single,2020-05-08,spotify:album:5mUdh6YWnUvf0MfklEk1oi
This Is The End: Original Motion Picture Soundtrack,compilation,2013-06-10,spotify:album:1SFKmqhTTEkE3PmSBEMpa3
Millennium,album,1999-05-18,spotify:album:5ySxm9hxBNss01WCL7GLyQ
"Baby, I'm Jealous (feat. Doja Cat)",single,2020-10-09,spotify:album:2N367tN1eIXrHNVe86aVy4
"WHEN WE ALL FALL ASLEEP, WHERE DO WE GO?",album,2019-03-29,spotify:album:0S0KGZnfBGSIssfF54WSJh
everything i wanted,single,2019-11-13,spotify:album:4i3rAwPw7Ln2YrKDusaWyT
lovely (with Khalid),single,2018-04-19,spotify:album:2sBB17RXTamvj7Ncps15AK
No Time To Die,single,2020-02-13,spotify:album:5sXSHscDjBez8VF20cSyad
dont smile at me,single,2017-12-22,spotify:album:7fRrTyKvE4Skh93v97gtcU
Therefore I Am,single,2020-11-12,spotify:album:5G58VVE9ub1KE01Mvbd8XM
Church Of Scars,album,2018-04-20,spotify:album:1TTxcgs3zEngN0EB56yXzY
...Baby One More Time (Digital Deluxe Version),album,1999-01-12,spotify:album:3WNxdumkSMGMJRhEgK80qx
Circus (Deluxe Version),album,2008-12-02,spotify:album:2tve5DGwub1TtbX1khPX5j
In The Zone,album,2003-11-13,spotify:album:0z7pVBGOD7HCIB7S8eLkLI
Britney (Digital Deluxe Version),album,2001-10-31,spotify:album:5ax3GTsfX5uCUaNgnJsSG5
Oops!... I Did It Again,album,2000-05-16,spotify:album:5PmgtkodFl2Om3hMXONDll
Britney Jean (Deluxe Version),album,2013-11-30,spotify:album:5rlB2HPoNHg2m1wmmh0TRv
24K Magic,album,2016-11-17,spotify:album:4PgleR09JVnm3zY1fW3XBA
Finesse (Remix) [feat. Cardi B],single,2017-12-20,spotify:album:3mumK2ar9b4JPhVOZR0V2p
Doo-Wops & Hooligans,album,2010-10-05,spotify:album:1uyf3l2d4XYwiEqAb7t7fX
Leave The Door Open,single,2021-03-05,spotify:album:7dfPqXck6BB9wpThrVYBss
Unorthodox Jukebox,album,2012-12-07,spotify:album:58ufpQsJ1DS5kq4hhzQDiI
One Kiss (with Dua Lipa),single,2018-04-06,spotify:album:7GEzhoTiqcPYkOprWQu581
This Is What You Came For,single,2016-04-29,spotify:album:3pEgGUv379EDinvg1TN7Kt
Camila,album,2018-01-12,spotify:album:2vD3zSQr8hNlg0obNel4TE
Romance,album,2019-12-06,spotify:album:3Vsbl0diFGw8HNSjG8ue9m
Please Me,single,2019-02-15,spotify:album:5a4sJJ3qjn6hqRsvm0Veso
WAP (feat. Megan Thee Stallion),single,2020-08-07,spotify:album:2ogiazbrNEx0kQHGl5ZBTQ
Kiss (Deluxe),album,2012-01-01,spotify:album:29blfJv8AddJrjuG3DpE13
The Lady Killer,album,2010-11-09,spotify:album:3MXU6UoWrf4w4bOvjZTlvY
Voicenotes,album,2018-05-11,spotify:album:0mZIUXje90JtHxPNzWsJNR
Nine Track Mind,album,2016-01-29,spotify:album:3kndSWeE2IYOrZEToZrHEV
Back To Basics,album,2006-08-14,spotify:album:0zRJsgzHZUUdk8Rjk6Segd
lovestrong.,album,2011-05-10,spotify:album:3XNK8vPk3O1rjhDZyOMJ6n
New Eyes,album,2014-06-02,spotify:album:4a6DxkhmMvvEdPXxm4ergN
What Is Love? (Deluxe Edition),album,2018-11-30,spotify:album:1MvF4ulZKH7SaDQs9rE5nc
Solo (feat. Demi Lovato),single,2018-05-17,spotify:album:1q7a5wZeti0neU2jDn8Dz3
Tick Tock (feat. 24kGoldn),single,2020-08-21,spotify:album:3tuAs968COA2vxKjiLvmxr
A Rush of Blood to the Head,album,2002-08-08,spotify:album:0RHX9XECH8IVI3LNgWDpmQ
X&Y,album,2005-06-07,spotify:album:4E7bV0pzG0LciBSWTszra6
Viva La Vida or Death and All His Friends,album,2008-05-26,spotify:album:1CEODgTmTwLyabvwd7HBty
Parachutes,album,2000-07-10,spotify:album:6ZG5lRT77aJ3btmArcykra
Random Access Memories,album,2013-05-17,spotify:album:4m2880jivSbbyEGAKfITCa
Freudian,album,2017-08-25,spotify:album:3xybjP7r2VsWzwvDQipdM0
Who Hurt You?,single,2018-10-16,spotify:album:15M9pZ8gsdoN67yLjyQ039
Demi,album,2013-01-01,spotify:album:6Kssm2LosQ0WyLukFZkEG5
Confident,album,2015-01-01,spotify:album:56yYgfX6M5FlpETfyZSHkn
Boss Bitch,single,2020-01-23,spotify:album:4pmyFpGicLLIgNPc1TQXKc
Kiss Me More (feat. SZA),single,2021-04-09,spotify:album:1OnzqJTL9bwe4kvaLxRYxt
Planet Her,album,2021-06-25,spotify:album:1nAQbHeOWTfQzbOoFrvndW
Hot Pink,album,2019-11-07,spotify:album:1MmVkhiwTH0BkNOU3nw5d3
Future Nostalgia,album,2020-03-27,spotify:album:7fJJK56U9fHixgO0HQkhtI
Future Nostalgia,album,2020-03-27,spotify:album:5lKlFlReHOLShQKyRv6AL9
Rockferry,album,2008-01-01,spotify:album:6freV6eqxuFjSr3E93Oqtz
Lights,album,2011-01-01,spotify:album:3duZhvcaoqdNveQYXf9dMV
Fifty Shades Freed (Original Motion Picture Soundtrack),compilation,2018-02-09,spotify:album:4w0N1CaZwQ5RPIuawqlYyy
Delirium,album,2015-11-13,spotify:album:4A43DyDoAVa1Fb8pq6Yejl
Reflection (Deluxe),album,2015-01-30,spotify:album:0zAsh6hObeNmFgFPrUiFcP
Fitz and The Tantrums (Deluxe Edition),album,2017-07-24,spotify:album:4eoIRaV8z8v2LaXQSWy2LC
channel ORANGE,album,2012-07-10,spotify:album:392p3shh2jkxUxY2VHvlH8
St. Elsewhere,album,2006-05-02,spotify:album:7p2aWivr9OLXocSTTKtG9B
minor,single,2020-07-14,spotify:album:2UZw04wDxLVceADw2Gi1Qy
Aussie Legends,compilation,2019-11-22,spotify:album:3IGRFGa4ErR0CU8aMMrRql
Is There Anybody Out There?,album,2014-01-20,spotify:album:1yOcLa4euMk9sV7rRJ89Dl
How Can I,single,2019-06-23,spotify:album:3qEib9B2LiOpc81jRYC4Fi
"Now, Not Yet",album,2019-08-09,spotify:album:2KSWrd22LGc0Hmqs2Z5i7z
hopeless fountain kingdom (Deluxe),album,2017-06-02,spotify:album:7GjG91tyHQNGEHzKJaqOi0
Without Me,single,2018-10-04,spotify:album:0zzrCTzvL4ZmR42xF46Afm
Fine Line,album,2019-12-13,spotify:album:7xV2TzoaVc0ycW7fwBwAml
Harry Styles,album,2017-05-12,spotify:album:1FZKIm3JVDCxTchXDo5jOV
Hozier (Expanded Edition),album,2014-09-19,spotify:album:4Pv7m8D82A1Xun7xNCKZjJ
In My Defense,album,2019-07-19,spotify:album:3kQvfhjfU6Mleis6k6vpmw
Evolve,album,2017-06-23,spotify:album:33pt9HBdGlAbRGBHQgsZsU
Night Visions,album,2012-09-04,spotify:album:6htgf3qv7vGcsdxLCDxKp8
Dirty Computer,album,2018-04-27,spotify:album:2PjlaxlMunGOUvcRzlTbtE
The ArchAndroid,album,2010-05-17,spotify:album:7MvSB0JTdtl1pSwZcgvYQX
Yoga,single,2015-03-31,spotify:album:5rzxGeVyCV74SvV5hjLRAU
Metropolis: The Chase Suite (Special Edition),album,2008-08-12,spotify:album:3T3bJi3cvwR5U7ihwgEwF1
Tattoos (Deluxe Edition),album,2013-09-10,spotify:album:3wDeTllVvayYsWTHsFNWZQ
Coño,single,2020-07-03,spotify:album:1h3x5tLWXhf438Y5AK60Ml
Everything Is 4,album,2015-05-29,spotify:album:59eUYETmE1zi31ESb3SUkI
Swalla (feat. Nicki Minaj & Ty Dolla $ign),single,2017-02-23,spotify:album:2e5CxfyEwBW115beiwh7Mc
Talk Dirty,album,2013-09-10,spotify:album:4PeZu0It7qVrTG40t3HM9A
We Sing. We Dance. We Steal Things.,album,2008-05-12,spotify:album:04G0YylSjvDQZrjOfE5jA5
Savage Love (Laxed - Siren Beat) [BTS Remix],single,2020-10-02,spotify:album:5O6izFQ2veRaZOcQSyOi4o
You Don't Know Me,single,2016-12-09,spotify:album:3gdmWRWWJmkp5uMBXf755B
UN DIA (ONE DAY) (Feat. Tainy),single,2020-07-24,spotify:album:6aqSlutLYNpzSsK4dV5jTr
Baby Powder,single,2020-03-25,spotify:album:3nqQxvxUB95Bi2UBseY1u1
Who You Are (Platinum Edition),album,2011-01-01,spotify:album:3ga4adzUpLaS2LDcoqfs2r
Love In The Future (Expanded Edition),album,2013-08-30,spotify:album:4OTAx9un4e6NfoHuVRiOrC
Evolver,album,2008-10-27,spotify:album:11sKu4dBGvmEZTuVw9EC9A
Preach,single,2019-02-15,spotify:album:32r4o1R9a1lK5DoVXGEC7E
Happiness Begins,album,2019-06-07,spotify:album:1Uf67JAtkVWfdydzFFqNF2
Indiana,album,2007-01-01,spotify:album:2UpO4j1Zpptiwk3wbUIWmU
OK Now,album,2008-01-01,spotify:album:3fKJJQFV6a61fnKYDDj2LU
Lonely (with benny blanco),single,2020-10-16,spotify:album:3P5WIUJO0Ots1lQx09TOxk
FutureSex/LoveSounds,album,2006-09-12,spotify:album:2scB1uhcCI1TSf6b9TCZK3
this is what falling in love feels like,single,2021-09-03,spotify:album:61haUqRaA5Et20JVbArrmU
Teenage Dream,album,2010-01-01,spotify:album:3BoUxfC7YhxNq3TpOfnRif
PRISM,album,2013-01-01,spotify:album:3jB9yFDwRe3KhtGnHXJntk
One Of The Boys,album,2008-06-17,spotify:album:5c6MKfLcLB17DlJlFtVmyc
Teenage Dream: The Complete Confection,album,2012-03-12,spotify:album:5BvgP623rtvlc0HDcpzquz
Breakaway,album,2004-01-17,spotify:album:5gDAEao3VxFdbm8vS0koQq
Animal (Expanded Edition),album,2010-01-01,spotify:album:6fpLLJsDSSAlToEDW2jv4F
bandaids,single,2020-03-24,spotify:album:4LfFHT00C9ImLMUjHkqWjQ
The Fame Monster (Deluxe Edition),album,2009-11-05,spotify:album:6rePArBMb5nLWEaY9aQqL4
The Fame,album,2008-01-01,spotify:album:1jpUMnKpRlng1OJN7LJauV
A Star Is Born Soundtrack,album,2018-10-05,spotify:album:4sLtOBOzn4s3GDUv3c5oJD
Joanne (Deluxe),album,2016-10-21,spotify:album:2ZUwFxlWo0gwTsvZ6L4Meh
Chromatica,album,2020-05-29,spotify:album:05c49JgPmL4Uz2ZeqRx5SP
Til It Happens To You,single,2015-09-18,spotify:album:00qjYaNSNpQCZHhCpAlH60
Born This Way,album,2011-01-01,spotify:album:2KkMVsxymoNR7hRmBcMttd
MONTERO (Call Me By Your Name),single,2021-03-31,spotify:album:2Hjcfw8zHN4dJDZJGOzLd6
Salute (Expanded Edition),album,2013-11-11,spotify:album:4cH9WxyfNWlfR257RitWBt
Cuz I Love You (Deluxe),album,2019-05-03,spotify:album:74gSdSHe71q7urGWMMn3qB
Pure Heroine,album,2013-09-27,spotify:album:0rmhjUgoVa17LZuS8xWQ3v
Yellow Flicker Beat (From The Hunger Games: Mockingjay Part 1),single,2014-09-30,spotify:album:7sg5iqMiDrM2aJqLAmv83V
Despacito Feat. Justin Bieber (Remix),single,2017-04-17,spotify:album:3Gq2Dme9nesdgoqNNlcN8O
Ivy To Roses (Mixtape),album,2019-01-18,spotify:album:0syM7OUAhV7S6XmOa4nLUZ
bloom,album,2017-05-12,spotify:album:3yWRq9Dd2UO5xyqxTjLDmp
Carencro,album,2004-08-03,spotify:album:15dP7BadtY55t9VvFlVrBA
Nothing Breaks Like a Heart (feat. Miley Cyrus),single,2018-11-30,spotify:album:2hBfao8GWZwHlUGDB8HVQO
Uptown Special,album,2015-01-12,spotify:album:3vLaOYCNCzngDf8QdBg2V1
Version,album,2007-07-10,spotify:album:74ooEOK4jY2ZCWjMK6pYmk
Hands All Over (Deluxe),album,2010,spotify:album:2H4DCvJiZknLngsD2Yqf6k
Songs About Jane,album,2002-06-25,spotify:album:1Rv9WRKyYhFaGbuYDaQunN
V,album,2014-09-02,spotify:album:2Auw0pTT6EcQdvHNimhLQI
Songs About Jane: 10th Anniversary Edition,album,2002,spotify:album:5zClcGCSWj926AMjvBNSLc
Call Me Irresponsible,album,2007-04-30,spotify:album:3h4pyWRJIB9ZyRKXChbX22
Crazy Love,album,2009-10-06,spotify:album:3MXDonOIzrIrCh0HvlACyj
All I Want Is You,album,2010-11-26,spotify:album:493HYe7N5pleudEZRyhE7R
Life in Cartoon Motion,album,2007-02-05,spotify:album:4wKkXYJXQWDa9sndBSx0gI
Slide Away,single,2019-08-16,spotify:album:0SHGFAL8WZUvpWb5iLPp6E
Bangerz (Deluxe Version),album,2013-10-04,spotify:album:3RDqXDc1bAETps54MSSOW0
Flicker (Deluxe),album,2017-10-20,spotify:album:7ahctQBwcSxDdP0fRAPo2p
The Pinkprint (Deluxe),album,2014-12-15,spotify:album:5ooCuPIk58IwSo6DRr1JCu
Pink Friday,album,2010-01-01,spotify:album:5jem47f4IRH6UaxNAWO6vD
No Strings Attached,album,2000-03-21,spotify:album:20RMokVwJ2wjQ0s8FOdOFC
deja vu,single,2021-04-01,spotify:album:3lwHyR4joA1xB7Nun21EP6
drivers license,single,2021-01-08,spotify:album:66FPnVL9G4CMKy3wvaGTcr
good 4 u,single,2021-05-14,spotify:album:3rMjL8NA5Wh2hbMNk2fSlY
Dreaming Out Loud,album,2007-01-01,spotify:album:2KSpGeDoNjqCKg6HL8LAyI
The Prelude,single,2020-07-17,spotify:album:3Qj2vsFzmaB8jcH6Q60WIG
Hurts 2B Human,album,2019-04-26,spotify:album:6JKkXVEljQJ1wKbRG5MywC
The Truth About Love,album,2012-09-14,spotify:album:0pqKb2y8h2BWS46HMfmEgD
Beautiful Trauma,album,2017-10-13,spotify:album:7hwhuEQT4Fp5bzwLlYZtiz
React,single,2020-02-07,spotify:album:0Dg7mV6QrpSw8b3o45bNkq
Good Girl Gone Bad: Reloaded,album,2008-06-02,spotify:album:3JSWZWeTHF4HDGt5Eozdy7
Unapologetic (Deluxe),album,2012-12-11,spotify:album:4eddbruVtOqw8khwxSH6H2
ANTI (Deluxe),album,2016-01-28,spotify:album:4UlGauD7ROb3YbVOFMgW5u
Loud,album,2010-11-16,spotify:album:6UHhmTLl9T1scRYLmpHcDX
Unapologetic,album,2012-12-11,spotify:album:0XJya16l3K1J2dEwY19F8z
Talk That Talk,album,2011-11-19,spotify:album:1Kw1bVd07oRqcjrcjQKC8T
Let The Road,album,2014-01-01,spotify:album:02ae5i5UAoFrt2peVox9Xd
A Beautiful World,album,2002-12-13,spotify:album:76wI74XuASLFrY9pUVLhO9
The Blessed Unrest,album,2013-07-16,spotify:album:7lpbyGc4fHsQkBTsfWVBhp
Little Voice,album,2007-07-03,spotify:album:2Z9WUERfMjOgQ6ze9TcGbF
Kaleidoscope Heart,album,2010-09-07,spotify:album:627ukPRwYxyBREHxBq0vGJ
The Script,album,2008-07-14,spotify:album:1r5J0N6Ep181K0i8YuTYgO
The Script,album,2008-09-08,spotify:album:51Hn2Wiq1jmUfI0BLaUhuF
Revival (Deluxe),album,2015-10-09,spotify:album:7lDBDk8OQarV5dBMu3qrdz
Good For You,single,2015-08-07,spotify:album:7FbUyvtDTsoGMhTlGOtv5q
"Oral Fixation, Vol. 2 (Expanded Edition)",album,2005-11-28,spotify:album:5ppnlEoj4HdRRdRihnY3jU
Waka Waka (This Time for Africa) [The Official 2010 FIFA World Cup (TM) Song] (feat. Freshlyground),single,2010-05-07,spotify:album:3pzQF7YgU1f66pBayA8uHv
Shawn Mendes,album,2018-05-25,spotify:album:2VP96XdMOKTXefI8Nui23s
Monster,single,2020-11-20,spotify:album:3yVVL2EYLp8g7gT08VvYKy
Illuminate (Deluxe),album,2017-04-20,spotify:album:3wBabo4pmzsYjALMSKY7Iq
This Is Acting (Deluxe Version),album,2016-10-21,spotify:album:2eV6DIPDnGl1idcjww6xyX
1000 Forms Of Fear (Deluxe Version),album,2015-05-04,spotify:album:6FdNvoO5sF4EKwCX9je1MH
Ashes,single,2020-05-03,spotify:album:41gMZm0ib3Je8hU0eFNUwS
folklore,album,2020-07-24,spotify:album:2fenSS68JI1h4Fo296JfGr
Red (Deluxe Edition),album,2012-10-22,spotify:album:1KlU96Hw9nlvqpBPlSqcTV
Speak Now,album,2010-10-25,spotify:album:5MfAxS5zz8MlfROjGQVXhy
Red,album,2012-10-22,spotify:album:1EoDsNmgTLtmwe1BDAVxV5
1989,album,2014-10-27,spotify:album:2QJmrSgbdM35R67eoGQo4j
reputation,album,2017-11-10,spotify:album:6DEjYFkNZh67HP7R9PSZvv
Lover,album,2019-08-23,spotify:album:1NAmidJlEaVgA3MpcPFYGq
Fearless,album,2008-11-11,spotify:album:2dqn5yOQWdyGwOpOIi9O4x
Fearless (Taylor's Version),album,2021-04-09,spotify:album:4hDok0OAJd57SGIT8xuWJH
evermore,album,2020-12-11,spotify:album:2Xoteh7uEpea4TohMxjtaq
Taylor Swift,album,2006-10-24,spotify:album:7mzrIsaAjnXihW3InKjlC3
Dance Monkey (Stripped Back) / Dance Monkey,single,2019-10-17,spotify:album:0UywfDKYlyiu1b38DRrzYD
Blue Neighbourhood (Deluxe),album,2015-12-04,spotify:album:5ouTDazE4LF9bVJPx1nlgW
Blurryface,album,2015-05-15,spotify:album:3cQO7jp5S9qLBoIVtbkSM1
Raymond v Raymond (Expanded Edition),album,2010-03-30,spotify:album:6A1F3Fkq5dYeYYNkXflcTX
I Don't Mind (feat. Juicy J),single,2014-11-21,spotify:album:5BAqg5IJQ7XFKfdoCiOlJw
Confessions (Expanded Edition),album,2004-03-23,spotify:album:1RM6MGv6bcl6NrAG8PGoZk
Somebody Else,single,2016-09-09,spotify:album:3Q4yhhyFA2cpZq2FGOgMwU
After Hours,album,2020-03-20,spotify:album:4yP0hdKOZPNshxUOjY0cZj
See You Again (feat. Charlie Puth),single,2015,spotify:album:5FXIqS1XqbpfOKNoi5VUwS
Darling,single,2017-02-03,spotify:album:7pDkPCnYRapjr8dXcwkNIB
I Don’t Wanna Live Forever (Fifty Shades Darker),single,2016-12-09,spotify:album:5MxXY7DbFMUiHFTPUabgJJ
7/27 (Deluxe),album,2016-05-27,spotify:album:0pF0oyuPNdOObniB1Ng0kW
Dreamland (+ Bonus Levels),album,2020-08-06,spotify:album:0KTj6k94XZh0c6IEMfxeWV
How To Be A Human Being,album,2016-08-26,spotify:album:6qb9MDR0lfsN9a2pw77uJy
MINT,single,2018-10-19,spotify:album:5hUQgovUfTYN47QGQXF8k2
Cry for Me,single,2019-10-04,spotify:album:2dq4ae5hiyxlFPG1s8rlq5
30,album,2021-11-19,spotify:album:21jF5jlMtzo94wbxmJ18aa
"Show Me Love (feat. Chance The Rapper, Moses Sumney and Robin Hannibal) [Skrillex Remix]",single,2016-03-22,spotify:album:7pPVcx3O9eZrPCgBmpW5HV
Sofie's SOS Tape,compilation,2016-12-16,spotify:album:4HSL9qNMgDUNQFngd3ODit
"The Very Best Of ""The Archies""",compilation,2007-11-07,spotify:album:7spOTrIPTM8RrMIAhCjLJi
Hot Mess,album,2009-07-07,spotify:album:41TUivD915ztiKgyu99H9T
Justice,album,2021-03-19,spotify:album:5dGWwsZ9iB2Xc3UKR0gif2
When It's Dark Out,album,2015-12-04,spotify:album:09Q3WwGYsQe5ognkvVkmCu
In the Name of Love,single,2016-07-29,spotify:album:1FOJ5IXGXe8dl0cXvCU6wK
Expectations,album,2018-06-22,spotify:album:4TOkZvtqNpg5UHyGxCn0mS
About Damn Time,single,2022-04-14,spotify:album:4JApkbiesQxv5drdEZRlZC
Better Mistakes,album,2021-05-07,spotify:album:0ypVp54cO3kexiJNu33wYp
Happier Than Ever,album,2021-07-30,spotify:album:0JGOiO34nwfUdDrD612dOp
Happenstance (Deluxe Version),album,2004-06-08,spotify:album:66p6CIMdxQFO3Igg9xo14a
Slow Grenade,single,2020-06-30,spotify:album:15Zgvxqql6EPHE3NJlUt0R
Lemon Love,album,2005-01-01,spotify:album:5YToJrWwzdA6W2NxxDoteE
The Grand Garden EP Phase 1,album,2008-01-01,spotify:album:01leyRD2FHWrUvHC4qMN8y
Storm Front,album,1989-10-17,spotify:album:1Vw2uoVkLAJFVViJ1QyK1D
52nd Street,album,1978-10-13,spotify:album:1HmCO8VK98AU6EXPOjGYyI
Piano Man,album,1973-11-09,spotify:album:77ErLrVvYETIlQJHAwhfIH
Glass Houses,album,1980-03-12,spotify:album:5sztejERqpktXEdemlUvU5
The Stranger,album,1977-09-29,spotify:album:3IILMjMMnoN2sKzgesX8KV
An Innocent Man,album,1983-08-08,spotify:album:3R3x4zIabsvpD3yxqLaUpc
River Of Dreams,album,1993-08-10,spotify:album:4HPnwQJAEvTY910q4RNeOu
The Bridge,album,1986-07-28,spotify:album:2fRxSC6FtiAkhEDVZr2seH
Turnstiles,album,1976-05-19,spotify:album:7GiLfxL1su3MSqz7pmKMZi
The Nylon Curtain,album,1982-06-23,spotify:album:50bajZpetfL5T0iRCOR74J
Cold Spring Harbor,album,1971-11-01,spotify:album:274rMlKrr22086ohmwAJZA
Birdy,album,2011-11-04,spotify:album:1WGjSVIw0TVfbp5KrOFiP0
Bear Creek,album,2012-06-01,spotify:album:5b8YTIrc88vdnfRguZqvVE
Tapestry,album,1971,spotify:album:12n11cgnpjXKLeqrnIERoS
Creep Live At (Le)Poisson Rouge,single,2012-09-09,spotify:album:3tzHjGnv1WpG78SzgRKFIi
Beatrix Runs,album,2012,spotify:album:7HsPaYQbCYnxosF5WiSlEA
Messenger,album,2015-06-29,spotify:album:3yQJY0tg0M2rQwWYUgkVQp
Goodbye Yellow Brick Road (Remastered),album,1973-10-05,spotify:album:5WupqgR68HfuHt3BMJtgun
Don't Shoot Me I'm Only The Piano Player,album,1973-01-22,spotify:album:1reJ8DttK5EGwdyf7y9FBR
Honky Chateau,album,1972-05-19,spotify:album:2ei2X6ghPnw7YRwQtAH075
Madman Across The Water,album,1971-11-05,spotify:album:2OZbaW9tgO62ndm375lFZr
Elton John,album,1970-04-10,spotify:album:69P9Ro0W286yLFgYwrGVN0
"Love, Save The Empty",album,2009,spotify:album:1tF7625TFqvfzMbappj1pQ
The Reminder,album,2007-01-01,spotify:album:7bTdGfczXffzzNE9ssJj4Z
One Cell In The Sea,album,2007,spotify:album:0Ot7MEgreG2R93aN42M9iK
Bomb In A Birdcage,album,2009-01-01,spotify:album:07IV5RxLvAUeZbcPm4zOzn
PINES,album,2012-01-01,spotify:album:1876e9QcHkJ3Hgo4NqKXBN
Tidal,album,1996-07-23,spotify:album:5gVBXH8MT6zfdRkjp7qT18
Verities & Balderdash,album,1974,spotify:album:3nta4nhqWoWjc6LmHIB0kT
Ellipse,album,2009-08-25,spotify:album:5AYKGPzPBJNHeKehCxMaq0
Speak for Yourself,album,2005-07-18,spotify:album:0t0Cr8jA63wlm8nWj7qfvJ
Goodnight And Go,single,2006-05-02,spotify:album:3JYjYjUAoBjxXr1W8eDVLV
Little Love - EP,single,2018-06-01,spotify:album:2PLM1yTphJeFZg01Xiaumc
Ladies of the Canyon,album,1970-03-01,spotify:album:7JOdtLDLyXJIppDRB7kxr9
Blue,album,1971-06-22,spotify:album:1vz94WpXDVYIEGja8cjFNa
Song to a Seagull,album,1968-03-01,spotify:album:6rg3WTvmv68Vd6tgR0yS0E
Court and Spark,album,1974-01-17,spotify:album:2akjxkzFolkeV72Yyv5KrM
Vows (Deluxe Version),album,2011,spotify:album:6V9rvW05Um5bIHePPfeI8p
Primal Heart,album,2018-04-20,spotify:album:4pj0BkJ7u39i009oqe8V79
The Golden Echo,album,2014-08-15,spotify:album:66hoUkjxM7tVQwu7bZocwP
Paradise,album,2012-11-09,spotify:album:1JnjcAIKQ9TSJFVFierTB8
Born To Die,album,2012-01-30,spotify:album:4X8hAqIWpQyQks2yRhyqs4
Ultraviolence (Deluxe),album,2014-01-01,spotify:album:1ORxRsK3MrSLvh7VQTF01F
Lust For Life,album,2017-07-21,spotify:album:7xYiTrbTL57QO0bb4hXIKo
Norman Fucking Rockwell!,album,2019-08-30,spotify:album:5XpEKORZ4y6OrCZSKsi46A
Honeymoon,album,2015-09-18,spotify:album:2DpEBrjCur1ythIZ10gJWw
Young And Beautiful,single,2013-01-01,spotify:album:1D92WOHWUI2AGQCCdplcXL
Far,album,2009-06-09,spotify:album:5t0lQDPLF22wmWCtSZkIVv
Begin to Hope,album,2006-06-13,spotify:album:4L4tcx3itXbtx5kuchKhFE
The Good Life,single,2018-07-10,spotify:album:2xCZSSa0kfIJFDhQR8bYar
Jackie Onassis,single,2020-06-05,spotify:album:3RaVt6xWjSVMFrMdLqoDrN
Saw It Coming,single,2019-05-10,spotify:album:0SPZ4equvZdVOPzOYrS8pJ
Whatever We Feel,single,2020-04-03,spotify:album:5Lg9bnBTPSu0Xg7MRERveZ
Amidst the Chaos (Bonus Version),album,2019-05-10,spotify:album:5x2sDapUIdq0qk1ezff3gm
What's Inside: Songs from Waitress,album,2015-11-06,spotify:album:1s6codM2ZAB008t9GTyaEk
Once Upon Another Time,single,2012-05-22,spotify:album:1PrqYZJRzGNf8AsSOraxnZ
Brave Enough: Live at the Variety Playhouse,album,2013-10-22,spotify:album:7L4ZgnQqEhCEsV9GnMeXtE
The Widow Knows E.P.,single,2014-08-14,spotify:album:548WnictHrfJKj2u6tXqFe
Sides,album,2020-01-17,spotify:album:5alIr9JGPvOQwPLphm0beJ
Jagged Little Pill,album,1995-06-09,spotify:album:09AwlP99cHfKVNKv4FC8VW
An Awesome Wave,album,2012-09-18,spotify:album:6k3vC8nep1BfqAIJ81L6OL
Awake at the Bottom of the Ocean,album,2017-02-10,spotify:album:7G36cnLPx9CuqnmZXYna4a
Anjulie,album,2009-01-01,spotify:album:13ablPhINDfXMbbvgX7eLw
Deleted Scenes From The Cutting Room Floor,album,2010-01-29,spotify:album:1D8grnftAaivpmBkayUgMR
Under the Surface,album,2019-11-08,spotify:album:4WvW7Y50LuI1yE1XWxtAVk
Plans,album,2005-08-29,spotify:album:1NFGnxmeIEBakre4DvLaJq
Tomboy,single,2019-02-28,spotify:album:2uDZBeyyQ7mfwF9mUJeYUG
Lungs,album,2009-01-01,spotify:album:2KAK58PimXHF4lSoKO3RxA
"How Big, How Blue, How Beautiful",album,2015-06-01,spotify:album:2btszoya78vyT8fwelmVnz
High As Hope,album,2018-06-29,spotify:album:0pKZJj9GzcKPCS8r4IaksA
Ceremonials,album,2011-01-01,spotify:album:3tFAP5BTa1lwUp7lLJ9FlG
Trading Snakeoil for Wolftickets,album,2001-01-01,spotify:album:1OydCrx4m7fguwcX4stR9z
SuperRock (All Folked Up),compilation,2017-07-19,spotify:album:4PEc1CBBlhpGzswmWjLyFK
Village,album,2018-11-02,spotify:album:2KxC2M0bVm5hrK3GgGMuV9
Finally Woken,album,2004-03-23,spotify:album:3RkjNfqqlhWyLrRp0ZCARU
Eye To The Telescope,album,2005-01-01,spotify:album:3j70PDKieTWQAwas3bPHRZ
The Girl and the Ghost,single,2012-09-18,spotify:album:1e1qx3O2gLpmLuVE7OEfxp
Strange Trails,album,2015-04-07,spotify:album:3yoNZlqerJnsnMN5EDwwBS
Heard It In A Past Life,album,2019-01-18,spotify:album:5AHWNPo3gllDmixgAoFru4
Fantasies,album,2009-04-14,spotify:album:3Oj8FdHcV6kAiOVWfkqRaA
Origin of Symmetry,album,2001,spotify:album:1AP6uGYHdakRgwuWQsP5pK
Black Holes and Revelations,album,2006-06-19,spotify:album:0lw68yx3MhKflWFqCsGkIs
The 2nd Law,album,2012-09-24,spotify:album:3KuXEGcqLcnEYWnn3OEGy0
I Love You.,album,2013-04-19,spotify:album:4xkM0BwLM9H2IUcbYzpcBI
Picture Show,album,2012-01-01,spotify:album:0uRFz92JmjwDbZbB7hEBIr
Century Child,album,2002,spotify:album:4FFDudC4xBVF6MYJUynRsN
Dark Passion Play,album,2007,spotify:album:4oOfQhhbHBfIcIDwuJjwTy
Once,album,2004-01-04,spotify:album:0aDCpYtFdQ0S8C3oAtOonk
The Downward Spiral,album,1994-03-08,spotify:album:3nJnyDV8fwFpffo0EyHQto
Paramore,album,2013-04-05,spotify:album:4sgYpkIASM1jVlNC8Wp9oF
Riot!,album,2007-06-11,spotify:album:71rziY9eLo1tA2dBMxrwhc
Pablo Honey,album,1993-02-22,spotify:album:6400dnyeDyD2mIFHfkwHXN
The Bends,album,1995-03-28,spotify:album:500FEaUzn8lN9zWFyZG5C2
OK Computer,album,1997-05-28,spotify:album:7dxKtc08dYeRVHt3p9CZJn
Amnesiac,album,2001-03-12,spotify:album:6V9YnBmFjWmXCBaUVRCVXP
In Rainbows,album,2007-12-28,spotify:album:7eyQXxuf2nGj9d2367Gi5f
More Adventurous (U.S. Release),album,2004-07-27,spotify:album:4n36X2GMJ84BKh9D9zMRVI
The Execution Of All Things,album,2002-10-01,spotify:album:23EqcK0ZR1ravQaEsGpQyH
Under The Blacklight (Standard Version),album,2007-08-20,spotify:album:2f9RsTZpsYMLRVZBtW7En8
Bombs Away,album,2015-03-10,spotify:album:2Yi29VOccHCwktsZNqtxbt
The 2¢ Show,album,2012-05-23,spotify:album:4DECRyKlhKJgjZLLuvfAI6
Album One,album,2009-10-30,spotify:album:60nJMMPYjHWNjli6APs40v
Searching,single,2016-05-06,spotify:album:7pjWbCevZabqDKwm26ggKd
Sway,album,2018-05-04,spotify:album:3fSRbKgYW6kcR1ZFMaaNV4
Young The Giant (Special Edition),album,2011,spotify:album:2ww7MYrkExsljnKhcINDse
Under My Skin,album,2004,spotify:album:7851Vsjv3apS52sXUik6iF
Kid Krow,album,2020-03-20,spotify:album:2CMlkzFI2oDAy5MbyV7OV5
I AM...SASHA FIERCE,album,2008-11-14,spotify:album:23Y5wdyP5byMFktZf8AcWU
4,album,2011-06-24,spotify:album:1gIC63gC3B7o7FfpPACZQJ
Dangerously In Love,album,2003-06-24,spotify:album:6oxVabMIqCMJRYN1GqR3Vf
Lemonade,album,2016-04-23,spotify:album:7dK54iZuOxXFarGhXwEXfF
Music From The Motion Picture Cadillac Records,compilation,2008-11-28,spotify:album:4b2zuwf7CPesdiTg1kFDjU
B'Day Deluxe Edition,album,2007-05-29,spotify:album:0Zd10MKN5j9KwUST0TdBBB
Bittersweet,album,2003,spotify:album:3UviDOQkc4WbXkNi6DIBZu
Cassie (U.S. Version),album,2006-08-07,spotify:album:0j1qzjaJmsF1FkcICf3hRu
Commodores,album,1977-01-01,spotify:album:2tzbNCAUTmW4MIM2Ulvrwl
Corinne Bailey Rae,album,2006-01-01,spotify:album:141Mp3P2VKHQMhtkW1DyQg
Survivor,album,2001-05-01,spotify:album:480AZOo2VQ1kf3GedAiKV9
Ella Eyre,single,2015-01-12,spotify:album:5J69OYtRXeI9dHDK2R95h5
Tell Mama,album,1968-04-18,spotify:album:4ReJ59T4YxC62WkfyVTWpr
The Foundations,album,1968-01-01,spotify:album:3j1kw5l2mEeKCUuXXwjhWp
In My Own Words,album,2006-01-01,spotify:album:6gkwOLmk0ALMOjWs5WhAEr
For Once In My Life,album,1968-12-01,spotify:album:3pPBbp1Nl9n1AM9xFpdKtZ
Songs In The Key Of Life,album,1976-09-28,spotify:album:6YUCc2RiXcEKS9ibuZxjt0
"Signed, Sealed And Delivered",album,1970-08-07,spotify:album:54ootLtDyMZFr9obtWQvvO
The Definitive Collection,compilation,2002-10-29,spotify:album:4E1itnJOhTMRSATNaxh0Sq
Gettin' Ready (Expanded Edition),album,1966,spotify:album:3RE8NUULcBzFvVtCmlI4lb
The Temptations Sing Smokey,album,1965-03-22,spotify:album:45tweuKI0zdh8zgKo05cTw
"20th Century Masters: The Millennium Collection: Best Of The Temptations, Vol. 2 - The '70s, '80s, '90s",compilation,2000-01-11,spotify:album:2kzUxFepw1uLjbgqV537eP
Meet The Temptations,album,1964,spotify:album:199rfdL0k6q5ReLA7V4KMt
Elephunk,album,2003,spotify:album:4wBDclsxFzGnR4kVAAMI7K
Last Train To Paris,album,2010-01-01,spotify:album:2psjRixnoePs8ZqE8cuU5Z
SHADYXV,compilation,2014-11-24,spotify:album:6wdSf72duVewXTqhYU3Z87
Recovery,album,2010-06-18,spotify:album:47BiFcV59TQi2s9SkBo2pb
The Marshall Mathers LP2,album,2013-11-05,spotify:album:3vOgbDjgsZBAPwV2M3bNOj
Relapse: Refill,album,2009-05-15,spotify:album:7MZzYkbHL9Tk3O6WeD4Z0Z
My Beautiful Dark Twisted Fantasy,album,2010-11-22,spotify:album:20r762YmB5HeofjMCiPMLv
To Pimp A Butterfly,album,2015-03-16,spotify:album:7ycBtnsMtyVbbwTfJwRjSP
Mack Daddy,album,1992-01-01,spotify:album:6c62jxWCe2aisIudaDRcaP
Flockaveli,album,2010-10-01,spotify:album:6MQtWELG7aRX7CkAzQ6nLM
Kings Of Crunk,album,2002-10-29,spotify:album:4htcOW08TqINNLbcSf9esI
Back In Black,album,1980-07-25,spotify:album:6mUdeDZCsExyJLMdAfDuwh
Aerosmith,album,1973-01-05,spotify:album:19lEZSnCCbVEkKchoPQWDZ
Toys In The Attic,album,1975-04-08,spotify:album:36IxIOGEBAXVozDSiVs09B
Let It Be (Remastered),album,1970-05-08,spotify:album:0jTGHV5xqHPvEcwL8f6YU5
With The Beatles (Remastered),album,1963-11-22,spotify:album:1aYdiJk6XKeHWGO3FzHHTr
Yellow Submarine (Remastered),album,1969-01-17,spotify:album:1gKZ5A1ndFqbcrWtW85cCy
Abbey Road (Remastered),album,1969-09-26,spotify:album:0ETFjACtuP2ADo6LFhL6HN
The Beatles (Remastered),album,1968-11-22,spotify:album:1klALx0u4AavZNEvC4LrTL
1 (Remastered),album,2000-11-13,spotify:album:7vEJAtP3KgKSpOHVgwm3Eh
Revolver (Remastered),album,1966-08-05,spotify:album:3PRoXYsngSwjEQWR5PsHWR
A Hard Day's Night (Remastered),album,1964-07-10,spotify:album:6wCttLq0ADzkPgtRnUihLV
Magical Mystery Tour (Remastered),album,1967-11-27,spotify:album:2BtE7qm1qzM80p9vLSiXkj
Please Please Me (Remastered),album,1963-03-22,spotify:album:3KzAvEXcqJKBF97HrXwlgf
Rubber Soul (Remastered),album,1965-12-03,spotify:album:50o7kf2wLwVmOTVYJOTplm
Sgt. Pepper's Lonely Hearts Club Band (Remastered),album,1967-06-01,spotify:album:6QaVfG1pHYl1z15ZxkvVDW
Help! (Remastered),album,1965-08-06,spotify:album:0PT5m6hwPRrpBwIHVnvbFX
Shake Your Money Maker,album,1990-02-13,spotify:album:2NRRQLuW6j3EsoWpIl2MR3
The Ultimate Collection,compilation,2017-02-03,spotify:album:6TcPqftScGmR0aEgIb43Vv
Paranoid (Remaster),album,1970-09-18,spotify:album:6r7LZXAVueS5DqdrvXJJK7
Chicago IX: Chicago's Greatest Hits,compilation,1975-11-10,spotify:album:5qWGV0fd7hpdptJYI4G9Dd
Machine Head,album,1972-03-25,spotify:album:1EK3a0Yctg4d3nGQzE4Uty
Desperado (2013 Remaster),album,1973,spotify:album:09WBxbis5Sixt01FVMs8UM
Hotel California (2013 Remaster),album,1976-12-08,spotify:album:2widuo17g5CEC66IbzveRu
Rumours (Super Deluxe),album,1977-02-04,spotify:album:0BwWUstDMUbgq2NYONRqlu
Fleetwood Mac,album,1975-07-11,spotify:album:5VIQ3VaAoRKOEpJ0fewdvo
Tusk (2015 Remaster),album,1979-10-12,spotify:album:5FIN8pyPVx8ggNs5jQ86Re
Foreigner (Expanded),album,1977-03-08,spotify:album:1OU7zJvUfgxxPHgkTClt1M
Appetite For Destruction,album,1987-07-21,spotify:album:28yHV3Gdg30AiB8h8em1eW
Piece of Mind (2015 - Remaster),album,1983-05-16,spotify:album:6iVSpex7UohpwPOYZEYmvm
Departure,album,1980,spotify:album:2OyVtIEp7O7a6o82DF4Ba5
Escape,album,1981,spotify:album:43wpzak9OmQfrjyksuGwp0
Infinity,album,1978,spotify:album:7K4Nk5fHkCuzNm5A6mdo2U
Leftoverture (Expanded Edition),album,1976,spotify:album:7MejfRSNnrpcLZIxkeZDqR
Point Of Know Return (Expanded Edition),album,1977,spotify:album:6oU298pdPTCQnMx1PYwyUA
Led Zeppelin IV (Deluxe Edition),album,1971-11-08,spotify:album:44Ig8dzqOkvkGDzaUof9lK
Led Zeppelin III (Remaster),album,1970,spotify:album:6P5QHz4XtxOmS5EuiGIPut
Leviathan,album,2004-08-31,spotify:album:6khFoLWnJZDQvZ7Pijym3b
Once More 'Round the Sun,album,2014-06-20,spotify:album:7mEkBi9a2p2f1WQbnH8Qk5
Metallica,album,1991-08-12,spotify:album:6QdCohkHKNTVoaSx1ZzitH
"The Birds, The Bees, & The Monkees",album,1968-04-22,spotify:album:2Ov6zb7NfgDh3EXSIIWrb2
More of The Monkees (Deluxe Edition),album,1967-01-09,spotify:album:50zHjIiTOZM232gnWvOydX
Purple Rain,album,1984-06-25,spotify:album:7nXJ5k4XgRj5OLg9m8V3zc
The Game,album,1980-06-27,spotify:album:1h0j80HhdzIMsUGUFiVkqa
A Night At The Opera,album,1975-11-21,spotify:album:3KCJzwKOdBxDu6TKaFPqM9
Jazz,album,1978-11-10,spotify:album:5X3rA8To5GDOeIWdQyMEcE
A Day At The Races,album,1976-12-10,spotify:album:3f45rzbU4dYQBTV9v5RFBB
The Works,album,1984-02-27,spotify:album:0FbnXAGmgmWBmNthZSgm43
Sheer Heart Attack,album,1974-11-08,spotify:album:4yO8TpSaJtUKkkjmsA4VXf
Innuendo,album,1991-02-04,spotify:album:5yAM3CcaXF6DPRJW3oL6Ya
News Of The World,album,1977-10-28,spotify:album:3TKTjR4E3LAMfRsPeRsNhT
Out Of Our Heads,album,1965-07-30,spotify:album:2Q5MwpTmtjscaS34mJFXQQ
Aftermath,album,1966-04-15,spotify:album:72qrnM4yUNMDDlWiqKc8iY
The Joker,album,1973-01-01,spotify:album:5uYNj1HkZrWKAkhEYcGmJr
Ten Summoner's Tales,album,1993-03-09,spotify:album:5kV0KBXfELibs6qQJLmOtg
The Grand Illusion,album,1977-01-01,spotify:album:6MFIBPVrZjHjP0pPkVF3IU
Pieces Of Eight,album,1978-01-01,spotify:album:294yFGYq9SBXWR4g6dK63D
Rocky IV,compilation,1985,spotify:album:3t3BbpFJiGcXl4jI5CRLLA
Blowin' Your Mind!,album,1967-09,spotify:album:7dsWupQRlFuhG8FGiQAUjC
Moondance (Expanded Edition),album,1970-02,spotify:album:6yNYC35npMBHbxG0Vle83O
Moondance (Deluxe Edition),album,1970-02,spotify:album:7diHYi0CglGJekoM3KaWBK
Who's Next,album,1971-08-14,spotify:album:5MqyhhHbT13zsloD3uHhlQ
My Generation,album,1965-12-03,spotify:album:6Oc6Ok1Oawu8lRkjmD4mXy
Tommy,album,1969-05-23,spotify:album:5cT7ee1sy2oEbFalP4asS4
Who Are You,album,1978-08-18,spotify:album:7at3CV9Y9P57wsEXkfU0q8
Who's Next (Expanded Edition),album,1971-08-14,spotify:album:53PBYiedQrASAs5sy63JqT
I Never Loved a Man the Way I Love You,album,1967-03-10,spotify:album:5WndWfzGwCkHzAbQXVkg2V
The Ultimate Bee Gees,compilation,2009-11-03,spotify:album:5GucSY3249qHDx4v1Hcxry
Believe,album,1998,spotify:album:0jZfbz0dNfDjPSg0hYJNth
Feels So Good,album,1977-12-08,spotify:album:5w0p1F0Q1wBqsX2UiX6CCD
The Very Best of Frankie Valli & The 4 Seasons,compilation,2003-01-14,spotify:album:0NUEQILaBzavnzcMEs4buZ
Ladies And Gentlemen... The Best Of George Michael,compilation,1998-11-09,spotify:album:3coLNlyStg9h7f8CZ103Rl
Faith,album,1987-10-30,spotify:album:34K1Kvskt9arWy8E1Gz3Lw
Listen Without Prejudice / MTV Unplugged (Deluxe),album,2017-10-20,spotify:album:0ZeOyoJHPD6czbTPAT9Qaj
20th Century Masters: The Millennium Collection: Best Of Gloria Gaynor,compilation,2000-01-01,spotify:album:2BU2SNYoIPtZvGEJckdIhx
ABC,album,1970-05-08,spotify:album:3btVhknqDeGAEd1Qj7lL57
Third Album,album,1970-09-08,spotify:album:5d6X8oegJmu9XKn9UBAswG
Diana Ross Presents The Jackson 5,album,1969-12-18,spotify:album:51uoKRa8vT5SULrlF8s2t1
At Folsom Prison,album,1968-05-01,spotify:album:4TJIdlY9hGSSTO1kUs1neh
I Walk the Line (Stereo Version),album,1964-06-13,spotify:album:1kd7QnBNMg5kygoclVuDqZ
Ring Of Fire: The Best Of Johnny Cash,compilation,1963-08-06,spotify:album:0ucV57dbnqmrGv9d60r6X2
A Little Bit of Mambo,album,1999-07-19,spotify:album:13BmLGhVCLBn3XzKB8HIai
Celebration (Bonus Track Version),compilation,2009-09-18,spotify:album:4GU7z3q6fg90MWrkTacYYG
Like a Virgin (Reissue),album,1984-11-12,spotify:album:2IU9ftOgyRL2caQGWK1jjX
"HIStory - PAST, PRESENT AND FUTURE - BOOK I",album,1995-06-16,spotify:album:3OBhnTLrvkoEEETjFA3Qfk
Thriller,album,1982-11-30,spotify:album:2ANVost0y2y52ema1E9xAZ
Off the Wall,album,1979-08-10,spotify:album:2ZytN2cY4Zjrr9ukb2rqTP
Bad (Remastered),album,1987-08-31,spotify:album:3Us57CjssWnHjTUIXBuIeH
The Nat King Cole Story,album,1991-01-01,spotify:album:3NoP1ifIejWkGSDsO9T2xH
Unforgettable,album,1954-01-01,spotify:album:7GBvXtxnvBluo2f4xBVNkm
Graceland (25th Anniversary Deluxe Edition),album,1986-08-12,spotify:album:6WgGWYw6XXQyLTsWt7tXky
Bridge Over Troubled Water,album,1970-01-26,spotify:album:0JwHz5SSvpYWuuCNbtYZoV
Bookends,album,1968-04-03,spotify:album:3bzgbgiytguTDnwzflAZr2
"Wednesday Morning, 3 A.M.",album,1964-10-19,spotify:album:5pnJrocLlZ3FWEbcr2PTz0
Wimoweh!!! - The Best Of The Tokens,compilation,1994-08-29,spotify:album:6NBox81OQox7U4I0hZB9t0
Brol,album,2018-10-05,spotify:album:6KSvWFf4g4PrIldtchJsTC
Djadja,single,2018-04-06,spotify:album:76VGIFOKrF1rba6Xznep45
The Lion King: The Gift,album,2019-07-19,spotify:album:552zi1M53PQAX5OH4FIdTx
& Co.,album,2019-06-12,spotify:album:4pS7NXSZNbvREVxKkOge3I
Söngvakeppnin 2020,compilation,2020-01-18,spotify:album:32ypMgv8eQ7ACVd2uBaPG7
Think About Things,single,2020-04-09,spotify:album:5gEUjiNfaVse6oloI0c6Vt
Non mi avete fatto niente,single,2018-02-07,spotify:album:3Qs5bBmUVXpZBcEkw4uxJ8
Cara Italia,single,2018-05-02,spotify:album:3E3S8FQudapOj9Mpxc5v3N
EXPLORE!,album,2015-11-25,spotify:album:6TXaOwBLoyJrD6vem7L8Ba
Mercy,single,2018-01-20,spotify:album:1uuuqBmA5Xklb3htp7Akke
Toy,single,2018-05-23,spotify:album:21YEfZ84TzdjNvOWEdwjeF
Racine Carrée (Standard US Version),album,2013-01-01,spotify:album:22yd3bcffqUO7Pn5nsDaoj
SUN,album,2018-10-25,spotify:album:1hWhflOpUh3IS1UeYHIW8V
"Jai Jai Shivshankar (From ""War"")",single,2019-09-21,spotify:album:5GvIKf7yN7gjZfYohbvHmj
Heaven,single,2018-02-14,spotify:album:3GJjPtV0iPKM3fLPvqdURX
LEXICON,album,2019-11-29,spotify:album:089QU9ZClm6mksCrXCDBSi
Hijas del Tomate,album,2002,spotify:album:5Fs94v1xXPl8Q1mTMWMTLO
Vintage,album,2020-03-19,spotify:album:6tGI9MGbLjbxyzcxYkMXPJ
Lo Malo,single,2018-04-06,spotify:album:0BtpL9HEIaBg95FefsA3Hn
Sin Pijama,single,2018-04-20,spotify:album:6hAxqfWO3xDGzjs8yad1pB
Con Calma,single,2019-01-24,spotify:album:1otwHKoQ5KPaiekpYk4tWh
VIDA,album,2019-02-01,spotify:album:5C0YLr4OoRGFDaqdMQmkeH
Échame La Culpa,single,2017-11-17,spotify:album:2Tt0EzXpempSOIHFXVX42v
Farra,single,2019-06-28,spotify:album:1FXVq4BLk6Vl6Kr7TeSoYF
11:11,album,2019-05-17,spotify:album:3YIUNL7qFE8NP3X3zaYSND
El Mal Querer,album,2018-11-02,spotify:album:355bjCHzRJztCzaG5Za4gq
"Fijación Oral, Vol. 1",album,2005-06-03,spotify:album:3zHPYwiMJqa3hTBgk695Ae
El Dorado,album,2017-05-26,spotify:album:6bUxh58rYTL67FS8dyTKMN
Me Gusta,single,2020-01-13,spotify:album:4IcQ1ni07PmlOenqwf6MgG
Ne reviens pas,single,2019-11-21,spotify:album:0w6UtV9Rd14AqjqcwD3j3l
Bando,single,2020-01-31,spotify:album:3UtdQcbHhNlEi79pS3282l
PINK BLOOD,single,2021-06-02,spotify:album:4eQs3mcSejRAVTWmaYXNYl
A BEST,compilation,2001-03-28,spotify:album:2B7L6R25vI22f1sIgV9k2F
翼はいらない<Type A>(通常盤),single,2016-06-01,spotify:album:5fTeBDOk2HaA6MwHSspPIx
炎,single,2020-10-12,spotify:album:1KmL1EZ0Pg9Vj3rPYMDqHY
POP VIRUS,album,2018-12-19,spotify:album:7oFLY1YL5bBI32UHsmQO6q
METAL RESISTANCE,album,2016-04-01,spotify:album:2vIRdYffs93ca7L0Eh4mTm
METAL GALAXY,album,2019-10-11,spotify:album:6rxRhft7JZtXavzHP2g2el
BABYMETAL,album,2015-05-11,spotify:album:6Eepi724OOt38pTaUrZErI
LEVEL3,album,2013-10-16,spotify:album:2DdXcewGp8Akqutak3yLDg
次の足跡 Type A <初回限定盤>,album,2014-01-22,spotify:album:4Mz79lV4qxaywmthkarIf7
Look At Me,single,2022-03-21,spotify:album:3mp41Up4LNhAVLGxl7BAUR
Pleasure,single,2021-04-23,spotify:album:2O40oGNRh8jJTCfutKMRkl
i'mperfect,album,2013-04-10,spotify:album:04ygc7Z2gcGtt7m8pnVUwf
如果雨之後,album,2017-12-15,spotify:album:63lCCebNDe20nxyCvFWk8g
改變自己,album,2007-07-13,spotify:album:7yjS4CBFK0f9oQsVrcdNNW
怎樣,album,2001-01-18,spotify:album:5wBnaUSaYmG7PH39bRIr1H
海嘯,album,2001-05-10,spotify:album:06yEqpc6KFxUZ5BxE7V7TN
太平盛世,album,2005-08-01,spotify:album:1XnDRFsNxG12nZPRXNcPkU
白月光与朱砂痣,single,2021-01-01,spotify:album:22QqokF4etKGtDv3BrNvXK
醒不来的梦,single,2020-12-15,spotify:album:6C9V6icEpoNhYtd75PM3OS
一比一,compilation,2005-06-03,spotify:album:3Om643lyJZiG4AYBr7TwDc
Editorial,album,2021-08-18,spotify:album:22nXr9DqkTAp1Y0GT1ialu
CEREMONY,album,2020-01-15,spotify:album:1IYJeRjWNruxAKls5cBtqm
Traveler,album,2019-08-31,spotify:album:17gzvH2FPpVhpuqalLFi9j
Lykke te,single,2022-05-27,spotify:album:39ktLXlXx02WGz3mUZTxXS
Te Felicito,single,2022-04-21,spotify:album:6gQKAYf3TJM9sppw3AtbHH
Memories,album,2021-12-08,spotify:album:4tp4dyeVhcG7kM2jUi3Yj5
Habit,single,2022-04-28,spotify:album:690rpRAbQW5LNPrbP27M9U
Pasoori,single,2022-02-06,spotify:album:7wgrW5XyZdtk0K8PkW5A7h
"Doobey (From ""Gehraiyaan"")",single,2022-01-24,spotify:album:48VomBCSqAsYmxI3C3TNSC
刻在我心底的名字 (Your Name Engraved Herein),single,2020-08-25,spotify:album:5RG4bEVKGMdLaEIv1dofR2
Sofa Silahlane,single,2022-05-13,spotify:album:03FGhGM3Lv2TmbUdpoPPip
מי זאת,single,2022-05-22,spotify:album:3vAQYVlLZrzs7lrjisl5VC
ממותה,album,2022-02-11,spotify:album:0F59OTwMP1IRvvX3CzeO9G
עושה לי צרות,single,2022-05-22,spotify:album:2FHZElS1XugIYG10xE80aR
בשורות טובות,single,2022-06-06,spotify:album:1oBfvjTLPPfUEO4R6FqzRl
לך לישון,single,2022-01-02,spotify:album:6Wh0It79i26j0IWWzm3axe
קוביות,single,2020-08-16,spotify:album:78V1vURpHgBC2SaU6ZbIYF
Discovery,album,2001-03-12,spotify:album:2noRn2Aes5aoNVsU6iWThc
Human After All,album,2005-03-14,spotify:album:1A2GTWGtFfWp7KSQTwWOyo
Lindsey Stirling,album,2012,spotify:album:3YTWAm90osBvLNWCdF8Nq2
Shatter Me,album,2014-04-29,spotify:album:2spbck4ETZz1aLq5Fi5phC
Artemis,album,2019-09-06,spotify:album:4YAtGpNUwcHesLlyYUIxur
Luck Of The Draw,album,1991-01-01,spotify:album:6blrkOZ0VmkhYPjfoD7eqf
Come Fly With Me (Remastered),album,1958,spotify:album:66v9QmjAj0Wwhh2OpbU4BE
Sinatra/Basie: The Complete Reprise Studio Recordings,album,1962-12-10,spotify:album:2NCtCObbmJoJnplsR5mLAl
Songs For Swingin' Lovers! (Remastered),album,1956-03,spotify:album:4kca7vXd1Wo5GE2DMafvMc
Strangers In The Night (Expanded Edition),album,1966-05,spotify:album:1kyb5tomEXcA106V57puFW
Francis A. & Edward K.,album,1968-01,spotify:album:5GFkm37IrMR9a4rc6JABkw
That's Life,album,1966-11,spotify:album:3gNsjaUsu9cRckgUFx5NsY
"Days Of Wine And Roses, Moon River And Other Academy Award Winners",album,1964,spotify:album:7FAo3wmrJNNzz2W5Z5ZG80
It's Time,album,2005-02-08,spotify:album:457fktVFXVwjQTl9wOLlfg
love (Deluxe Edition),album,2018-11-16,spotify:album:68xKnVblFsSQ48CtgZT0oY
Michael Bublé,album,2003,spotify:album:3rpSksJSFdNFqk5vne8at2
Nobody but Me,album,2016-10-21,spotify:album:5wN1OizIFEHDUkRwzIK3wL
Music Is Better Than Words,album,2011-01-01,spotify:album:6VojJdbXviFkMuemAQ2Ivo
Sophie Milman,album,2004-01-01,spotify:album:2g5alWoreAp8i1Jjz2XHr4
Take Love Easy,album,2009-05-05,spotify:album:0a7Ut6OPSs8SvPDhFXL4ar
Make Someone Happy,album,2007-01-01,spotify:album:2oGYlZ7vte6lJ1MuwKKCeW
Breakfast on the Morning Tram,album,2007-09-03,spotify:album:5RwBI4pEinXbIiUhWzAMbX
Unforgettable: With Love,album,1991-06-11,spotify:album:4ilUfGGQXin7hr1srDDXF0
Romance,compilation,2021-02-12,spotify:album:5MuNxtOyex8o77Qdjaqeng
Come Fly with Me,album,2004-03-30,spotify:album:0UhvDeKmtgegXeELEVgGRh
Db in April,album,2018-04-24,spotify:album:2SUUafWH8ZchpD7eNBzXJy
Pioneer,album,2013-01-01,spotify:album:4oXEoK7WVM1lNbmB59IrJ1
The Band Perry,album,2010-01-01,spotify:album:3dASAcs9QOsmoSLhHjEhCu
Some Hearts,album,2005-11-14,spotify:album:0kys2jaKAiDPfNBd4z7LAg
Blown Away,album,2012-05-01,spotify:album:7atJn49QvtOLiFxhQd2hp9
Play On,album,2009,spotify:album:3iLrVuA1k7onNmZTuUQH4u
Home,album,2002-08-27,spotify:album:1zgQkZFMRqx1Lz9GVXghLt
Taking The Long Way,album,2006-05-23,spotify:album:2NeJdEWras0uSuzLPlJZk5
Barton Hollow,album,2011-02-01,spotify:album:6yCzOeJHgOnJBP3K6IDPIV
Carry the Fire,album,2012-06-19,spotify:album:42NjSADnDs97o75bICIqs0
After It All,album,2015-04-07,spotify:album:0HvAm2vysVverWiodCEhON
American IV: The Man Comes Around,album,2002-01-01,spotify:album:2BlL4Gv2DLPu8p58Wcmlm9
Sigh No More,album,2009-10-02,spotify:album:6w5W6ZGTvDsppKUOiGMuMo
Babel,album,2012-09-25,spotify:album:4QVDwpWrDPF2vUjlTHfRjr
A Dotted Line,album,2014-03-28,spotify:album:3ujidZyCiCruwocS0bDmt2
Nickel Creek,album,2000,spotify:album:5SGG7graQOU3OnK3cZZCNd
Les Misérables (Original Broadway Cast Recording),compilation,1987-05-11,spotify:album:3jbKDx0zB1QoJQTw8i1AvD
The Phantom Of The Opera,album,1987-01-01,spotify:album:36bEg6FTBaZGLg9ngJZIU6
The Phantom Of The Opera (Original Motion Picture Soundtrack),album,2004-12-10,spotify:album:1zwEN9cLtWg39zFJnj8brt
Hamilton (Original Broadway Cast Recording),album,2015-09-25,spotify:album:1kCHru7uhxBUdzkm4gzRQc
Les Misérables: The Motion Picture Soundtrack Deluxe (Deluxe Edition),album,2013-01-01,spotify:album:0I6Bl1dVB1hQsSoQF6KuTg
Les Misérables: In Concert at the Royal Albert Hall,album,1996,spotify:album:15L0rrHDr8Q21y7e8WAo8S
The Teal Album,album,2016-11-12,spotify:album:7mTQ62MIYHSbkZHGjY0Ftg
Carolina State of Mind,album,2013-11-15,spotify:album:3zKusinRVxdC5s2wOPYBgX
G Train,single,2019-11-22,spotify:album:0vmio1Hc8vrU7scyVa6BYK
Ignite,album,2021-06-28,spotify:album:5O7GFH7FfXuuDlOfNH76Qq
Unbound,album,2017-07-13,spotify:album:5KqLmDu7Lui1qqdnItWDUs
1988,album,2015-05-19,spotify:album:6nktHqHKPt8kT4ozUJvwrs
Quarter Past,album,2014-11-18,spotify:album:1pScBPjmT5w3s0BTgkdgJy
Keepin' it Low Key,album,2013-01-18,spotify:album:4EmdqB8w7gEONRX5QLypQZ
Storming The Castle,album,2021-06-09,spotify:album:1wjibXmmViZMNA1HsMo7f6
High Stakes Old Maid,album,2016,spotify:album:6sg9WsK06H588Y5VOmwj37
A Swing and a Miss,album,2018-04-26,spotify:album:0qj5ECfme87sP5anevwf81
Almost 8:08,album,2017-09-06,spotify:album:1gbG9XfNmlfNGEnOTH0f6N
Greene St.,album,2016,spotify:album:3qJMqi0VzTFGSDTTMUI5n7
Burn,album,2014-03-29,spotify:album:1fcocQi9SDelG4xiE3d7yQ
Where the Secret Lies,album,2018,spotify:album:6kKcn38yjU8iFvlWCbcQsL
"Sincerely,",album,2016-03-22,spotify:album:4szRoyYFWqLMea8NLx2TpL
A Kick & A Wallop,album,2012-03-24,spotify:album:5wnXtRvlemaPLxZFTpWtix
Fixate,album,2017-04-08,spotify:album:2wDs6jkrCEPBJLnLLFWt7J
House Rules,album,2011-04-26,spotify:album:1fHxE6WZL6ouusBW4h9nE4
The Mallard,album,2013-04-13,spotify:album:2IV5LQ4DzCjAIVwYZMHYgo
Gold,album,2017-11-03,spotify:album:3OF5H5176VONmVik8EvJC6
Cappella,album,2013,spotify:album:3n6JxpdWnHkazMCQxKK5qI
Circle Of Life,album,1996-11-08,spotify:album:3W9Uo4nvI281sjlEIrR6z6
Good Vibrations,album,1993,spotify:album:10IUKCLZPs9onPwXfQVxfv
The King's Singers Collection,album,2008-03-31,spotify:album:2dvmTkGLdYcm6jnrsdQZlj
Breakdown!,album,2009-12-05,spotify:album:7u7dNsbxjcxVoffJELqtCV
Off the Hook,album,2011-12-10,spotify:album:1wfYTTpHsGxvIjDwsPLAAC
The Party Upstairs,album,2013-12-13,spotify:album:2AIAKP2FxbYNjmwQgAkqZz
Stages,album,2014-09-21,spotify:album:3mnYoDcAHKx6uA91f7rtAa
Before You Go,album,2008-12-12,spotify:album:00x5MddnbpBoWJWtubLhHH
At the Beginning,single,2017-06-05,spotify:album:3uN6J4J6VstQCzzHbKbz6j
Misty Mountains: Songs Inspired by The Hobbit and Lord of the Rings,album,2016-03-18,spotify:album:4GYDt4IqU8EZ6KJLHpPuOK
"Legendary Covers, Vol. 1",album,2019,spotify:album:1tFypxtPJ5A61j97TRhWnP
Legendary Folk Songs,album,2018-06-15,spotify:album:22qN0Gw54OwckjTgVGUzVG
"Covers, Vol. III",album,2017-06-16,spotify:album:69zZ6utXSbC6dr6tdBsvNz
Peter Hollens,album,2014-10-27,spotify:album:5kB9QXjsPtcUwvlj4w0dZV
GQ,album,2013-10-07,spotify:album:3Op25RElrVsFcte612zusf
"GQ, Vol. II",album,2016-07-21,spotify:album:71Z9gNhhrz6jhIC272Yt24
Graveyard Shift,single,2018-10-28,spotify:album:4i6gztUxx7Iq1tocxEX1pY
bad guy,single,2019-12-13,spotify:album:1phloQZ7zGTlsfQVUBiTbK
Señorita,single,2019-12-02,spotify:album:40wlfdkpATRjUMtrlt6BFb
Never Enough,single,2019-02-08,spotify:album:0c9cgQqbVL9QVvwbA6faAB
Lost in Japan,single,2018-12-28,spotify:album:1Zs8K8co0WkLKaQ4NxduR5
No Tears Left to Cry,single,2018-12-11,spotify:album:2f47uqbseyM4AGSCiIQaw2
M,album,2015-03-30,spotify:album:1B0XzLFo4XYh8QIwPRTdpR
Encore,album,2013-05-03,spotify:album:1AN2Vv5PecNjJEmzys8Gru
The Reading Room Sessions (Fall 2017),single,2017,spotify:album:4xbXu4kEwTS8NOTX6aRwkg
Rain Check,album,2010-11-09,spotify:album:6xuVrseH6zVGlcMojwowxn
ICCA 2016: The Extended Cuts,single,2017-01-24,spotify:album:07xYpylAQHOJoHStqUpKwp
Behind Bars,album,2007-02-21,spotify:album:40g8iY5VB5sTJ31943mAzQ
Wavelength,album,2015-04-10,spotify:album:56RyapLbZ4DESHfzD87X7F
Oasis,album,2018,spotify:album:1VpHqAIW8Pu343GJa0UpRQ
Defrosted,album,2004-04-24,spotify:album:3DLNakCGffrhPaaj9rfepk
Against the Grain,album,2001-04-24,spotify:album:27W6ijbmL6QPNrdQGncwDJ
V,single,2018,spotify:album:7wPsYBhUlqtAgPr2hbbmP3
VoCabulary,album,2016-05-03,spotify:album:6QTtvpKN8GebVCKsx8YRmJ
Permit to Harmonize,album,2013-03-01,spotify:album:4aHUBNFRDR1DzCO8GULLTD
Pitch Slapped - EP,single,2011-04-08,spotify:album:5I08qbUSg8f48kenQs7Tg6
Disturbia,single,2010-11-22,spotify:album:3ypmasyBX16BmWt52owYaN
RISE,album,2016-02-09,spotify:album:6V8819n4bdv7dA5mFdCIAo
III,album,2012-04-12,spotify:album:3iFvXj07Frbs54rK9CzCIo
Equilibrium,album,2013-11-17,spotify:album:6BeTGjWVDQLQhdSM5MBziy
ZZZ Spotlight on Bach,album,2010-02-22,spotify:album:3qHHoQNFqZptsQE9Y3esLh
A Capella Christmas Favourites,album,2018-12-03,spotify:album:4PUNlc0snMF3Bqa8NeWLRk
Around the World - A Folk Song Collection,album,1991-02-01,spotify:album:2YLEK2g3iwuhW4vp02XRnn
"Anyone For Mozart, Bach, Handel, Vivaldi?",compilation,1986-01-01,spotify:album:4T01tb3Uti8xbdSByxS8DL
Weather To Fly,album,2013-09-16,spotify:album:2AW4oP7GeAcKOWRY5x7O0o
Ferris Wheels,album,2010-01-01,spotify:album:5ASqFPQZT7iJ3Txsly4JIC
Unwrapped,album,2006-09-12,spotify:album:6ua3tHyrfZNh6CpZLzCAuT
Vocal Spectrum III,album,2011-11-07,spotify:album:4F5N06bwpwxllsHAJh8Xn6
Vocal Spectrum II,album,2008-07-15,spotify:album:1RDzZXCmf9q1SQbyz48HFq
Vocal Spectrum V,album,2017-07-14,spotify:album:3thUTTJbMtypYYmvsU6ucZ
Vocal Spectrum,album,2008-07-15,spotify:album:1rwY1OIG97HcTydwEVtqOP
I Used to Live Alone,album,2011-05-21,spotify:album:0AmRRsaQVm5noeAB6LF8yA
Songs for Padded Rooms,album,2011-05-21,spotify:album:0h3bmbpSuD01ha1k52E1uz
BOCA 2004: Best Of College A Cappella,compilation,2004-01-01,spotify:album:5qrIP0zXoDQUSZ9l1ZaECQ
BOCA 2006: Best Of College A Cappella,compilation,2006-01-01,spotify:album:3AeoTNhXFgBM7CuODGFelQ
BOCA 2008: Best Of College A Cappella,compilation,2011-02-15,spotify:album:4Z0ju0i47UZ2Y4icq2f3wZ
BOCA 2009: Best Of College A Cappella,compilation,2011-02-15,spotify:album:50WaSkL4pVvz9Crsca7oNV
BOCA 2010: Best Of College A Cappella,compilation,2011-02-15,spotify:album:3HSd3voAxPxS50UrfInBVJ
BOCA 2011: Best Of College A Cappella,compilation,2011-01-11,spotify:album:27d96rqnXRtmrGBGHJzPBh
BOCA 2012: Best Of College A Cappella,compilation,2012-01-01,spotify:album:26eCHp86K2xLQj0B7Cr8he
BOCA 2013: Best of College A Cappella,compilation,2016,spotify:album:6Pqey2mc4EWSfYNH3bifbO
BOCA 2014: Best Of College A Cappella,compilation,2014-01-31,spotify:album:7rZoAMtoZ8s5mLIlUTWgVT
BOCA 2015: Best Of College A Cappella,compilation,2014-12-19,spotify:album:0gyhBvJs1GiI31cMMmKLnK
BOCA 2016: Best Of College A Cappella,compilation,2015-12-15,spotify:album:2AOr4esohQurJGXklhRH1a
BOCA 2018: Best of College A Cappella,compilation,2018,spotify:album:4F7k4viXqEAIlrB5rbAPbF
Best of BOCA: The First 20 Years,compilation,2014-04-15,spotify:album:5bcLIouxn2oBiGvf4vvO6u
Déjà Blue,album,2015-04-11,spotify:album:1mZNLR8qY6GhhrnCmtEAv3
Voices Only 2009 College A Cappella (Disc 1),compilation,2009-09-23,spotify:album:20PLlTE6r1hsQrmyhUW7oB
"Voices Only 2013 College A Cappella, Vol. 1",compilation,2013-08-01,spotify:album:6zr4GyBIMy2GRvIGPflYaK
"PTX, Vol. 1",album,2012-06-26,spotify:album:5wGlP6EqF7akh6N3UGfKVZ
"PTX Presents: Top Pop, Vol. I",album,2018-04-13,spotify:album:2viOlnLfhPLDgx7hvBqLwW
Attention,single,2018-03-23,spotify:album:6OMyQmPmiu4dKGC2gGd7pk
PTX Vol. IV - Classics,album,2017-04-07,spotify:album:00JpoY0ZaQRXTNJUruibfX
Pentatonix (Deluxe Version),album,2015-10-16,spotify:album:6qf9tE8pNRW0kX1Cucrixr
"PTX, Vol. 2",album,2013-11-05,spotify:album:12dPqNFIdjiVFSHvtsDmzJ
That's Christmas To Me (Deluxe Edition),album,2015-10-30,spotify:album:082VlX7cBth0o8xqDGclNn
A Pentatonix Christmas Deluxe,album,2017-12-06,spotify:album:3sId8sOH47yqOWopzbEtJn
Hallelujah,single,2017-01-06,spotify:album:1zwXAdIuszeLhNEhCEGC4y
Havana,single,2018-02-23,spotify:album:6JBFPW02DEVMX4xlRNJm2Z
"PTX, Vol. III",album,2014-09-23,spotify:album:32y54TelUHSUDWVOx4h1B4
PTX,album,2014-09-19,spotify:album:77RBn8pRsfXlZdfTQh221D
The Sound of Silence,single,2019-02-15,spotify:album:2d5CHsmyOYGqfjDaPrdEzc
Christmas Is Here!,album,2018-10-19,spotify:album:6thZNGX8hUVSjUrqJgPB9b
The Sound of Silence,single,2017,spotify:album:2csjrZ6lbV7wWvVTsEi7u0
BOCA 2020: Best of College A Cappella,compilation,2020-01-08,spotify:album:3c4vODZeeDk38CVmjbUERt
BOCA 2021: Best of College A Cappella,compilation,2021-02-06,spotify:album:1eKkeTIlePsRpKkQre78tT
Scream,album,2017-09-27,spotify:album:2X8UOIkZQdcz2Hi5Ynt2uk
Tequila Shawty,single,2020-03-20,spotify:album:06mMPcFxTwSUmyKJlaVQZQ
Free Wired,album,2010-01-01,spotify:album:1TuKgkCGIxiIns9Bc5XKRC
Pink Friday ... Roman Reloaded,album,2011-01-01,spotify:album:6OfCOPtcPuhlAovGJ52uZO
Savage Remix (feat. Beyoncé),single,2020-04-29,spotify:album:6M4VOF1ExBRii1x20Pk0GR
Listen (Deluxe),album,2014-11-24,spotify:album:3UEEPh5wsdhP7SKC31yvhu
How You Like That,single,2020-06-26,spotify:album:19LMUlWN7xU2NW80pZSeuH
Ice Cream (with Selena Gomez),single,2020-08-28,spotify:album:2VBb4LRcRSACOfJWRUgVZl
Dynamite (DayTime Version),single,2020-08-28,spotify:album:6K4chJALBBMYmXjwgvqahx
BLACKPINK IN YOUR AREA (Japanese Version),album,2018-12-05,spotify:album:4cpZazoKuj3jD6x2GrSX2w
The Lion King,compilation,1994-01-01,spotify:album:3YA5DdB3wSz4pdfEXoMyRd
Beauty and the Beast,compilation,1991-01-01,spotify:album:3O5p9VNddbwvqWTdYKEqV5
Tangled,compilation,2010-01-01,spotify:album:1l0aFrH24oPrQSqGtfeFyE
Songs and Story: Cinderella,single,2009-01-01,spotify:album:1d4rBfCtXPqkphzbvjokLa
Cinderella Special Edition (Original Motion Picture Soundtrack/Japanese Version),compilation,2005-10-19,spotify:album:3QAxBLpXRLVMh1dRtuQa0q
The Little Mermaid Special Edition,album,2006-01-01,spotify:album:4aAwvCRNJIqiUGVEjieWv6
Mulan (Original Soundtrack),compilation,1998-01-01,spotify:album:3Ohs7Jo6GM6mydUOL0m5aC
The Jungle Book,compilation,1997-01-01,spotify:album:7zdZNXoapFcOW663zgLdOE
Aladdin Special Edition,compilation,2004-01-01,spotify:album:7bt2aty3lUo6Q1Ud8pthRz
Frozen (Original Motion Picture Soundtrack / Deluxe Edition),compilation,2013-01-01,spotify:album:7lZs5r4oQV2nutddffLrg0
Sleeping Beauty,compilation,1996-01-01,spotify:album:3U3I9TY7on88tPvM1guh54
The Princess and the Frog (Original Motion Picture Soundtrack),compilation,2009-11-23,spotify:album:0CcL28OkH89kjgKpNZC8sW
Moana (Original Motion Picture Soundtrack/Deluxe Edition),compilation,2016-11-18,spotify:album:6pZj4nvx6lV3ulIK3BSjvs
Pocahontas,compilation,1995-01-01,spotify:album:7L6kEZVkWh7OEI71b1JHZd
Frozen 2 (Original Motion Picture Soundtrack/Deluxe Edition),compilation,2019-11-15,spotify:album:4M07HWIlZr7zoXoxDHR5mz
101 Dalmatians,compilation,1998-01-01,spotify:album:6hcQqEfqHDkQZl1bdgr4Vr
Coco (Original Motion Picture Soundtrack),compilation,2017-11-10,spotify:album:7nMexBA71PdwPnfqS5Yji5
The Hunchback Of Notre Dame (Original Motion Picture Soundtrack),compilation,1996-05-28,spotify:album:7btQeUDTIIfnh2iCQ8Pfhq
Disney's Greatest Vol. 3,compilation,2002-08-20,spotify:album:6UuNvv5UFJG5bQkYzQIarh
The Journey so Far,album,2011-08-09,spotify:album:3zr8JDmixklHY1sOURyfoK
Mozart: The Piano Sonatas,album,1981-01-01,spotify:album:1qM2Z3rhkJLQIXnAQpIUdY
"Chopin: Piano Sonata No. 3, Fantasie-impromptu, Prélude, Nocturne, et al.",album,2010-04-05,spotify:album:5QmPVpRux60kcHndJOl6bF
Liszt: Piano Works,album,2011-05-20,spotify:album:3ZywfV6j1ZeKAi3uOcJ9f9
Chopin: Nocturnes; Four Ballades,album,1997-01-01,spotify:album:0lrM7kR5o7iqkajLKIlzRg
Chopin Favourites,album,1990-01-01,spotify:album:5JZN2y1ePhusziw1DpndlL
Frederic Chopin - Waltzes & Nocturnes,album,1994-07-01,spotify:album:3USjXpMk5Pga22AZua7vNT
Chopin: Preludes; Sonata No.2,album,2002-01-01,spotify:album:33YXJqoFV5AQwbo4yfk22n
Chopin: Ballades; Barcarolle; Fantaisie,album,1988-01-01,spotify:album:5c9v5oU43Oo22MSG8EKFp2
Chopin: Polonaises,album,1996-01-01,spotify:album:19ofW4fqCAR2uQJKVWw6L6
Chopin: Nocturnes,album,2005-01-01,spotify:album:2aoSpTAjFaMvaZeruqnCVv
"Martha Argerich Live, Vol. 4",album,2017-01-20,spotify:album:69aoRIAIVb2TbIuxmxKYCR
Chopin: Waltzes; 4 Scherzos; 26 Preludes,album,1999-01-01,spotify:album:0yCrQ6dCqiI6ldqI8LPqWB
Rachmaninov: Preludes for Piano (Complete),album,2007-05-29,spotify:album:1vlnwUAidj7bEmRhsq4zTv
Beethoven: The Piano Sonatas,album,1995-01-01,spotify:album:7xbsSOswKgms1fUFuwKArz
Mozart Piano Pieces,compilation,2020-10-13,spotify:album:3AYEvo7R1gY4O5xJuMwy3U
"Beethoven: Piano Sonatas Nos. 30, 31 & 32",album,2012-03-06,spotify:album:478l1JdqbqDzcmmgrqw2zu
Beethoven: Piano Sonatas Nos. 1-3,album,2008-01-01,spotify:album:5CjMjZJnjdHHgwAVkqrvXq
"Beethoven: Piano Sonatas ""Moonlight""; ""Appassionata""; ""Pathétique""",album,1983-01-01,spotify:album:0RCfE1YhkdrjnM3kXT3YLl
Debussy: Clair De Lune and Other Piano Favourites,album,1994,spotify:album:4O5tv6jrLH80bmll46xEEe
Haydn: String Quartets,album,2008-01-01,spotify:album:1rNGG2I3AKJy9FWqUiitkc
"Shostakovich: String Quartets Nos. 1, 4, 6, 8, 9 & 11",album,2005,spotify:album:4V2YVRjysd08RF0GLRDDK7
"Mozart: String Quartets Nos. 4, 17 & 22",album,2011-02-22,spotify:album:1PxALR0DTaTJPL6ByBK266
Debussy & Ravel: String Quartets,album,2018-05-25,spotify:album:77Eg2dHidrefgsS3GZ88nK
"Dvorak: String Quintet, Op. 97 & String Sextet, Op. 48",album,2018-01-19,spotify:album:02nUFvsdTaekp2QQalnE3N
"Beethoven: String Quartets, Op. 18",album,2015-08-31,spotify:album:37iUq5Dekt8uP5itTiVs2Q
Brahms: String Quartets & Piano Quintet,album,2007-01-01,spotify:album:5nZ5ePGoQZGt1MbGphwqph
Beethoven: Complete String Quartets,album,2010-10-12,spotify:album:4JhUG1lr4xztAcqyA0Jm3a
Mahler: Symphony No.4,album,2000-01-01,spotify:album:10KoGmf2EGJ9fOGX8Jax6o
Mahler: Symphony No.3,album,1986-01-01,spotify:album:03IVjjnh2EontnNBxrNwyT
"Mahler: Symphony No.2 ""Resurrection""",album,1987-11-11,spotify:album:2SVkyvRyCXIZ8WsGe8j0xc
Mahler: Symphony No. 2,album,2003-01-01,spotify:album:7gT4IDM5LLU3z9uU2tcbB6
Mahler: Symphony No.1,album,1991-01-01,spotify:album:6AQ7FKotXSiSQaYfZBHTdd
Mahler: Symphony No.5,album,1997-01-01,spotify:album:2mxjaerL9JdNbLnGdCfh8Q
Karajan - Mozart,compilation,2020-06-16,spotify:album:1HSJhsMIW2EDD4YSSkbc9e
"Mozart: Symphony No. 40 in G Minor, Bassoon Concerto & Flute Serenades Nos. 1 & 3",album,2017-12-08,spotify:album:3WHqaCZ66SWzL7LyYnrn9y
Beethoven: 9 Symphonies; Overtures,album,1993-01-01,spotify:album:2DQTNTznsteIZciZdyeWdj
Brahms: The Symphonies,album,2009-09-07,spotify:album:2dL2qDsg6teV1cueLxCRa1
Poulenc: Motets and Mass,album,2013-01-30,spotify:album:6czmOzWnyfS71jDpRxZDam
Fauré/Duruflé/Messiaen,album,1989,spotify:album:2kJvD9jzU5n9dmNj9FoyQ8
Allegri - Miserere,album,1994-02-15,spotify:album:6DXPSePAsqcD40WQsSnasD
Purcell : Anthems & Sacred Songs [Evening Prayer],album,2003-08-29,spotify:album:7K8qhv7euF0xd6DiqoReDK
Allegri Miserere,album,2006-10-03,spotify:album:3fvFlaBBbAFO0QCrSTbfaU
Folk Songs Of The British Isles,album,1993-07-24,spotify:album:7eFKaVzp6K60oBnB2kTjwV
Our Heart's Joy: A Chanticleer Christmas,album,2008-11-11,spotify:album:7mdIzxZmqt54mv5wx3drAf
Bruckner: Mass in E Minor & Motets,album,2002,spotify:album:13eAUvw0Ga3BBFsf6oxF46
"Choral Music - Bainton, E. / Thompson, R. / Mozart, W.A. / Casals, P. / Mendelssohn, Felix / Parry, H. / Durufle, M.",album,2004-01-01,spotify:album:2ZcxORUFkzrpjZ7DrSmNkT
Light & Gold,album,2010-01-01,spotify:album:2hnquPCPDsr3Srk64rdeVS
Tchaikovsky: Sacred Choral Music,album,2016-07-01,spotify:album:4udN7bCLaa8zCnaIvoxzOB
Rachmaninov: Vespers - All Night Vigil,album,1994,spotify:album:7hqotgNjEJt09XiggaMI1v
Rachmaninoff & Poulenc: Blue Bird,album,2014-01-10,spotify:album:7LfArBzkgp1PPDGDGSYWaR
Fauré: Requiem; Pavane,album,2008-01-01,spotify:album:0mhVHXJrGE5WUA58CJLf29
Mendelssohn: A Midsummer Night's Dream,album,2017-02-03,spotify:album:60J66evwnrnfH03HgDTrwN
Fauré Pavane,single,2020-05-30,spotify:album:0FaQ2LW8NNG3YXYJXFikJF
Debussy: La Mer; Jeux; Prélude à l'après-midi d'un faune; Le Martyre de Saint Sébastien (Symphonic Fragments),album,1989-01-01,spotify:album:5egJ0o1mVH2liUfecDWYqk
Holst: The Planets,album,1981-01-01,spotify:album:4v0Xyz0LVToUsSTGdsvKSK
Mussorgsky: Pictures At An Exhibition,album,2016-12-02,spotify:album:1b2aoeaYZZBWmJoavOQhnd
Stravinsky: The Firebird (Ballet Suite),album,2009-01-01,spotify:album:2q1xMRl4AcA7rI8GfGnmvD
Stravinsky: The Rite of Spring / Bartók: Concerto for Orchestra,album,2007-01-01,spotify:album:317b74rpNBO2uhaJFyMaxJ
"Stravinsky: Petrushka, Jeu de cartes",album,2018-10-19,spotify:album:19fQbFNjlfXgBAFqftKzWA
Coppélia,album,2018-07-06,spotify:album:7jKT8NC2XfAs9RFKsrGz2p
Tchaikovsky: Swan Lake,album,1976,spotify:album:7dVA06E7AP7P7VzPyNxQVO
Tchaikovsky: The Nutcracker,album,2010-10-11,spotify:album:54Awn36ryf55PkZyOR4iwQ
La Bohème,compilation,1998,spotify:album:4FqWqqnsUS8gKpLEYnuICl
Puccini: Turandot,album,1973-09-01,spotify:album:4MgEjX6gD7TJcgr47E4RTZ
Mozart: Die Zauberflöte,album,1964-01-01,spotify:album:45QGB3unppoM0c5CoRobJK
Carmen,album,2005-11-15,spotify:album:7v178habOq2br0SjMG1KF5
Bach: Unaccompanied Cello Suites (Remastered),album,1983,spotify:album:2OpnKgmVYPEN2GldgBponI
"Bach, J.S.: Brandenburg Concertos etc.",album,1995-01-01,spotify:album:11FzhwtOFCPB4vpgWo33xV
Mozart: Eine Kleine Nachtmusik etc.,album,1986,spotify:album:5YCuibCDJrkVcS3UOAYqr9
Rachmaninov: Piano Concerto No.2,album,2012-01-01,spotify:album:5lVqgXqdoIH3W1wUM2hzPx
Vivaldi: Four Seasons,album,2008-01-01,spotify:album:4Uc1Cus3I9LjkI2XwtQnfc
Vivaldi: The Four Seasons.,album,2007-10-01,spotify:album:4YpaKMCcb65yOoee75UUOh
Closer,single,2016-07-29,spotify:album:0rSLgV8p5FzfnqlEk4GzxE
Manic,album,2020-01-17,spotify:album:68enXe5XcJdciSDAZr0Alr
The Stranger (Legacy Edition),album,1977,spotify:album:1Mhn9VosyjtWn4dMPFlna6
BAEKHYUN,single,2021-01-20,spotify:album:1jV1UooTpZ7c90umcENmOC
Wings,album,2016-10-10,spotify:album:1vhNGBTFoaSTLbHjPGFIlF
Shutdown (Feat. Seori),single,2021-12-30,spotify:album:3qGgRGX3KHbwph4AzWVko1
FANCY YOU,single,2019-04-22,spotify:album:3aLpWFejbsdyafODLXRqwF
SQUARE UP,single,2018-06-15,spotify:album:2zwfcNqJe7IT1RwgVyv1ug
SQUARE UP,single,2018-06-15,spotify:album:0wOiWrujRbxlKEGWRQpKYc
Carolina State of Mind,single,2012-04-21,spotify:album:02UgXzVwEt8TOIEnHjbQ8W
Hunting High and Low,album,1985-06-01,spotify:album:1ER3B6zev5JEAaqhnyyfbf
Under the Influence (Ultimate Edition),album,2013-05-07,spotify:album:2jeIoe6RbirPCprvXQnqqn
