name,uri
CeeLo Green,spotify:artist:5nLYd9ST4Cnwy6NHaCxbj8
Eagles,spotify:artist:0ECwFtbIWEVNwjlrfc6xoL
Billy Joel,spotify:artist:6zFYqv1mOsgBRQbae3JJ9e
GOT the beat,spotify:artist:6uNxlIP5lzPFf0BHuELOuX
IVE,spotify:artist:6RHTUrRF63xao58xh9FXYJ
STAYC,spotify:artist:01XYiBYaoMJcNhPokrg0l0
Red Velvet,spotify:artist:1z4g3DjTBBZKhvAroFlhOM
BLACKPINK,spotify:artist:41MozSoPIsD1dJM0CLPjZF
Selena Gomez,spotify:artist:0C8ZW7ezQVs4URX5aX7Kqx
ITZY,spotify:artist:2KC9Qb60EaY0kW4eH68vr3
BTS,spotify:artist:3Nrfpe0tUJi4K4DXYWgMUX
LACHICA,spotify:artist:0vqjEQRfmE1Sov92UQRJMp
CHUNG HA,spotify:artist:2PSJ6YriU7JsFucxACpU7Y
Various Artists,spotify:artist:0LyfQWJT6nXafLPZqxe9Of
Stray Kids,spotify:artist:2dIgFjalVxs4ThymZ67YCE
Halsey,spotify:artist:26VFTg2z8YR0cCuwLzESi2
ENHYPEN,spotify:artist:5t5FqBwTcgKTaWmfEbwQY9
LE SSERAFIM,spotify:artist:4SpbR6yFEvexJuaBpgAU5p
aespa,spotify:artist:6YVMFz59CuY7ngCxTxjpxE
NCT,spotify:artist:48eO052eSDcn8aTxiv6QaG
NCT U,spotify:artist:3paGCCtX1Xr4Gx53mSeZuQ
Weeekly,spotify:artist:73B9bjqS2Z5KLXNGqXf64m
SEVENTEEN,spotify:artist:7nqOGRxlXj7N2JYbgNEjYH
LISA,spotify:artist:5L1lO4eRHmJ7a0Q6csE5cT
JEON SOMI,spotify:artist:7zYj9S9SdIunYCfSm7vzAR
TWICE,spotify:artist:7n2Ycct7Beij7Dj7meI4X0
Steve Aoki,spotify:artist:77AiFEVeAVj2ORpC85QVJs
Monsta X,spotify:artist:4TnGh5PKbSjpYqpIdlW5nz
OH MY GIRL BANHANA,spotify:artist:0X1f2U9bxiC3DhKA8OcvgG
THE BOYZ,spotify:artist:0CmvFWTX9zmMNCUi6fHtAx
Girls' Generation,spotify:artist:0Sadg1vgvaPqGTOjxu0N6c
IZ*ONE,spotify:artist:5r1tUTxVSgvBHnoDuDODPH
MOMOLAND,spotify:artist:5RR0MLwcjc87wjSw2JYdwx
Natti Natasha,spotify:artist:1GDbiv3spRmZ1XdM1jQbT7
OH MY GIRL,spotify:artist:2019zR22qK2RBvCqtudBaI
TOMORROW X TOGETHER,spotify:artist:0ghlgldX5Dd6720Q3qFyQB
WJSN,spotify:artist:6hhqsQZhtp9hfaZhSd0VSD
EXO,spotify:artist:3cjEqqelV9zb4BYE3qDQ4O
BIGBANG,spotify:artist:4Kxlr1PRlDKEB0ekOCyHgX
HYO,spotify:artist:3U7bOaJLuFkrmDQ1C1OqKl
Loopy,spotify:artist:3l9s67pOK4Stw9yW1wr0Bg
JEON SOYEON,spotify:artist:6Xg22wJOAcnvPUfk5WvODH
JENNIE,spotify:artist:250b0Wlc5Vk0CoUsaCY84M
SUPER JUNIOR,spotify:artist:6gzXCdfYfFe5XKhPKkYqxV
AOA,spotify:artist:54gWVQFHf8IIqbjxAoOarN
CLC,spotify:artist:6QyO41KctzGc70mVaVnXQO
Dua Lipa,spotify:artist:6M2wZ9GZgrQXHCFfjv46we
Hyolyn,spotify:artist:78sJswwVn4P8aEhkF4K6fQ
IU,spotify:artist:3HqSLMAZ3g3d5poNaI7GOU
PSY,spotify:artist:2dd5mrQZvg6SmahdgVKDzh
SISTAR,spotify:artist:2wTLheTmMcFCA4hdY8hZJP
SOYOU,spotify:artist:3b4kLCI0ZJW47TFsNRqgCb
Junggigo,spotify:artist:6zTIxEXFWjoNu2VXauDITb
lIlBOI,spotify:artist:25wMXkplvEHJpJHX8A6Ved
Wonder Girls,spotify:artist:3Cv2vi3WTl8VZOTdrBkKdM
V,spotify:artist:3JsHnjpbhX4SnySpvpa9DK
JIN,spotify:artist:5vV3bFXnN6D6N3Nj4xRvaV
SUGA,spotify:artist:0ebNdVaOfp6N0oZ1guIxM8
CHANGMO,spotify:artist:3hvinNZRzTLoREmqFiKr1b
MAMAMOO,spotify:artist:0XATRDCYuuGhk0oE7C0o5G
Leslie Grace,spotify:artist:6BeO1KuAWBqFriL1mLHtNc
Play-N-Skillz,spotify:artist:7MP4jhYmFEgb0AtiOkw55s
Dalshabet,spotify:artist:10xsuRNvidaOLxWd3fRIel
j-hope,spotify:artist:0b1sIQumIAsNbqAoIClSpy
Becky G,spotify:artist:4obzFoKoKRHIphyHzJ35G3
MAX,spotify:artist:1bqxdqvUtPWZri43cKHac8
Lady Gaga,spotify:artist:1HY2Jd0NmPuamShAr6KMms
DKZ,spotify:artist:31eyTcfjAke5hFX3az3nRE
BAEKHYUN,spotify:artist:4ufh0WuMZh6y4Dmdnklvdl
SUNMI,spotify:artist:6MoXcK2GyGg7FIyxPU5yW6
2NE1,spotify:artist:1l0mKo96Jh9HVYONcRl3Yp
CL,spotify:artist:0tzSBCPJZmHTdOA3ZV2mN3
SHAUN,spotify:artist:72nLe76yBFSlP6VBzME358
K/DA,spotify:artist:4gOc8TsQed9eqnqJct2c5v
Madison Beer,spotify:artist:2kRfqPViCqYdSGhYSM9R0Q
(G)I-DLE,spotify:artist:2AfmfGFbe0A0WsTYm0SDTx
Jaira Burns,spotify:artist:0tRFWXqKBBQcu5oFVOgVzX
League of Legends,spotify:artist:47mIJdHORyRerp4os813jD
GOT7,spotify:artist:6nfDaffa50mKtEOwR8g4df
TAEYEON,spotify:artist:3qNVuliS40BLgXGxhdBdqu
Verbal Jint,spotify:artist:24sQuJhQ85ZygDG7sUVUxR
Suzy,spotify:artist:4U80LJd8sG6U9YTFP5izka
SURAN,spotify:artist:1mORehSVEd7lcaT2d7Sl2K
Crush,spotify:artist:6aLdhHUqgdKE86xbtNmY8g
Coogie,spotify:artist:0IznZPMUyaPGdqfP4oqBja
Hwa Sa,spotify:artist:7bmYpVgQub656uNTu6qGNQ
EXID,spotify:artist:1xs6WFotNQSXweo0GXrS0O
TAEYANG,spotify:artist:6udveWUgX4vu75FF0DTrXV
Red Velvet - IRENE & SEULGI,spotify:artist:6bwp9ObI8FWvMPCIWVBmhl
iKON,spotify:artist:5qRSs6mvI17zrkJpOHkCoM
Rain,spotify:artist:5L4EafeXwZ0stGuPtGr5Tz
Trouble Maker,spotify:artist:0ztjVBmFk6OuHq6XBBwMI9
Wanna One,spotify:artist:2CvaqAMMsX576VBehaJ0Wx
TREASURE,spotify:artist:3KonOYiLsU53m4yT7gNotP
AILEE,spotify:artist:3uGFTJ7JMllvhgGpumieHF
PENTAGON,spotify:artist:1wKpMkucynaTfG8lyPprYV
LUNCH,spotify:artist:2UVzzx3MOPYV3l6xW2lzBv
Sandeul,spotify:artist:2QeJBmgBdpH4i3uJns5Rdx
Agust D,spotify:artist:5RmQ8k4l3HZ8JoPb4mNsML
RM,spotify:artist:2auC28zjQyVTsiZKNgPRGs
G-DRAGON,spotify:artist:30b9WulBM8sFuBo17nNq9c
miss A,spotify:artist:1BEohdSWSBggmO979tzRwW
Loco,spotify:artist:2e4G04F77jxVuDYo44TCSm
Jang Yi-jeong,spotify:artist:7nLakaHt1koh5mP4OIVM0F
Apink,spotify:artist:2uWcrwgWmZcQc3IPBs3tfU
ROSÉ,spotify:artist:3eVa5w3URK5duf6eyVDbu9
Guaynaa,spotify:artist:0BqURncJM5B1BBu7UM51eq
KAI,spotify:artist:6iVo62B0bdTknRcrktCmak
Girl's Day,spotify:artist:13kJgvU22LHMsJtGWLmx7W
WENDY,spotify:artist:0FRUZvZNPzM3YJMABJxf2K
TAEYONG,spotify:artist:6SKusTjOAPsTZ6kareKQdm
SEULGI,spotify:artist:2QM5S4yO6xHgnNvF0nbZZq
SinB,spotify:artist:0tZl5OAXf9jYXFmfRGejs2
LeeHi,spotify:artist:7cVZApDoQZpS447nHTsNqu
B.I,spotify:artist:0UntV1Bw2hk3fbRrm9eMP6
JOY,spotify:artist:0sYpJ0nCC8AlDrZFeAA7ub
CHAN 찬,spotify:artist:0nxWeW71DDYHY26V4LzMz9
Dreamcatcher,spotify:artist:5V1qsQHdXNm4ZEZHWvFnqQ
LOONA,spotify:artist:52zMTJCKluDlFwMQWmccY7
EVERGLOW,spotify:artist:3ZZzT0naD25RhY2uZvIKkJ
WONWOO,spotify:artist:3rHcBT06Vb1XGVUWhDALZt
MINGYU,spotify:artist:5gUpo0BRmo6EOTbyU3z5Ay
3YE,spotify:artist:65SWpUO42tdFbEhdfj1ryf
CHANYEOL,spotify:artist:6jV25rzTKQ2zMgrqHha1V5
Punch,spotify:artist:2FgZrgTMX6Sk0VNcOsEPmm
Solar,spotify:artist:5cYcI546S8Lf97m4mNdYLD
BIBI,spotify:artist:6UbmqUEgjLA6jAcXwbM1Z9
Lee Young Ji,spotify:artist:0Y2AcMPMpeuPXtPQGVvRBq
NCT DREAM,spotify:artist:1gBUSTR3TyDdTVFIaQnc02
WayV,spotify:artist:1qBsABYUrxg9afpMtyoFKz
f(x),spotify:artist:3wRA5UYoo08BBKJnzyKkpF
Whee In,spotify:artist:0BqRGrwqndrtNkojXiqIzL
Jessi,spotify:artist:64k5e9kV9MdukXjFrR5R37
YUQI,spotify:artist:22aCD8IrQZjcPgZw728QT6
Moon Byul,spotify:artist:1eTft3tXynrKdo6XD7QHLL
TEN,spotify:artist:3Q5Qep7ytrjVleNnMnntgQ
WayV-TEN&YANGYANG,spotify:artist:4wOAdZOMOVSwrZQxDYrUx3
AKMU,spotify:artist:6OwKE9Ez6ALxpTaKcT5ayv
TVXQ!,spotify:artist:6nVMMEywS5Y4tsHPKx1nIo
BoA,spotify:artist:4muJrGMndyYWqZtfk8OWy4
TAEMIN,spotify:artist:13rF01aOogvnkuQXOlgTW8
2PM,spotify:artist:5iRPbkcPmqAFFwDUj6ywVS
SuperM,spotify:artist:5BHFSMEjfLVx1JwRWjAOsE
NCT 127,spotify:artist:7f4ignuCJhLXfZ9giKT7rH
YUJU,spotify:artist:7Bu0r4MCDX3sbhcFD5IXyx
R3HAB,spotify:artist:6cEuCEZu7PAE9ZSzLLc2oQ
Brave Girls,spotify:artist:7t5H3uQv0Zw6cQUnSTF5BB
CIX,spotify:artist:1lHfzEkKmmvdVDDDLKkcsd
WONHO,spotify:artist:6pC3vnUgNVITdYMMXefi6D
ONEUS,spotify:artist:3CVYSpM7nfHFG5qCTW7Ht9
Christopher,spotify:artist:3zDRCqOhJXJfS2YWOEwGMC
BTOB,spotify:artist:2hcsKca6hCfFMwwdbFvenJ
WOODZ,spotify:artist:6y9nlaoynxSvoTGY09Vdcy
DJ Snake,spotify:artist:540vIaP2JwjQb9dm3aArA4
Ozuna,spotify:artist:1i8SpTcr7yvPOmcqrbnVXY
Megan Thee Stallion,spotify:artist:181bsRPaVXVlUKXrxwZfHK
ATEEZ,spotify:artist:68KmkJeZGfwe1OUaivBa2L
4Minute,spotify:artist:6cdC1cwqh3eJAXaxXJt2jv
ADORA,spotify:artist:3M1kgHOpPruu1uBymBHF3r
EUNHA,spotify:artist:4MLK9Hhz7UhxAzU2awoLxk
Basick,spotify:artist:7pXKdkQsYFCMG2omRxheJ2
Brown Eyed Girls,spotify:artist:2GEPtT5RDxrmdi0A4mbDi7
J.Y. Park,spotify:artist:1TTx0YcbKUtJIZY1HEnh9B
LADIES' CODE,spotify:artist:4epPY1AW9lQeVUM1XaFiwi
SUPERBEE,spotify:artist:0Q5XzDpn7DCI5jlubok4xb
SHINee,spotify:artist:2hRQKC0gqlZGPrmUKbcchR
JENO,spotify:artist:3DZrLuJOQFKqV2sjMsKb1V
HENDERY,spotify:artist:5wrZ59w1ndSBlPeUj2f6Fs
YANGYANG,spotify:artist:5yyf4YDCKGaa71SC7KRw2L
GISELLE,spotify:artist:2P1id80CMwR5R5cwcyIIAi
SMTOWN,spotify:artist:49VtaZvoqBgZHQxSqlCUyp
Lee Mujin,spotify:artist:4Xj0peBt3EZHbdF20JmdWC
Kep1er,spotify:artist:5R7AMwDeroq6Ls0COQYpS4
P1Harmony,spotify:artist:3JjvsPeGMbDJqsphe2z8xU
MAX CHANGMIN,spotify:artist:7FiAkNWMb6ZBYI8tbQLuIS
HyunA&DAWN,spotify:artist:6JTCN21ovvrR3iPViZTXz4
fromis_9,spotify:artist:24nUVBIlCGi4twz4nYxJum
D.O.,spotify:artist:2CQZr2RPZmrcvDnaod1ldC
CHROMANCE,spotify:artist:0fEj1fYIQwWj1bzzAto9rp
MARK,spotify:artist:70DFixYAFPv4Pf9kgSfR9O
Yoon Mirae,spotify:artist:1Do4bSzfUl0KWL9r1fITu0
GFRIEND,spotify:artist:0qlWcS66ohOIi0M8JZwPft
HYOYEON,spotify:artist:0B3I6YgdnfXehUCpsO6oB8
NMIXX,spotify:artist:28ot3wh4oNmoFOdVajibBl
JAMIE,spotify:artist:2YXlVLKq3X3soXd2aXUtIT
Sorn,spotify:artist:6DY6xsCBGZHrG4PWSG5paz
Jay Park,spotify:artist:4XDi67ZENZcbfKnvMnTYsI
Wolftyla,spotify:artist:7qd6KGoABHifvXKeFNe2Yb
Bea Miller,spotify:artist:1o2NpYGqHiCq7FoiYdyd1x
Jang Ye Eun,spotify:artist:4hMhbcPHd2nsZFhY1TNp8Y
Jeon Ji Woo,spotify:artist:5A0sx2B7umJPdXgpfghJDJ
CHEETAH,spotify:artist:6ftZYkensUYXNiMM7nFwhE
John Legend,spotify:artist:5y2Xq6xcjJb2jVM54GHK3t
Billlie,spotify:artist:2GQxKDojobwBjZMPf7aoh0
Lee Hyori,spotify:artist:4FjoOJAndC0s9ZJUo6VGc5
KARD,spotify:artist:2JhAlkmukNvarUpGhTFXUQ
HUR YOUNG JI,spotify:artist:0FUmt6iMoB9sJpxZuWkOI5
PIXY,spotify:artist:0CJkEzffVZLgav03xXeC9s
Cherry Bullet,spotify:artist:3IJCdgkBZbieocLZ4e94GZ
PURPLE KISS,spotify:artist:62T5PGHWJ9sxP2SJq20IHq
AB6IX,spotify:artist:4y0wFJ5jmCUNRLZfsw1I7g
Bekuh Boom,spotify:artist:260LldmHBR0r2wtWtjzNxL
Annika Wells,spotify:artist:0kErUwb6xgWfkdn0RyZWHZ
SUHO,spotify:artist:5zkf2Na8DKKJmtWX5Xrx3m
The Rose,spotify:artist:5na1LmEmK2VzNLje9snJYW
KIMSEJEONG,spotify:artist:1lFLniFTaPjYCtQZvDXpqu
Girls' Generation-TTS,spotify:artist:7AKHnZVqwXYuUwWJ8UGL5q
Wonstein,spotify:artist:5o615XColiSVMPDWlslKSk
ONEW,spotify:artist:7sZ5ipSoboWdqXkdj6AXHo
JO YURI,spotify:artist:3LFFf4EpKn2krneZ9vozyz
VIVIZ,spotify:artist:7Lq3yAtwi0Z7zpxEwbQQNZ
Seori,spotify:artist:2bWTIIQP9zaVc55RaMGu7e
dori,spotify:artist:4Db1gte7TUAeZyRdo4FLE7
BLITZERS,spotify:artist:3Exoh42YMeqnUvYahAGgUE
VERIVERY,spotify:artist:1fWUcRSok57yRm8gPKj1Fc
AleXa,spotify:artist:4jCGRzuZkwo8CxboiANMEU
American Song Contest,spotify:artist:3pPClIZCqgahG8bguvacGh
Ugly Duck,spotify:artist:0Qr4St9aCOLu41Nt5QZIz1
NiziU,spotify:artist:3z8diLlUCkN1j9N9ZdnfBJ
TAEIL,spotify:artist:1z0Hi3myYw4x32xCq0H3aq
JIHYO,spotify:artist:7F1iAHRYxR3MY7yAEuFqgL
Kim Taeri,spotify:artist:0bBDQ4QeizwResorw0iD7X
Nam Joohyuk,spotify:artist:69ybhMoBUPmIcH4MyDARDv
Bona(WJSN),spotify:artist:5EHm62VI2botfXyNvboLlL
Choi Hyunwook,spotify:artist:1z2J8XtoQxczs0U1lMWEiZ
Lee Joomyung,spotify:artist:4dN1DsKUXV6xugiarFBAa6
YERI,spotify:artist:4xzwjGxzfKglU0cNW4q4l1
HAECHAN,spotify:artist:1pHMYguhayIoXmPjoOUyu3
CHENLE,spotify:artist:6mt12wGFaBAJPjK076GOJz
JISUNG,spotify:artist:1rKOAlZ7iAHynESWTeSNwl
NINGNING,spotify:artist:5t1uryofgueHrjrryqX8vM
WINTER,spotify:artist:3mPquBmMu97Iq9TpzQ6ayI
ASTRO,spotify:artist:4pz4uzOMpJQyV8UTsDy4H8
YENA,spotify:artist:49muoiIu4uea4PO8vueUNN
HEIZE,spotify:artist:5dCvSnVduaFleCnyy98JMo
TAN,spotify:artist:34Ecdzh8yGKt2YvPG37PKu
NAYEON,spotify:artist:1VwDG9aBflQupaFNjUru9A
Felix of Stray Kids,spotify:artist:40zyx4iztMjRbIIoI802r4
WOOSUNG,spotify:artist:5LHu1iF8m0XtRBEJbbwSoo
XG,spotify:artist:0LOK81e9H5lr61HlGGHqwA
Bebe Rexha,spotify:artist:64M6ah0SkkRsnPGtGiRAbb
YEJI & RYUJIN of ITZY,spotify:artist:4TYswX6bKUjM9rbEL7CMBH
Jackson Wang,spotify:artist:1kfWoWgCugPkyxQP8lkRlY
NewJeans,spotify:artist:6HvZYsbFfjnjFrWF950C9d
Lexie Liu,spotify:artist:6fs2or0cKLEM2xohWq8SoX
Seraphine,spotify:artist:4TqlcgMFDryY96KWcvrhTv
5 Seconds of Summer,spotify:artist:5Rl15oVamLq7FbSb0NNBNy
88rising,spotify:artist:1AhjOkOLkbHUfcHDSErXQs
Stephanie Poetri,spotify:artist:0HS00NN7MAfF59aJnfcxSO
Adele,spotify:artist:4dpARuHxo51G3z768sgnrY
Ally Brooke,spotify:artist:6TXM1kV4L8DsDAkAfbOPYk
Tyga,spotify:artist:5LHRHt1k9lMyONurDHEdrp
Amy Winehouse,spotify:artist:6Q192DXotxtaysaqNPy5yR
Ariana Grande,spotify:artist:66CXWjxzNUsdJxJ2JdwvnR
Social House,spotify:artist:5UjifI1TYefXWn9GdqDOHl
Zedd,spotify:artist:2qxJFvFYMEDqd7ui6kSAcq
Miley Cyrus,spotify:artist:5YGY8feqx7naU7z4HrwZM6
Lana Del Rey,spotify:artist:00FQb4jTyendYWaN8pK0wa
Iggy Azalea,spotify:artist:5yG7ZAZafVaAlMTeBybKAL
Nicki Minaj,spotify:artist:0hCNtLu0JehylgoiP8L4Gh
Justin Bieber,spotify:artist:1uNFoZAHBGtllmzznpCI3s
Backstreet Boys,spotify:artist:5rSXSAkZ67PYJSvpUpkOr7
Doja Cat,spotify:artist:5cj0lLjcoR7YOSnhnX0Po5
Billie Eilish,spotify:artist:6qqNVTkY8uBg9cP3Jd7DAH
Khalid,spotify:artist:6LuN9FCkKOj5PcnpouEgny
Bishop Briggs,spotify:artist:0yb46jwm7gqbZXVXZQ8Z1e
Britney Spears,spotify:artist:26dSoYclwsYLMAKD3tpOr4
Ying Yang Twins,spotify:artist:44PA0rCQXikgOWbfY7Fq7m
Bruno Mars,spotify:artist:0du5cEVh5yTK9QJze8zA0C
Cardi B,spotify:artist:4kYSro6naA4h99UJvo89HB
Anderson .Paak,spotify:artist:3jK9MiCrA42lLAdMGUZpwa
Silk Sonic,spotify:artist:6PvvGcCY2XtUcSRld1Wilr
B.o.B,spotify:artist:5ndkK3dpZLKtBklKjxNQwT
Calvin Harris,spotify:artist:7CajNmpbOovFoOoasH2HaY
Rihanna,spotify:artist:5pKCCKE2ajJHZ9KAiaK11H
Camila Cabello,spotify:artist:4nDoRrQiYLoBzwC5BhVJzF
DaBaby,spotify:artist:4r63FhuTkUYltbVAg5TQnk
Carly Rae Jepsen,spotify:artist:6sFIWsNpZYqfjUpaCgueju
Young Thug,spotify:artist:50co4Is1HCEo8bhOyUWKpn
Charlie Puth,spotify:artist:6VuMaDnrHyPL1p4EHjYLi7
Christina Aguilera,spotify:artist:1l7ZsJRRS8wlW3WfJfPfNS
Christina Perri,spotify:artist:7H55rcKCfwqkyDFH9wpKM6
Clean Bandit,spotify:artist:6MDME20pz9RveH9rEXvrOM
Jess Glynne,spotify:artist:4ScCswdRlyA23odg9thgIO
Sean Paul,spotify:artist:3Isy6kedDrgPYoTS1dazA9
Anne-Marie,spotify:artist:1zNqDE7qDGCsyzJwohVaoX
Demi Lovato,spotify:artist:6S2OmqARrzebs0tKUEyXyp
Zara Larsson,spotify:artist:1Xylc3o4UrD53lo9CvFvVg
Mabel,spotify:artist:1MIVXf74SZHmTIp4V4paH4
24kGoldn,spotify:artist:6fWVd57NKTalqvmjRd2t8Z
Coldplay,spotify:artist:4gzpq5DPGxSnKTe4SA8HAU
Daft Punk,spotify:artist:4tZwfgrHOc3mvqYlEYSvVi
Pharrell Williams,spotify:artist:2RdwBSPQiwcmiDo9kixcl8
Nile Rodgers,spotify:artist:3yDIp0kaq9EFKe07X1X2rz
Julian Casablancas,spotify:artist:1rAv1GhTQ2rmG94p9lU3rB
Daniel Caesar,spotify:artist:20wkVLutqVOYrc0kxFs7rA
H.E.R.,spotify:artist:3Y7RZ31TRPVadSFVy1o8os
SZA,spotify:artist:7tYKF4w9nC0nq9CsPZTHyP
Duffy,spotify:artist:37NqXwtb6nIEqRt4EJSoIO
Ellie Goulding,spotify:artist:0X2BH1fck6amBIoJhDVmmJ
Fifth Harmony,spotify:artist:1l8Fu6IkuTP0U5QetQJ5Xt
Kid Ink,spotify:artist:6KZDXtSj0SzGOV705nNeh3
Fitz and The Tantrums,spotify:artist:4AcHt3JxKy59IX7JNNlZn4
Frank Ocean,spotify:artist:2h93pZq0e7k5yf4dywlkpM
Gnarls Barkley,spotify:artist:5SbkVQYYzlw1kte75QIabH
Gracie Abrams,spotify:artist:4tuJ0bMpJh08umKkEXKUI5
Gotye,spotify:artist:2AsusXITU8P25dlRNhcAbG
Kimbra,spotify:artist:6hk7Yq1DU9QcCCrz9uc0Ti
A Great Big World,spotify:artist:5xKp3UyavIBUsGy3DQdXeF
H 3 F,spotify:artist:6jIK3obS1fJqb3Vu74AYX3
half•alive,spotify:artist:7sOR7gk6XUlGnxj3p9F54k
Harry Styles,spotify:artist:6KImCVD70vtIoJWnq6nGn3
Hozier,spotify:artist:2FXC3k01G6Gw61bmprjgqS
Imagine Dragons,spotify:artist:53XhwfbYqKCa1cC15pYq2q
Janelle Monáe,spotify:artist:6ueGR6SWhUJfvEhqkvMsVs
Big Boi,spotify:artist:2ht3wxeT69CzyKFChNnNAB
Jidenna,spotify:artist:4TsHKU8l8Wq7n7OPVikirn
Jason Derulo,spotify:artist:07YZf4WDAMNwqr4jfgOZ8y
Puri,spotify:artist:3ADyFy1orEwODaiHmRRMQp
Jhorrmountain,spotify:artist:3aAX2y0amckZ7WcWoz2f2o
Ty Dolla $ign,spotify:artist:7c0XG5cIJTrrAgEC3ULPiq
2 Chainz,spotify:artist:17lzZA2AlOHwCwFALHttmp
Jason Mraz,spotify:artist:4phGZZrJZRo4ElhRtViYdl
Colbie Caillat,spotify:artist:6aZyMrc4doVtZyKNilOmwu
Jawsh 685,spotify:artist:56mfhUDKa1vec6rSLZV5Eg
Jax Jones,spotify:artist:4Q6nIcaBED8qUel8bBx6Cr
RAYE,spotify:artist:5KKpBU5eC2tJDzf0wmlRp2
J Balvin,spotify:artist:1vyhD5VmyZ7KMfW5gqLgo5
Bad Bunny,spotify:artist:4q3ewBCX7sLwd24euuV69X
Tainy,spotify:artist:0GM7qgcRCORpGnfcN2tCiB
Jenevieve,spotify:artist:0dUYLC7DLjeS8gIh8cz2Pq
Jessie J,spotify:artist:2gsggkzM5R49q6jpPvazou
André 3000,spotify:artist:74V3dE1a51skRkdII8y2C6
Jonas Brothers,spotify:artist:7gOdHgIoIKoe4i9Tta6qdD
Jon McLaughlin,spotify:artist:6z29S0IoiBJpSMP8plyCj7
benny blanco,spotify:artist:5CiGnKThu5ctn9pBxv7DGa
Justin Timberlake,spotify:artist:31TPClRtHm23RisEBtV3X7
Timbaland,spotify:artist:5Y5TRrQiqgUO4S36tzjIRZ
JVKE,spotify:artist:164Uj4eKjl6zTBKfJLFKKK
Katy Perry,spotify:artist:6jJ0s89eD6GaHleKKya26X
Snoop Dogg,spotify:artist:7hJcb9fa4alzcOq3EaNPoG
Juicy J,spotify:artist:5gCRApTajqwbnHHPbr2Fpi
Kelly Clarkson,spotify:artist:3BmGtnKgCSGYIUhmivXKWX
Kesha,spotify:artist:6LqNN22kT3074XbTVUrhzX
keshi,spotify:artist:3pc0bOVB5whxmD50W79wwO
Colby O'Donis,spotify:artist:7fObcBw9VM3x7ntWKCYl0z
Bradley Cooper,spotify:artist:4VIvfOurcf0vuLRxLkGnIG
Beyoncé,spotify:artist:6vWDO969PvNqNYHIOW5v0m
Lil Nas X,spotify:artist:7jVv8c5Fj3E9VhNjxT4snq
Little Mix,spotify:artist:3e7awlrlDSwF3iM0WBjGMp
Lizzo,spotify:artist:56oDRnqbIiwx4mymNEv7dS
Lorde,spotify:artist:163tK9Wjr9P9DmM0AVK7lm
Luis Fonsi,spotify:artist:4V8Sr092TqfHkfAA5fXXqG
Daddy Yankee,spotify:artist:4VMYDCV2IEDYJArk749S6m
Machine Gun Kelly,spotify:artist:6TIYQ3jFPwQSRmorSezPxX
Marc Broussard,spotify:artist:4cEwEednPwWCdYT7ZhROZe
Mark Ronson,spotify:artist:3hv9jJF3adDNsBSIQDqcjp
Maroon 5,spotify:artist:04gDigrS5kc9YWfZHwBETP
Michael Bublé,spotify:artist:1GxkXlMwML1oSg5eLPiAz3
Miguel,spotify:artist:360IAlyVv4PCEVjgyMZrxK
MIKA,spotify:artist:5MmVJVhhYKQ86izuGHzJYA
Niall Horan,spotify:artist:1Hsdzj7Dlq2I7tHP7501T4
*NSYNC,spotify:artist:6Ff53KvcvAj5U7Z1vojB5o
Olivia Rodrigo,spotify:artist:1McMsnEElThX1knmY4oliG
OneRepublic,spotify:artist:5Pwc4xIPtQLFEnJriah9YJ
Pink Sweat$,spotify:artist:1W7FNibLa0O0b572tB2w7t
P!nk,spotify:artist:1KCSPY1glIKqW2TotWuXOR
Nate Ruess,spotify:artist:1qUjOF5fzrpoNycD36b2jZ
The Pussycat Dolls,spotify:artist:6wPhSqRtPu1UhRCDX5yaDJ
Mikky Ekko,spotify:artist:1buzCmyYZE4kcdLRudsb8V
JAY-Z,spotify:artist:3nFkdlSjzX9mRTtwJOzDYB
Rixton,spotify:artist:0kkxsdcaWmWU2yWAqclDh4
Robin Thicke,spotify:artist:0ZrpamOxcZybMHGg1AYtHP
Sara Bareilles,spotify:artist:2Sqr0DXoaYABbjBo9HaMkM
The Script,spotify:artist:3AQRLZ9PuTAozP28Skbq8V
A$AP Rocky,spotify:artist:13ubrt8QOOCPljQ2FL1Kca
Shakira,spotify:artist:0EmeFodog0BfCgMzAIvKQp
Wyclef Jean,spotify:artist:7aBzpmFXB4WWpPl2F7RjBe
Freshlyground,spotify:artist:7AcV1lk8Zrgo1691PDWEle
Shawn Mendes,spotify:artist:7n2wHs1TKAczGzO7Dd2rGr
Sia,spotify:artist:5WUlDfRSoLAfcVSX1WnrxN
Stellar,spotify:artist:5yw4tA8D5uG7tT3NaDvq10
Taylor Swift,spotify:artist:06HL4z0CvFAxyc27GXpf02
Bon Iver,spotify:artist:4LEiUm1SRbFMgfqnQTwUbQ
HAIM,spotify:artist:4Ui2kfOqGujY81UcPrb5KE
Tones And I,spotify:artist:2NjfBq1NflQcKSeiDooVjY
Troye Sivan,spotify:artist:3WGpXCj9YhhfX11TToZcXP
Twenty One Pilots,spotify:artist:3YQKmKGau1PzlVlkL1iodx
Usher,spotify:artist:23zg3TcAtWQy7J6upgbUnj
Pitbull,spotify:artist:0TnOYISbd1XYRBk9myaseg
Lil Jon,spotify:artist:7sfl4Xt5KmfyDs2T3SVSMK
Ludacris,spotify:artist:3ipn9JLAPI5GUEo4y4jcoi
VÉRITÉ,spotify:artist:1Fr6agZ6iSM5Ynn2k4C8sc
The Weeknd,spotify:artist:1Xyo4u8uXC1ZmMpatF05PJ
Wiz Khalifa,spotify:artist:137W8MRPWKqSmrBGDBFSop
The Womack Sisters,spotify:artist:6BjLHAiun9TeqC55KB3L6s
ZAYN,spotify:artist:5ZsFI1h6hIdQRw2ti0hz81
Glass Animals,spotify:artist:4yvcSjfu4PC0CYQyLy4wSq
ABIR,spotify:artist:3QUOtWgmuxFyae4C0Q0thd
Hundred Waters,spotify:artist:108ugtkRFQzP9nGgNiyERO
Chance the Rapper,spotify:artist:1anyVhU62p31KFi8MEzkbf
Moses Sumney,spotify:artist:5W10uJRsbt9bROJDKoI1Wn
Robin Hannibal,spotify:artist:0qVb1coEo0OVOpP9kphf6U
Skrillex,spotify:artist:5he5w2lnU9x7JFhnwcekXX
Mndsgn,spotify:artist:4GcpBLY8g8NrmimWbssM26
Sofie Royer,spotify:artist:2P2BXSc0Wxpf10Fpno38rl
The Archies,spotify:artist:33QmoCkSqADuQEtMCysYLh
Cobra Starship,spotify:artist:2aYJ5LAta2ScCdfLhKgZOY
Leighton Meester,spotify:artist:481VlDdXZAIRxnHyywNbXn
G-Eazy,spotify:artist:02kJSzxNuaWGqwubyUba0Z
Martin Garrix,spotify:artist:60d24wfXkVzDSfLS6hyCjZ
Florida Georgia Line,spotify:artist:3b8QkneNDz4JHKKKlLgYZg
Travis Barker,spotify:artist:4exLIFE8sISLr28sqG1qNX
Rachael Yamagata,spotify:artist:7w0qj2HiAPIeUcoPogvOZ6
Lauv,spotify:artist:5JZ7CnR6gTvEMKX4g70Amv
Aslyn,spotify:artist:6seR0G84QQq1NIW844E7Qq
Birdy,spotify:artist:2WX2uTcsvV5OnS0inACecP
Brandi Carlile,spotify:artist:2sG4zTOLvjKG1PSoOyf5Ej
Carole King,spotify:artist:319yZVtYM9MBGqmSQnMyY6
Carrie Manolakos,spotify:artist:15ptZqEJWDBnhVx6fqaCWV
Elizaveta,spotify:artist:2a9bCkqCkLvXM0s3uPvR7M
Elton John,spotify:artist:3PhoLpVuITZKcymswpck5b
Erin McCarley,spotify:artist:6Y4bCmUNPDKqc7dHkVvgim
Feist,spotify:artist:6CWTBjOJK75cTE8Xv8u1kj
A Fine Frenzy,spotify:artist:5dTYaRzOn4rXGBLH052EeQ
Fiona Apple,spotify:artist:3g2kUQ6tHLLbmkV7T4GPtL
Harry Chapin,spotify:artist:42q4Ivs7tAiCZ5C7eG5q4c
Imogen Heap,spotify:artist:6Xb4ezwoAQC4516kI89nWz
James Smith,spotify:artist:543ccHFPnZfJMD8tRGPtu7
Joni Mitchell,spotify:artist:5hW4L92KnC6dX9t7tYM4Ve
Regina Spektor,spotify:artist:3z6Gk257P9jNcZbBXJNX5i
Sammy Rae & The Friends,spotify:artist:3lFDsTyYNPQc8WzJExnQWn
Wyvern Lingo,spotify:artist:7etzKNDxaZ1LefgbGrexsN
Emily King,spotify:artist:6jlWj6y00bMQt8XoKuCjyZ
Alanis Morissette,spotify:artist:6ogn9necmbUdCppmNnGOdi
alt-J,spotify:artist:3XHO7cRUPCLOr6jwp8vsx5
Andrew Joslyn,spotify:artist:5dSCgfYs71v0zjg2AwUq9n
Adra Boo,spotify:artist:0YahlVgicneX5hdN8XyIpp
Shelby Earl,spotify:artist:6PIo5nhCQJbR0NfxPdGnGC
Billy McCarthy,spotify:artist:02v2poO7JL5ixVE5GGfwkn
Will Jordan,spotify:artist:3Is3ehDoBlnTKQtCHdEvpd
Anjulie,spotify:artist:4DTbdShHu2RPYEEMUp2XWV
Caro Emerald,spotify:artist:492hDmhPyuIjP3MgTcIqgm
Death Cab for Cutie,spotify:artist:0YrtvWJMgSdVrk3SfNjTbx
Destiny Rogers,spotify:artist:6gezkje7GoJlQbHBgLXHuu
Florence + The Machine,spotify:artist:1moxjboGR7GNWYIMWsRjgG
Gary Jules,spotify:artist:5oRnbmgqvvq7fVlgk4vcEa
Michael Andrews,spotify:artist:0RkqytrwoGyXGvDiZwT6i2
Huxlee,spotify:artist:3yb7HrGPG0WpWgdO4XFwBf
Jacob Banks,spotify:artist:0AepkoQhYvkjEzzwIcGxdV
Jem,spotify:artist:4v4xuH9VypORYabMnhPLt1
KT Tunstall,spotify:artist:5zzrJD2jXrE9dZ1AklRFcL
Lerin Herzer,spotify:artist:1O3tPNfosJcQQNI6wmR5Xt
Lord Huron,spotify:artist:6ltzsmQQbmdoHHbLZ4ZN25
Maggie Rogers,spotify:artist:4NZvixzsSefsNiIqXn0NDe
Metric,spotify:artist:1rCIEwPp5OnXW0ornlSsRl
Muse,spotify:artist:12Chz98pHFMPJEknJQMWvI
The Neighbourhood,spotify:artist:77SW9BnxLY8rJ0RciFqkHh
Neon Trees,spotify:artist:0RpddSzUHfncUWNJXKOsjy
Nightwish,spotify:artist:2NPduAUeLVsfIauhRwuft1
Nine Inch Nails,spotify:artist:0X380XXQSNBYuleKzav5UO
Paramore,spotify:artist:74XFHRwlV6OrjEM0A2NCMF
Radiohead,spotify:artist:4Z8W4fKeB5YxbusRsdQVPb
Rilo Kiley,spotify:artist:2cevwbv7ISD92VMNLYLHZA
Sheppard,spotify:artist:6VxCmtR7S3yz4vnzsJqhSV
Steam Powered Giraffe,spotify:artist:1yqs45BSh7457Flyhmdv7f
Thirdstory,spotify:artist:7GJbWH8vhhuW22707B8HsW
Tove Styrke,spotify:artist:2QSPrJfYeRXaltEEiriXN9
Young the Giant,spotify:artist:4j56EQDQu5XnL7R3E9iFJT
Avril Lavigne,spotify:artist:0p4nmQO2msCgU4IF37Wi3j
Kim Petras,spotify:artist:3Xt3RrJMFv5SZkCfUE8C1J
Conan Gray,spotify:artist:4Uc8Dsxct0oMqx0P6i60ea
Blu Cantrell,spotify:artist:6vytZ677lz4LzCrUDcDokM
Cassie,spotify:artist:27FGXRNruFoOdf1vP8dqcH
Commodores,spotify:artist:6twIAGnYuIT1pncMAsXnEm
Corinne Bailey Rae,spotify:artist:29WzbAQtDnBJF09es0uddn
Destiny's Child,spotify:artist:1Y8cdNmUJH7yBTd9yOvr5i
Ella Eyre,spotify:artist:66TrUkUZ3RM29dqeDQRgyA
Etta James,spotify:artist:0iOVhN3tnSvgDbcg25JoJb
The Foundations,spotify:artist:4GITZM5LCR2KcdlgEOrNLD
Ne-Yo,spotify:artist:21E3waRsmPlU7jZsS13rcj
Stevie Wonder,spotify:artist:7guDJrEfX3qb6FEbdPA5qi
The Temptations,spotify:artist:3RwQ26hR2tJtA8F9p2n7jG
Black Eyed Peas,spotify:artist:1yxSLGMDHlW21z4YXirZDS
Diddy - Dirty Money,spotify:artist:2QYEvpsWUOjqaYuxDPTCmV
T.I.,spotify:artist:4OBJLual30L7gRl5UkeRcT
Eminem,spotify:artist:7dGJo4pcD2V6oG8kP0tJRR
Kanye West,spotify:artist:5K4W6rqBFWDnAN6FQUkS6x
Kendrick Lamar,spotify:artist:2YZyLoL8N0Wb9xBt1NhZWg
Sir Mix-A-Lot,spotify:artist:3TQ9JTBI2n2hfo7aRONEYV
Waka Flocka Flame,spotify:artist:6f4XkbvYlXMH0QgVRzW0sM
Roscoe Dash,spotify:artist:0bfX8pF8kuHNCs57Ms4jZb
Wale,spotify:artist:67nwj3Y5sZQLl72VNUHEYE
Lil Jon & The East Side Boyz,spotify:artist:3ciRvbBIVz9fBoPbtSYq4x
AC/DC,spotify:artist:711MCceyCBcFnzjGY4Q7Un
Aerosmith,spotify:artist:7Ey4PD4MYsKc5I2dolUwbH
The Beatles,spotify:artist:3WrFJ7ztbogyGnTHbHJFl2
The Black Crowes,spotify:artist:5krkohEVJYw0qoB5VWwxaC
Black Sabbath,spotify:artist:5M52tdBnJaKSvOpJGz8mfZ
Chicago,spotify:artist:3iDD7bnsjL9J4fO298r0L0
Deep Purple,spotify:artist:568ZhdwyaiCyOGJRtNYhWf
Fleetwood Mac,spotify:artist:08GQAI4eElDnROBrJRGE0X
Foreigner,spotify:artist:6IRouO5mvvfcyxtPDKMYFN
Guns N' Roses,spotify:artist:3qm84nBOXUEQ2vnTfUTTFC
Iron Maiden,spotify:artist:6mdiAmATAx73kdxrNrnlao
Journey,spotify:artist:0rvjqX7ttXeg3mTy8Xscbt
Kansas,spotify:artist:2hl0xAkS2AIRAu23TVMBG1
Led Zeppelin,spotify:artist:36QJpDe2go2KgaRleHCDTp
Mastodon,spotify:artist:1Dvfqq39HxvCJ3GvfeIFuT
Metallica,spotify:artist:2ye2Wgw4gimLv2eAKyk1NB
The Monkees,spotify:artist:320EPCSEezHt1rtbfwH6Ck
Prince,spotify:artist:5a2EaR3hamoenG9rDuVn8j
Queen,spotify:artist:1dfeR4HaWDbWqFHLkxsg1d
The Rolling Stones,spotify:artist:22bE4uQ6baNwSHPVcDxLCe
Steve Miller Band,spotify:artist:6QtGlUje9TIkLrgPZrESuk
Sting,spotify:artist:0Ty63ceoRnnJKVEYP0VQpk
Styx,spotify:artist:4salDzkGmfycRqNUbyBphh
Survivor,spotify:artist:26bcq2nyj5GB7uRr558iQg
Van Morrison,spotify:artist:44NX2ffIYHr6D4n7RaZF7A
The Who,spotify:artist:67ea9eGLXYMsO2eYQRui3w
Aretha Franklin,spotify:artist:7nwUJBm0HE4ZxD3f5cy5ok
Bee Gees,spotify:artist:1LZEQNv7sE11VDY3SdxQeN
Cher,spotify:artist:72OaDtakiy6yFqkt4TsiFt
Chuck Mangione,spotify:artist:2MMaIlHd8UvDW0mVRAncD6
Frankie Valli,spotify:artist:3CDKmzJu6uwEGnPLLZffpD
Frankie Valli & The Four Seasons,spotify:artist:6mcrZQmgzFGRWf7C0SObou
George Michael,spotify:artist:19ra5tSw0tWufvUp8GotLo
Gloria Gaynor,spotify:artist:6V6WCgi7waF55bJmylC4H5
The Jackson 5,spotify:artist:2iE18Oxc8YSumAU232n4rW
Johnny Cash,spotify:artist:6kACVPfCOnqzgfEF5ryl0x
Lou Bega,spotify:artist:46lnlnlU0dXTDpoAUmH6Qx
Madonna,spotify:artist:6tbjWDEIzxoDsBA1FuhfPW
Michael Jackson,spotify:artist:3fMbdgg4jU18AjLCKBhRSm
Nat King Cole,spotify:artist:7v4imS0moSyGdXyLgVTIV7
Paul Simon,spotify:artist:2CvCyf1gEVhI0mX6aFXmVI
Simon & Garfunkel,spotify:artist:70cRZdQywnSFp9pnc2WTCE
The Tokens,spotify:artist:1GAJzApRTMmYZ9EjQ91VOy
Angèle,spotify:artist:3QVolfxko2UyCOtexhVTli
Roméo Elvis,spotify:artist:2pHk4wAmL7ofTAuvCIUWtv
Aya Nakamura,spotify:artist:7IlRNXHjoOCgEAWN5qYksg
Burna Boy,spotify:artist:3wcj11K77LjEY1PkEazffa
Daði Freyr,spotify:artist:3Hb64DQZIhDCgyHKrzBXOL
Blær,spotify:artist:5W6FVpHHiRfqUU4d9FfXWZ
Ermal Meta,spotify:artist:4XWTdNlsP8jqo5BDn5hgmd
Fabrizio Moro,spotify:artist:3ebOqZZsLCDAkLS6QdI8cc
Ghali,spotify:artist:3egWSWp7Y4FyCKIyvXbw7L
Isyana Sarasvati,spotify:artist:05CRzFTp7TouOXPuH6Tapu
Madame Monsieur,spotify:artist:1tQn5gWbo3ee6n2Z52ogY5
Netta,spotify:artist:4Z4afeDmHFxPmJorIwupbZ
Stromae,spotify:artist:5j4HeCoUlzhfWtjAfM1acR
THE TOYS,spotify:artist:5pokGZ1K9Hr6etaKPDxSG8
Vishal Dadlani,spotify:artist:6CXEwIaXYfVJ84biCxqc9k
Benny Dayal,spotify:artist:61if35zz1W11GejEkxTLEQ
Afgan,spotify:artist:4cgBCGxtlfap2g6jveB7du
Rendy Pandugo,spotify:artist:04u3fc37nHFKN7GJTSIwI8
Rayi Putra,spotify:artist:3FduEXHFSq8Hboekc8JMUR
Las Ketchup,spotify:artist:1e8GEl48ktvfDpruMKB6Oe
Soolking,spotify:artist:0GgY7hjMoGDsX8ZDe2mwds
Dadju,spotify:artist:4sbXXFzEWJY2zsZjelerjX
Aitana,spotify:artist:7eLcDZDYHXZCebtQmVFL25
Ana Guerra,spotify:artist:3MRynBsyLGzv3IQ9Fip6hO
Snow,spotify:artist:3uZFBSsMiooimnprFL9jD1
Lu-Ni,spotify:artist:0AythHu8oDXnRGp8qviBPj
Maluma,spotify:artist:1r4hJ1h58CWwUQe3MxPuau
ROSALÍA,spotify:artist:7ltDVBr6mKbRvohxheJ9h1
Alejandro Sanz,spotify:artist:5sUrlPAHlS9NEirDB8SEbF
Anuel AA,spotify:artist:2R21vXR83lH98kGeO99Y66
Gradur,spotify:artist:2tcoLkA9Hexz70Kuc1NTUl
Heuss L'enfoiré,spotify:artist:3YwqjMyrRfuixi2pbgTGCE
ANNA,spotify:artist:7K80yOTC0Id95gRaOxDG5u
Hikaru Utada,spotify:artist:7lbSsjYACZHn1MSDXPxNF2
Ayumi Hamasaki,spotify:artist:3Mvc8kRgr8LRYYgvFmlZqn
AKB48,spotify:artist:01wau5CL3Z1vfJJWkzBkqg
LiSA,spotify:artist:0blbVefuxOGltDBa00dspv
Gen Hoshino,spotify:artist:1S2S00lgLYLGHWA44qGEUs
BABYMETAL,spotify:artist:630wzNP2OL7fl4Xl0GnMWq
Perfume,spotify:artist:2XMxWKPKCxoLkSdpCViCnr
Kawaguchi Yurina,spotify:artist:3snqW31jInsZwoYRZTaixr
WARPs UP,spotify:artist:6ZhCKGX2nkK7s8vdUvaocx
Ling tosite sigure,spotify:artist:00DuPiLri3mNomvvM3nZvU
Eric Chou,spotify:artist:5fEQLwq1BWWQNR8GzhOIvi
Leehom Wang,spotify:artist:2F5W6Rsxwzg0plQ0w8dSyt
Penny Tai,spotify:artist:0qmPs7q4bykvrS8NMZk7ud
Harlem Yu,spotify:artist:6VbRanWSU3pdDhJnhSfGmY
David Tao,spotify:artist:40tNK2YedBV2jRFAHxpifB
大籽,spotify:artist:2NJLAUSe3Ifk9MiHbddRAi
拾贰,spotify:artist:30YrwNoKzUtyVQsIrwtMdr
Christine Fan,spotify:artist:1q7sCl0vg0EcaFdRz0XDGg
Angela Chang,spotify:artist:4txug0T3vYc9p20tuhfCUa
Official HIGE DANdism,spotify:artist:5Vo1hnCRmCM6M4thZCInCj
King Gnu,spotify:artist:6wxfx1yhyqjCPYwwxJktR2
Synne Vo,spotify:artist:5WDOXIkjKNjEzlXmLgZVz9
Rauw Alejandro,spotify:artist:1mcTU81TzQhprhouKaTkpq
Tani Yuuki,spotify:artist:0B1ce3uNrzkdm76NXI4mhX
SEKAI NO OWARI,spotify:artist:7HwzlRPa9Ad0I8rK0FPzzK
Shae Gill,spotify:artist:3bWIy9AUrQdiNeS62Bp3OP
Ali Sethi,spotify:artist:3NegWDGp038A3FIi3gSYzl
OAFF,spotify:artist:2k66ibJfgMigF5QWqUgLyR
Savera,spotify:artist:3CVXA5TAWpmfGPqyMqXpPb
Lothika,spotify:artist:7yZDrVInKssNCaZkAkQGTX
Kausar Munir,spotify:artist:3GBSge8pq7mpezUQl0GAOA
Crowd Lu,spotify:artist:2JBUyLiFvpFPWdZGqIGYLD
Wanitwa Mos,spotify:artist:2iN5MhOgkenO5FtkPtEVAF
Master KG,spotify:artist:523y9KSneKh6APd1hKxLuF
Lowsheen,spotify:artist:5lnxhnW7SIbxkkFVmVYEhU
Nkosazana Daughter,spotify:artist:4AnNB3lPD0Sv7ziKVHqI66
Anna Zak,spotify:artist:3lVXtKsFTJM8ecY8gqdoCo
Full Trunk,spotify:artist:1CD5WWtF6AFUq6BTY20I4k
Jimbo J,spotify:artist:6ltKIf1bortd0DQbpgKdQu
Eden Hason,spotify:artist:6uQl3gu1AIXyvqCAxnc2q4
Agam Buhbut,spotify:artist:3JPKPnzWJGjccn8SnjwA5i
הפשוטע,spotify:artist:7m92aMieltH5ZpodCEHfnb
Static & Ben El,spotify:artist:0xHa28taiElkcQf9o3z76g
Lindsey Stirling,spotify:artist:378dH6EszOLFShpRzAQkVM
Bonnie Raitt,spotify:artist:4KDyYWR7IpxZ7xrdYbKrqY
Frank Sinatra,spotify:artist:1Mxqyy3pSjf8kZZL4QVxS0
Count Basie,spotify:artist:2jFZlvIea42ZvcCw4OeEdA
Duke Ellington,spotify:artist:4F7Q5NV6h5TSwCainz8S5A
Cécile McLorin Salvant,spotify:artist:6PkSULcbxFKkxdgrmPGAvn
Meghan Trainor,spotify:artist:6JL8zeS1NmiOftqZTRgdTz
Seth MacFarlane,spotify:artist:79D4dipwR6scV8AN3dm7gW
Sophie Milman,spotify:artist:19GI8I4UhSpBl8Y9XpKyT4
Stacey Kent,spotify:artist:03EYBMnqSchCMp5D9qmFXi
Natalie Cole,spotify:artist:5tTsrGPwQRWUsHR2Xf7Ke9
YUNSEOKCHEOL TRIO,spotify:artist:09fZOcPYim8MvvQieKkv5t
The Band Perry,spotify:artist:75FnCoo4FBxH5K1Rrx0k5A
Carrie Underwood,spotify:artist:4xFUf1FHVy696Q1JQZMTRj
The Chicks,spotify:artist:25IG9fa7cbdmCIy3OnuH57
The Civil Wars,spotify:artist:6J7rw7NELJUCThPbAfyLIE
Delta Rae,spotify:artist:0iidQFemlPhkoHqFroz2my
Mumford & Sons,spotify:artist:3gd8FJtBJtkRxdfbTu19U2
Nickel Creek,spotify:artist:3bcLBxvaI7GsBzGp3WHnwQ
Terrence Mann,spotify:artist:5uBIsYz9WatgoViLG6pVj2
Colm Wilkinson,spotify:artist:4hKV8PcRBaHZqBJjSn8OJE
Robert Billig,spotify:artist:3Ybg9gi5V2x6i8OsLc9M7p
Randy Graff,spotify:artist:2iRiwwxcJb6fXCxO5jt1cz
Donna Vivino,spotify:artist:4IDNKwIch36V0UvtfUQF9k
Braden Danner,spotify:artist:0n5FRSY5ldzVwzb6Tq9Ya3
Michael Maguire,spotify:artist:6QjRwce37TfXfjx81KqQ7N
Judy Kuhn,spotify:artist:7tHd518aPjJYUgyv9bidBz
David Bryant,spotify:artist:2yPfp367ZwywK1lbGg00b8
Frances Ruffelle,spotify:artist:5uSeMCBhe3DiROdFrwaXkw
Cindy Benson,spotify:artist:0OIRFXSbEOgnGZXXccjvgt
Jesse Corti,spotify:artist:53vhGhGRoi9ARM7kr3jrz5
Andrew Lloyd Webber,spotify:artist:4aP1lp10BRYZO658B2NwkG
Phantom Of The Opera Original London Cast,spotify:artist:3LfD2yRlfHAtTryX8rFp25
Steve Barton,spotify:artist:1gEOIEK9jgpYvvG57BP0US
Rosemary Ashe,spotify:artist:3Oju6zkuJzum4svKeVhKiK
Sarah Brightman,spotify:artist:7Ead768rc4ShGxnqtqccU5
Janet Devenish,spotify:artist:7Ev9dg2zamUgQsRUp9DdRl
Michael Crawford,spotify:artist:5fRiVl9fyhUEZhcpMyIxUG
Janos Kurucz,spotify:artist:3MiTXPOmIgoJioulWki8dz
Mary Millar,spotify:artist:1SBvpcra5uod7N0rxJxa3J
John Savident,spotify:artist:2V0W4YzPCESOh86ss7D2QE
David Firth,spotify:artist:4kjJU6zIfQi87yTWJMxJNw
John Aron,spotify:artist:5Hco9oOhEcTrU0hzzIkoF7
"Cast Of ""The Phantom Of The Opera"" Motion Picture",spotify:artist:1MoTQkT42sMGwzJs0u46p0
Emmy Rossum,spotify:artist:6JcDqt1rBKIWfnoPjXFYqc
Patrick Wilson,spotify:artist:0z5nxdz5osD8FsmaUDmfC0
Gerard Butler,spotify:artist:7H25O93TTUoaZ0ZaFk318U
Jennifer Ellison,spotify:artist:3FAYTkACAc9Ir1snu0ZzSy
Minnie Driver,spotify:artist:5rNwd5kb1cxVBCQKnDO4b8
Leslie Odom Jr.,spotify:artist:3cR4rhS2hBWqI7rJEBacvN
Daveed Diggs,spotify:artist:3twuAojvYNrlWZpMkxLm3P
Okieriete Onaodowan,spotify:artist:6G3sPhnj4JBCsBVBGvZnkk
Lin-Manuel Miranda,spotify:artist:4aXXDj9aZnlshx7mzj3W1N
Phillipa Soo,spotify:artist:2OEGI2wrCVmvavKEOMlccy
Christopher Jackson,spotify:artist:6sLwRSXSUF5JTUnQaFenyj
Original Broadway Cast of Hamilton,spotify:artist:3UUJfRbrA2nTbcg4i0MOwu
Anthony Ramos,spotify:artist:660YptcR0hNHJ8iEr1qcse
Renée Elise Goldsberry,spotify:artist:5VJN4jB6PqqEg4kJiAj6Eu
Jasmine Cephas-Jones,spotify:artist:4H3e5t5utgPvj6Nsuda5QF
Thayne Jasperson,spotify:artist:4lSm9vkdpKSs1O8nKflRaB
Jonathan Groff,spotify:artist:7KkqUt65v6LMtR369OQ6FB
Jon Rua,spotify:artist:69NsP4MC1JbfvKMwpx2oy8
Sydney James Harcourt,spotify:artist:2fHcpUAFhqmfloo2HkBN3e
Ariana DeBose,spotify:artist:1Np9GsrPO7dlczjvdehBxs
Sasha Hutchings,spotify:artist:0Pg2rEmiZEnmxw4eQwtvsR
Ephraim Sykes,spotify:artist:3brilvMAN6ILRUMvaqJWdG
Anne Hathaway,spotify:artist:0nIyPY7J7G68WgQEOLHn0x
Les Misérables Cast,spotify:artist:71wy5iisVKXLZgoPxdFi8A
Amanda Seyfried,spotify:artist:5RZjpmuD14JKXvB8Ry1G1u
Eddie Redmayne,spotify:artist:4EJP6Qhk6l18LumCcpEfLw
Samantha Barks,spotify:artist:4gOl5m9dY7IGAipqpul7GZ
Hugh Jackman,spotify:artist:5F1aoppMtU3OMiltO8ymJ2
Aaron Tveit,spotify:artist:68h2f0WXn4zEctSgNYozXx
Students,spotify:artist:7oaoEBdRqHXfoiGYa55Atp
Les Misérables - 10th Anniversary Concert Cast,spotify:artist:0cRX0gc8vmwKmV0RWqCV2L
The Tarpeggios,spotify:artist:2HXd5pFHJyaQJr5aXfErrE
Tar Heel Voices,spotify:artist:1apO6pJsV1nwuF2K8sEsDo
UNC Achordants,spotify:artist:1TzZMeOCs4TMYtzgohPMAr
The Loreleis,spotify:artist:1fqMjreaczGwFmdmG6AvJs
The Clef Hangers,spotify:artist:5wUTXZIMX0mn6MzFA13qfO
The King's Singers,spotify:artist:5lR7yDVN4z9kahOiUSlMhe
Brian Wilson,spotify:artist:4Q82S0VzF8qlCb4PnSDurj
Mike Love,spotify:artist:5gr5OoQ4aQdJ3CqOr9v7Bt
Josquin des Prez,spotify:artist:31f23hmZawdqgp0sECAzE8
Ithacappella,spotify:artist:5bPTIGQvxRNjr6wl9yyAct
Roxorloops & Blady Kris,spotify:artist:6HRJOlHBoo07WcZdXZAADI
Peter Hollens,spotify:artist:7EIbKyiLnEJ1Y074UIUyZJ
Evynne Hollens,spotify:artist:3nj3MfJCFFoKiRkAOW1R8c
Hank Green,spotify:artist:2SQVGFEgP0UZTZC1re2ECh
Tim Foust,spotify:artist:2VtwFbDZzIoT9ZD0uR5HHD
Tyler Ward,spotify:artist:5Hc9oDGvStNGmnj44m8sHg
David Archuleta,spotify:artist:2C9n4tQgNLhHPhSCmdsQnk
Anna Gilbert,spotify:artist:77ajzV8In7jP3U2OYT1Yy7
The Hound + The Fox,spotify:artist:6KxrjoB8dMcRC295reb2Us
The Swingles,spotify:artist:5QvPTVBx6OlrUuPwC8W3uU
Home Free,spotify:artist:2MSlGNpwXDScUdspOK6TS7
Taylor Davis,spotify:artist:480xKab3lUPhBBnCzlzqIu
GQ,spotify:artist:6JYedwPn7zEWlTSUda9mev
Second Shift A Cappella,spotify:artist:62Sh3v52pBL7IhWZMaGgq6
Citizen Queen,spotify:artist:2z7BqfKvVlkr8KVAOTBKcz
Vanderbilt Melodores,spotify:artist:7HkF8fT7TZlrQsjSgWUEXN
Mosaic Whispers,spotify:artist:0fP33MCfVUaPivyFYLZtoh
SoCal VoCals,spotify:artist:5L30XpwHG77eWCZtelTns9
Pitch Slapped,spotify:artist:7EH7jldX62OIsU1yU1SWE7
The Nor'easters,spotify:artist:1aLfVgwt8eBrpvHcutWmqe
Shams Ahmed,spotify:artist:7rIkgg1ozqQIezA7c8Khf4
Emily Shanny,spotify:artist:3oWiUIUDPWJmvB8wElpaO5
Beejul Khatri,spotify:artist:24SlCPf92d5VTzhI0ztENn
The Swingle Singers,spotify:artist:1ZlFYysRdc6YaUH5FkxPl8
Traditional,spotify:artist:1U5zgr455OGyIkLNXvDdrf
Andrew Busher,spotify:artist:3Zbnq9cbmHkNBzUrfTe2Vb
The Swingle Singers,spotify:artist:2Rn34e82tV2YfbLfP1omlS
Vocal Spectrum,spotify:artist:20nWuvMfCct9xv73hRYO7O
Voices in Your Head,spotify:artist:44v8JgDySt9tkgfV3AWxBJ
Awaken A Cappella,spotify:artist:7zjm9GiXJPq0z3bKETWl1N
Don Gooding,spotify:artist:66iv9KzffeiANddjYouG6U
Bill Hare,spotify:artist:10WhKnqdsfpYWDgZhjrday
Gabe Hendifar,spotify:artist:3YIBM4yvZHT4lRQa14eHQh
Deke Sharon,spotify:artist:6eWNb9yuroBpPcQ4sOkL1e
Varsity Vocals,spotify:artist:4bQp9Lm7LgRMLtqEsH3Bqf
Kat Dunbar Linker,spotify:artist:512QZ1TM6L4uXmWCVOKHtV
Delia Darney,spotify:artist:7ikvHdyyUnB92bHTgFcctU
Elizabeth Wright,spotify:artist:2tQ7EzEpu1KFpseMdHGSzL
Erika Petty,spotify:artist:15YH0MYEIRY7AmrrwfVO4W
The Back Row,spotify:artist:5GaN9YyrJyPmJd6dALWhQh
University of Rochester Midnight Ramblers,spotify:artist:2Tv49uvEsNJXUpuFL7HuKu
Tufts sQ!,spotify:artist:21QIHECpmN2KwhpVhIWHpT
Off The Beat,spotify:artist:7aCUqnLkFEQd2FPL6RK1tW
Tufts Beelzebubs,spotify:artist:4VsNVAxuPxZrJMWE2Tprtq
UGA Noteworthy,spotify:artist:6MyHz1OaVtj1w2y6JTu2u5
The Harvard-Radcliffe Veritones,spotify:artist:4Zjdnr698SzQDAPMx4oxy0
The MIT Logarhythms,spotify:artist:1jz5HCLwsDkpBYz80n9wbR
The Pitchforks,spotify:artist:5IPABE7EhPLvUVsgM3dlZ8
The Buffalo Chips,spotify:artist:0IAZ8PiZ0KqdMd191HDJ8t
The Harmonics,spotify:artist:528Rcthd9JqtIrlbrGKNsG
The Virginia Sil'hooettes,spotify:artist:0LKgClZwZKGhM5BkCzjfMX
Tufts Jackson Jills,spotify:artist:1dUJZ0lbobmanl4W14h0a2
BYU Noteworthy,spotify:artist:1ZknN7FbjjjMTmdU42OEeX
The Bostonians,spotify:artist:0gW6hG0g7pVNbHgvmYwHDl
Low Key,spotify:artist:2bFVGrmfB6A9ljMkunWcXC
N'Harmonics,spotify:artist:02WQpZmto5LiTgoorLhpLK
Acappology,spotify:artist:21v1APtcWJHRmeKdBRVbYs
Brandeis VoiceMale,spotify:artist:4DsnXPBijq5tMq5zAEfF1L
The Dartmouth Aires,spotify:artist:71Cez1b1NqsxIn5u8XNiQD
Decadence,spotify:artist:3uBUg8TtKXz6m3wY5aXa9I
Florida State University All-Night Yahtzee,spotify:artist:7hpsmZ7DZukPPg1dR2wqAy
University of Wisconsin-Madison Fundamentally Sound,spotify:artist:7f7ezoLEjOp1K0qDSosU80
The Statesmen,spotify:artist:5m9J0qjRMcetcTxN535NBZ
Academical Village People,spotify:artist:1Vjug1h4HXCeplbouQEbV3
Hullabahoos,spotify:artist:3S1DEHnGNfWmamdZEyLs8I
Juxtaposition,spotify:artist:4wFqotuEhWL1ERKyIVnU9F
Eight Beat Measure,spotify:artist:3My1YRLewqqDXME2OkBpdZ
The Virginia Gentlemen,spotify:artist:0steWfkS4hwaErh84SlHMW
University Of Delaware Vocal Point,spotify:artist:4nrhXBXu7FnxWeSbB21bfk
New Dominions,spotify:artist:0PzFyYSC4Y7JarVyByrJPc
Penn Masala,spotify:artist:2MhJb1ljKttJewuYZTpXxr
BYU Vocal Point,spotify:artist:5zhxxb24WP6q6rbLHAn2UQ
Exit 245,spotify:artist:339LznRZlrepreVHtbByXT
University of Rochester YellowJackets,spotify:artist:5PdBpsZXvnEbbTe1589fMO
University of Michigan G-Men,spotify:artist:1jANAnjCBrwxiT4c33eeNc
Upper Structure,spotify:artist:1tlKq97YGAGBavozMVeddE
The Vassar Devils,spotify:artist:31EncJhuSBcAIsZGA3G1GK
Pentatonix,spotify:artist:26AHtbjWKiwYzsoGoUZq53
Tink,spotify:artist:4v6XOdonnfpdTKTRJArG7v
Mixed Emotions,spotify:artist:2BoHcRUfryDNxa9HQxXSpr
On The Rocks,spotify:artist:00IjdWQ46sSBP4gZYObAMx
Pitches & Notes,spotify:artist:7l6eX8dYXjmQnfF04Sr4Vh
The Doo Wop Shop,spotify:artist:3BKvJisNneE6cOuLuBHGpC
BLAEKER,spotify:artist:5fhygBJA9FbMPEl24DZdum
King Sis,spotify:artist:47jdlqzmvdk0SFUU0gweMz
Far East Movement,spotify:artist:698hF4vcwHwPy8ltmXermq
The Cataracs,spotify:artist:7C64wNX3howEFZjAYRKsfP
DEV,spotify:artist:7Ip2u3e5Nv6fFb5xyIHxEE
David Guetta,spotify:artist:1Cs0zKBU1kc0i8ypK3B9ai
Afrojack,spotify:artist:4D75GcNG95ebPtNvoNVXhz
Carmen Twillie,spotify:artist:6O3ZB5Cz5CNT3wQWouKcNJ
Lebo M.,spotify:artist:0zp9qNDSeYi3QEodhcKAAA
Nathan Lane,spotify:artist:0P0do9GwiSgweSF6Ui3mrv
Ernie Sabella,spotify:artist:0RH6EMxqfzCEB7QCSKQ4xr
Jason Weaver,spotify:artist:5UdPkKWd8YNR5xGcmqH9QJ
Joseph Williams,spotify:artist:5xk0kRuXn1zToTHpHAqpui
Sally Dworsky,spotify:artist:7vK6xoR5zT4DypEu0blUku
Kristle Edwards,spotify:artist:4y5d67UxD0QON2vRZOjXZ6
Rowan Atkinson,spotify:artist:5U4QDnlOlmZx9MHV45EoDE
Laura Williams,spotify:artist:6wIj7GdxBjFtw6ySpzazwo
Jeremy Irons,spotify:artist:6QRb3jE2lCfMU1iUuVQMaV
Whoopi Goldberg,spotify:artist:1ZsoHNxHMKTgliJcxSRlb5
Cheech Marin,spotify:artist:68TP2Pr8i7dvyFHU0p748r
Jim Cummings,spotify:artist:3OIPwMAZipDCLQwHmxS5EG
Richard White,spotify:artist:0jWqALm6pl5CHj5N0eO68G
Paige O'Hara,spotify:artist:7oavKrnYbTZPAPq7zCuipM
Chorus - Beauty And the Beast,spotify:artist:3kWWBtNzJFtKA222gZz39d
Disney,spotify:artist:3xvaSlT4xsyk6lY1ESOspO
Donna Murphy,spotify:artist:5BuTOT6mPoNZ5EmaPheBI9
Verna Felton,spotify:artist:7aU90hxXexP47nEeMee6xM
Ilene Woods,spotify:artist:4DovRSplr3yJIeE3r0RtHj
Mice Chorus,spotify:artist:3gcnVAcMBdtYbril7EqBz6
Jodi Benson,spotify:artist:4mmMtabvFCKA6HfmVmitNH
Alan Menken,spotify:artist:5sy77gt4bfsLcSQ8GIe4ZZ
The Little Mermaid - Cast,spotify:artist:7daJKTmmZrgval2Ck9HH2l
Samuel E. Wright,spotify:artist:6Id8rcDNyBXPcgKQVfQ8rX
Pat Carroll,spotify:artist:0Yy9u86cq66Se2pB9fYaiW
Rene Auberjonois,spotify:artist:5vLv7RBpAmIPypST2zhKUw
Lea Salonga,spotify:artist:1GlMjIezcLwV3OFlX0uXOv
Mulan - Cast,spotify:artist:3AV16ISX9uoQFOUKJNHLJ5
Donny Osmond,spotify:artist:5ZEAzHE2TzAwUcOj6jMIgf
Chorus - Mulan,spotify:artist:4KpdqBDU2C5gB3vhdojuqA
Harvey Fierstein,spotify:artist:7G6zawIBBtDX1WvuT97Ei9
Matthew Wilder,spotify:artist:3bmFPbLMiLxtR9tFrTcKcP
James Hong,spotify:artist:00erTY7OuCOdNTN36srPNN
Jerry Tondo,spotify:artist:3wUpOiaLjwAZNregbC7CxO
Phil Harris,spotify:artist:2ISMfPtVzHc9jDDVPUEHDa
Bruce Reitherman,spotify:artist:43HPW60tz4BMYMRnmXMagJ
Louis Prima,spotify:artist:52lBOxCxbJg0ttXEW9CQpW
Bruce Adler,spotify:artist:66oKiXdIQP7MwN0gPUY0FD
Aladdin - Cast,spotify:artist:2bEUqI65Ivq1AlsfvCZrKL
Brad Kane,spotify:artist:3dAzSJ9lQnJSq5Z0OgDBep
Robin Williams,spotify:artist:4OrieSJUghNfNx5UuPCgxF
Kristen Bell,spotify:artist:2kHxkdiKCSnHMkhIgFBZaI
Agatha Lee Monn,spotify:artist:6kHu5ICQRBZdsAHjAjQlmp
Katie Lopez,spotify:artist:5Kkhk21siwbW3BfZUwpykJ
Idina Menzel,spotify:artist:73Np75Wv2tju61Eo9Zw4IR
Santino Fontana,spotify:artist:47NluEnhJda2gsnjuvcoob
Angela Lansbury,spotify:artist:0LtVJXnPR8msCJiE2DjHxy
Jerry Orbach,spotify:artist:5i2OpmeVKsmViqoETxuOvO
Robby Benson,spotify:artist:3QcGV278a6mmLRTOK29WBP
David Ogden Stiers,spotify:artist:0N0dbr5s2y20PAo2cDAeVP
Mary Costa,spotify:artist:1qeo0u3hwxCBcYsn3a4kyo
Bill Shirley,spotify:artist:259T26oxdhM7losfoXOXOl
Chorus - Sleeping Beauty,spotify:artist:1c4ltuRXEIo20Y9UOPxiA0
Mandy Moore,spotify:artist:2LJxr7Pt3JnP60eLxwbDOu
Zachary Levi,spotify:artist:3XSyTI9ct70ZheMESAv2st
Beth Fowler,spotify:artist:7KNW6OwcA260MsaEtnvhxV
Marni Nixon,spotify:artist:2Npf96k0QoY8YYwqnELDmQ
Dr. John,spotify:artist:320TrJub4arztwXRm7kqVO
Keith David,spotify:artist:1LPgqTHt7RmHwYtS9KQTMY
Auli'i Cravalho,spotify:artist:5mnS9jJdKQQcRSqFu5YPVe
AURORA,spotify:artist:1WgXqy2Dd70QQOU7Ay074N
Bill Lee,spotify:artist:3UcnwnNwP6egaBs7DAgRdJ
Gael Garcia Bernal,spotify:artist:09oR0uKhqwScsKa2eUK97p
Gabriella Flores,spotify:artist:0IFKI1ya1XM9LGVktNS2cS
Libertad García Fonzi,spotify:artist:1jQ4JIz6HwngSsLWnzgPxA
Tony Jay,spotify:artist:5qQpn0ZokyamZjyKtkKUYD
Paul Kandel,spotify:artist:6M3XR163Q68THc9IFMwfAH
Chorus - The Hunchback Of Notre Dame,spotify:artist:5oHSxqr1uDloCbJJPNBd6T
Heidi Mollenhauer,spotify:artist:2FmXrymxv6kNBnA66HpoPt
Tom Hulce,spotify:artist:4wd5K3s3ekf0czSh2qGjTD
Pinto Colvig,spotify:artist:4X8LTt7CXvrqzfS4G4ONUX
Mary Moder,spotify:artist:00ud2vhOOcbrUyGGYPSTYh
Dorothy Compton,spotify:artist:0humNRtJZUnSFh10d8Vnou
Billy Bletcher,spotify:artist:7MCVs8C2nykvXVyTyrUoVd
Wolfgang Amadeus Mozart,spotify:artist:4NJhFmfw43RLBLjQvxDuRS
András Schiff,spotify:artist:24K6LTZFqBAvKsorwK0iXd
Frédéric Chopin,spotify:artist:7y97mc3bZRFXzT2szRM4L4
Nikolai Lugansky,spotify:artist:2bMfnyPOgNaeK8WNnXNXud
Franz Liszt,spotify:artist:1385hLNbrnbCJGokfH2ac2
Khatia Buniatishvili,spotify:artist:0bouHpX4JiuPnIfP2jFxRi
Vladimir Ashkenazy,spotify:artist:20iZXzMb8LoWXOeca32i82
Peter Schmalfuss,spotify:artist:7mOe6jfxX9EILXET9l5L6H
Martha Argerich,spotify:artist:66MvLAvLznk5UOvASVGjk4
Krystian Zimerman,spotify:artist:43wuPaPcZVMJQWLRaPR4Yz
Maurizio Pollini,spotify:artist:2VIdKQmRHnWofsR4odfFOh
Sergei Rachmaninoff,spotify:artist:0Kekt6CKSo0m5mivKcoH51
Eldar Nebolsin,spotify:artist:45ts2AJTWlzJ9JrQlCGxpX
Ludwig van Beethoven,spotify:artist:2wOqMjp9TyABvtHdOSOTUS
Carmen Piazzini,spotify:artist:6aQUOvrKLOquCAvIGdIwTx
Roberte Mamou,spotify:artist:6DsbdauTI2Fn2NN4B1EIUN
Gerard Oskamp,spotify:artist:4TWzdKT6XMuddLAoj6PgXi
Berliner Symphoniker,spotify:artist:5pF76lplGIvEFGb8lI48hA
Elisabeth Sombart,spotify:artist:6pp4xqAWH1oHFQX0kJtVvO
Jordi Mora,spotify:artist:0bE9Z0z4cxaixqTRU2O5BA
Munich Youth Orchestra,spotify:artist:3jgBofW8eFrbtrsSbLy8Br
Mikhail Gantvarg,spotify:artist:1SCRjxxRnRFsoctLKXIoZx
The St. Petersburg Soloists,spotify:artist:11K9yxwc8iVyEh0ya9v9XY
Gints Berzins,spotify:artist:0CqCB3JQz4h9k3qk74ihWT
Ilmar Lapinsch,spotify:artist:0dI3iXIxXjAtMkzZCsOVEg
Mostar Symphony Orchestra,spotify:artist:70i7O3jytAajMDs0nV0Zbk
Axel Gillison,spotify:artist:05ukT24TP30K50Blikom8z
Ratko Delorko,spotify:artist:0E1sM06TDvSpGqNQBx8FV0
Vestischen Chamber Orchestra,spotify:artist:1m3ycS5catGCiLB0J5eKDG
Mari Kodama,spotify:artist:0s0wG03kPyu7MXERfcuxim
Claude Debussy,spotify:artist:1Uff91EOsvd99rtAupatMP
Martin Jones,spotify:artist:1VzJXXVXsYbEK773GWSoND
Joseph Haydn,spotify:artist:656RXuyw7CE0dtjdPgjJV6
The Amsterdam String Quartet,spotify:artist:0kbgyaL9g2Eba79p2jiYlN
Dmitri Shostakovich,spotify:artist:6s1pCNXcbdtQJlsnM1hRIA
Jerusalem Quartet,spotify:artist:7AnE8Jpu1vxLeXcs6OKYHE
Maurice Ravel,spotify:artist:17hR0sYHpx7VYTMRfFUOmY
Antonín Dvořák,spotify:artist:6n7nd5iceYpXVwcx8VPpxF
Veronika Hagen,spotify:artist:3ijxXTal6hr7byhqZDdHsP
Gary Hoffman,spotify:artist:7qcRbaIYVuOERS3KmB71GH
Johannes Brahms,spotify:artist:5wTAi7QkpP6kp8a54lmTOq
Emerson String Quartet,spotify:artist:4IBl8k6ZsBagsI5zRjyXH7
Leon Fleisher,spotify:artist:6ncNdxBc8zVWMOF7nJ5Pgy
Tokyo String Quartet,spotify:artist:15G9RnBNBDCFUMANna2CvO
Gustav Mahler,spotify:artist:2ANtgfhQkKpsW6EYSDqldz
Cleveland Orchestra,spotify:artist:0jJszR81GjA87jeRq0Jgwz
Pierre Boulez,spotify:artist:2prZJWfQMnIgwUKxKcBxH7
Juliane Banse,spotify:artist:36nJJHOcMPiobIeovJKQbJ
William Preucil,spotify:artist:7KL32t10UL3fVqHch1LzyP
New York Philharmonic,spotify:artist:3gacryguGmpmCvgPGt2CBI
Leonard Bernstein,spotify:artist:2LmyJyCF5V1eQyvHgJNbTn
Christa Ludwig,spotify:artist:1Jgntox16Lhl0bFoRhV3Ar
New York Choral Artists,spotify:artist:70AeZLjqrd7QxYqwqFZ7Ed
Brooklyn Boys Chorus,spotify:artist:4Ziz9CKObAFNpzas9z25yb
Joseph Flummerfelt,spotify:artist:5ZpmI3HbJwJV06Ql5g9B5z
James McCarthy,spotify:artist:1gUuBMgY2DArj933CGpHM9
Barbara Hendricks,spotify:artist:3NkCIDMU5HgFAyVLVdCWgE
Westminster Choir,spotify:artist:7bOkvwxa2SjdbvMvNawSMZ
Wiener Philharmoniker,spotify:artist:003f4bk13c6Q3gAUXv7dGJ
Gilbert Kaplan,spotify:artist:5HAqwGXbWhRcjOqDvq2cHB
Latonia Moore,spotify:artist:3HalropDhTPDw4BYQWKVMd
Nadja Michael,spotify:artist:4NrAJ2dDqBwvVxIEXeJeYJ
Wiener Singverein,spotify:artist:35QSympF887CO8h5eZHme2
Johannes Prinz,spotify:artist:5JyjN6DB4mIyk36qeMdGE2
Berliner Philharmoniker,spotify:artist:6uRJnvQ3f8whVnmeoecv5Z
Claudio Abbado,spotify:artist:6HclTVD03WSY6GUpN16BkP
Herbert von Karajan,spotify:artist:5zCaQxjl110XTrm4LQ1CxY
Cologne New Philharmonic Orchestra,spotify:artist:4jSOT0xN5OKPgEfawfzInB
Volker Hartung,spotify:artist:19nzpbhd3Yv5PQXtWKZkhX
Dejan Topchiev,spotify:artist:2cTCR926r40SwSt0IKv7Ho
Michael Schubert,spotify:artist:3qA0oeieMv9DHdpM64jyE0
Ed Senechal,spotify:artist:1BjbgGh3tYqfUFOZAtG6ef
Janet Perry,spotify:artist:1bV3KjOPs1AI3OolJiYogN
Agnes Baltsa,spotify:artist:2amF56vDuTTbZJQsqUgbuC
Vinson Cole,spotify:artist:2j6cP3f3TxyHzcKdWYSm6h
José van Dam,spotify:artist:5qNUHMEhszyeXNYMn4sswd
Helmut Froschauer,spotify:artist:172Encqfd2ZhWAleNg1gbO
Sir Simon Rattle,spotify:artist:4GQwgdcDQwqtcHICjUNndp
Francis Poulenc,spotify:artist:4IAWVxo2fpTBPn6k7GZ3eY
Vlasta Mlejnková,spotify:artist:775Rkua0PHENjo1sFIyApV
Kühn Mixed Choir,spotify:artist:7coad48I6XW2msLS0ms53T
Pavel Kühn,spotify:artist:7bzLxD5IZSXMmuuqnZ7MfY
Maurice Duruflé,spotify:artist:7Fph7U6qidZ2E97xKKsD4m
"The Choir Of Trinity College, Cambridge",spotify:artist:3x8rZy1i6FwWOWKwfRT1Ab
Richard Marlow,spotify:artist:7rrfp80BJeAa0lpBnNgRNK
Gregorio Allegri,spotify:artist:4I47QTluHCo2t2Gj6V7AIG
Henry Purcell,spotify:artist:3tMLo1k3iUo82coMLWXzxq
Chanticleer,spotify:artist:4p6DfIA6NnKmWeRgDJPLT0
Capriccio Stravagante,spotify:artist:7Hb8ewIvJmuQPAQ5MMVXJE
Joseph Jennings,spotify:artist:5A3ntUGTCKttzOwkoF9AUY
Skip Sempé,spotify:artist:3DSclbx4DSkyIvouHCxHHZ
Tenebrae,spotify:artist:0vUnn6Eje2O5yxEj35touD
Anton Bruckner,spotify:artist:2bM3j1JQWBkmzuoZKu4zj2
Collegium Vocale Gent,spotify:artist:17BdLN9q8RRQQqyklLwac1
Philippe Herreweghe,spotify:artist:2ozcTa5tl8qhSbhJKM60I5
Ensemble Musique Oblique,spotify:artist:24OlsrEC1dxBqIh4GbT2VR
La Chapelle Royale,spotify:artist:1C3XEupIPUifPP8v7Y0UPQ
Randall Thompson,spotify:artist:5vNLpqTjRXfz6uHKs5hnvD
Mark Kruczek,spotify:artist:2DNiyyc8Do3ym3IjCaKFCp
Voices of Ascension Chorus,spotify:artist:4AjjMZxILxc83KJAEuwu9j
Dennis Keene,spotify:artist:16e7cTpnxHfo8KnwinUysN
Eric Whitacre,spotify:artist:5TWpCLIhvGlbJmLK1zNpiL
Eric Whitacre Singers,spotify:artist:2tPhboxrWrQ4LxOhWlXAeN
Pyotr Ilyich Tchaikovsky,spotify:artist:3MKCzCnpzw3TjUYs2v7vDA
NDR Chor,spotify:artist:7hMAA1N5j1Ynb49NIWO7HV
Philipp Ahmann,spotify:artist:309coOGhdzqXdIRwJH1xUo
St.Petersburg Chamber Choir,spotify:artist:46WjEugfIF0rKOewvFiby2
Nikolai Korniev,spotify:artist:70hS9SnJefkZo2QJwS2VXi
Olga Borodina,spotify:artist:47XbXbNzwqcWStfsjzFlKb
Vladimir Mostovoy,spotify:artist:4BTanscTBWJOSpvceZSVSi
Ola Gjeilo,spotify:artist:29lbSb4ujaVH5pHnQjFT0G
Christian Dillig,spotify:artist:0Ens2zPly8UFhQmyUUXlOH
Zürcher Vokalisten,spotify:artist:1YrY49Nj5lSs8otmnveoQQ
Anna Tomowa-Sintow,spotify:artist:6NSIW1uEq8JZmxEkHMF17c
Helga Muller-Molinari,spotify:artist:3s5xNX5n6PAzpusMRhmHbA
Paata Burchuladze,spotify:artist:1JzOJmq9kk0u7OWqzXkBcc
Gabriel Fauré,spotify:artist:2gClsBep1tt1rv1CN210SO
Academy of St Martin in the Fields Chorus,spotify:artist:1GxYERY1PDh1dEuFqvTDa5
Academy of St. Martin in the Fields,spotify:artist:77CaCn32H4mOMQA7UElzfF
John Birch,spotify:artist:2TFBoJYsuvMuPMOlwXWbaE
Sir Neville Marriner,spotify:artist:6NUhQz7eAEsZvjEHTKHux9
Sylvia McNair,spotify:artist:63aSj4hbN7Q4nw74Y0xNF6
Thomas Allen,spotify:artist:2SFBZgfO2H1nVSgjxzJLUy
Felix Mendelssohn,spotify:artist:6MF58APd3YV72Ln2eVg710
London Symphony Orchestra,spotify:artist:5yxyJsFanEAuwSM5kOuZKc
John Eliot Gardiner,spotify:artist:1qIRoGEKXINqrCx5N1engi
The Monteverdi Choir,spotify:artist:0Cqfz92flAzrp94pgN1jEW
Alexander Knox,spotify:artist:4vzwv4zzBTlG8qsFCqP2Yv
Ceri-lyn Cissone,spotify:artist:6F3jOFmhUwRxRdWAZU6G1A
Frankie Wakefield,spotify:artist:7jobsaZIFhejECE605yxx6
David Parry,spotify:artist:2dfDjeZroUd3LWmSFrAZCD
London Philharmonic Orchestra,spotify:artist:3PfJE6ebCbCHeuqO4BfNeA
Orchestre Symphonique de Montréal,spotify:artist:4AcXapei4U7xnWecv9AEBd
Charles Dutoit,spotify:artist:0Ku5VBNL7cfGXRhp2BxXEQ
Gustav Holst,spotify:artist:5B7uXBeLc2TkR5Jk23qKIZ
RIAS Kammerchor,spotify:artist:2UVXU77knJMYOM6Avvw6Yx
Modest Mussorgsky,spotify:artist:284mnx33IWcymQEpMxyfHl
Gustavo Dudamel,spotify:artist:0cxXnDhpgxcMMkKddhORHY
Igor Stravinsky,spotify:artist:7ie36YytMoKtPiL7tUvmoE
Orchestre de l'Opéra Bastille,spotify:artist:4w8yzPixoCNwxRpUZYpWpP
Myung-Whun Chung,spotify:artist:4hdiwtmc6OEFFxpSlwwmby
Béla Bartók,spotify:artist:5zyNXVd952fWOjkdGHCvPd
Valery Gergiev,spotify:artist:2LxnoYPOe0FCLC82R3xgO2
Mariinsky Orchestra,spotify:artist:2rRUfv2w535SEUV1YO5SP6
Léo Delibes,spotify:artist:1M9AXZkNPdOd1IPEsQsXnT
Orchestra Victoria,spotify:artist:1bnC6eJzCumTgAB7tG1118
Barry Wordsworth,spotify:artist:5sjJnaI3YhaO8KylpJk3gN
André Previn,spotify:artist:2tfWguHr2nj4e8KXLKciVq
Alfredo Kraus,spotify:artist:72G0MODfMxM5TGaoQtGbdP
Libera,spotify:artist:235C4ktJ2aGIyqaBlXyg7e
Francisco Araiza,spotify:artist:5M0cOgeTBOetAbsM4FDVDP
Hanna Schwarz,spotify:artist:0uzYuEP2MlAJ5FdVIYIalx
Gottfried Hornik,spotify:artist:6aFQ4LADfHVe08B5gQuE8X
Karin Ott,spotify:artist:2sZHeIbU96txBewcnCJLj7
Edith Mathis,spotify:artist:0eOythKkGSageuVFr6nDHf
Chor der Deutschen Oper Berlin,spotify:artist:2KvV4gawnuMNG74DgSAQ0n
Walter Hagen-Groll,spotify:artist:5iMb1u0pxxzSPONrB4j0Zb
Heinz Kruse,spotify:artist:44kp24Y9MhmQ4RT64CUaV2
Wolfgang Bünten,spotify:artist:6qZFjcGH1SfhbkrNfnzH7z
Christian Schulz,spotify:artist:0sqQ1nXbUwTWglq8jWopvZ
Tobias Pfulb,spotify:artist:2GD6gK1wj1cD8TFGe2BpJC
Ferruccio Furlanetto,spotify:artist:5fN6PDw4pvvYRQtseOS4ru
Samuel Ramey,spotify:artist:4z6dlDfmoZstfKLVC60nM0
Gösta Winbergh,spotify:artist:7mKGVHZ08PYQA8UfvIrJb1
Kathleen Battle,spotify:artist:13Tfk6ZpGdF0G3v9B3kasP
Alexander Malta,spotify:artist:4oWIwabbO1pHb0qKxbNase
Giacomo Puccini,spotify:artist:0OzxPXyowUEQ532c9AmHUR
James Levine,spotify:artist:4qFQgEF1rg6a9WvJM0MQIa
National Philharmonic Orchestra,spotify:artist:2Ek1WGW7WeyDoxsZiu0AAd
Sherrill Milnes,spotify:artist:4zTQCQMH3wRdBorYb0xGCa
Paul Plishka,spotify:artist:6jYWpBt9bOCoredrRjnD14
Matteo Manuguerra,spotify:artist:0lh6dQTetUL7cGQTn6Xa0Q
Italo Tajo,spotify:artist:7vqx8IiSqPIFjFBzstDQmn
Renata Scotto,spotify:artist:5W7pOtn53qBRrQo00IvHTj
Ambrosian Opera Chorus,spotify:artist:5qBpXwutwmD9MBTNXkT4JZ
Trinity Boys Choir,spotify:artist:23EzhBs30RXxidoFWTytAR
Carol Neblett,spotify:artist:05NUdXE48hL64rngUr5bqM
Renato Capecchi,spotify:artist:16LkUonMXYtr6O6b1Cru9d
Sabin Markov,spotify:artist:6hXKUW4SdmIRr6f9SOXD7N
Montserrat Caballé,spotify:artist:6oGu0NZWy8gJ18wggybFqH
Luciano Pavarotti,spotify:artist:0Y8KmFkKOgJybpVobn1onU
Nicolai Ghiaurov,spotify:artist:0gHar4003EyqU81XGv1Bka
John Alldis Choir,spotify:artist:1c0LUqvKTiWVsdrIn4LTZz
Zubin Mehta,spotify:artist:3FEd0qHPFOgcpfw7bCXB4x
Dame Joan Sutherland,spotify:artist:57ut70dPEUxC1dk83YY3hY
Wandsworth School Boys Choir,spotify:artist:3Al8lu5X4j3QY40s4OIawp
Pier Francesco Poli,spotify:artist:3vpeRxIsXSOyTk0qagP7R8
Tom Krause,spotify:artist:0uRyoGMnJfoX8u1vDScXkk
Piero de Palma,spotify:artist:7gxxE0IbP9hFZeJVwdWCSc
Sir Peter Pears,spotify:artist:2B4N612xGjNj2cAAYsP4MO
Karl Böhm,spotify:artist:3fyr5uksidSlLzsUjRIz5A
Hildegard Hillebrecht,spotify:artist:1Txb4H69qwYQj2ZysUnIPW
Cvetka Ahlin,spotify:artist:665SZgKrQ5WNGAeOnd2Mqa
Sieglinde Wagner,spotify:artist:3oArooECbeEKu2VGqJyOfT
Fritz Wunderlich,spotify:artist:3jp4zawfeVYVpSzO2Yujbv
Dietrich Fischer-Dieskau,spotify:artist:10CN8N2O3FlGlPVJWBiu5D
Roberta Peters,spotify:artist:5o0oA0zUboLb96PDSSbD3a
Friedrich Lenz,spotify:artist:1XozF2JdqU39QPR4PMdYWJ
Evelyn Lear,spotify:artist:7cqPRCrwbsqYEw0RurLb6x
Rosl Schwaiger,spotify:artist:4D24idOvS0AphoBqEIoEeq
Antonia Fahberg,spotify:artist:3JConBfkkv5Dj3dVeSTWgG
Raili Kostia,spotify:artist:5Myeb4y6YvIGBd8mWuIl4h
Hubert Hilten,spotify:artist:5JAmiZygpQIvPCQNl5naru
Martin Vantin,spotify:artist:1BUsqeIGNbX2bDvT0J57lD
Manfred Röhrl,spotify:artist:6JrRgsrEjhUOe6XHFigwTZ
Hans Hotter,spotify:artist:3GtU1O2V8snd7EP5ySYLqN
Günther Arndt,spotify:artist:4wZu08TMxqUmPqi5qHe31j
Franz Crass,spotify:artist:0Ui6BXSgrOvh070lh0X2bb
Lisa Otto,spotify:artist:5cvZb3jwCrUtVIobHPa1cu
James King,spotify:artist:5I2cYLH1KGi4ezFJ9X7JTI
Martti Talvela,spotify:artist:4vwjX6wY3JStfrFdnahxaR
Georges Bizet,spotify:artist:2D7RkvtKKb6E5UmbjQM1Jd
"Orchestra of the Royal Opera House, Covent Garden",spotify:artist:2t5BHUdyeL3NBKqpOpaA4V
Covent Garden Chorus,spotify:artist:0ZhXKQoJEmQv0dFzaSLasu
Thomas Allan,spotify:artist:70QpBPsHcrRpFI0eCdW8b2
Kiri Te Kanawa,spotify:artist:3fcsflK8xu26XH4OYTcm5T
Richard van Allan,spotify:artist:7fvx6pdccpIicgEbNbBdrm
Plácido Domingo,spotify:artist:4pU3BpenOZFEBzORx2YBJW
Shirley Verrett,spotify:artist:0f4tBoODl0zZo4snq0guG6
Teersa Cahill,spotify:artist:3lhc5T2tJmYR1vOHuq85Ce
Anne Pashley,spotify:artist:597vCyRss5Kk4y0MAvhqEt
Teresa Cahill,spotify:artist:5IqlLsJGCLTJcDKOH7Ljpk
John Dobson,spotify:artist:6xCAKMCPmMEb9BiuxhUCqY
Francis Egerton,spotify:artist:24DlhaYHaKiueDC3EFXMz9
Johann Sebastian Bach,spotify:artist:5aIqB5nVVvmFsvSdExz408
Yo-Yo Ma,spotify:artist:5Dl3HXZjG6ZOWT5cV375lk
English Chamber Orchestra,spotify:artist:2DO4p3CPDnInsJfg0jFfaF
Benjamin Britten,spotify:artist:7MJ1pB5d6Vjmzep2zQlorn
Carmel Kaine,spotify:artist:0WjPfejYCYgUBvzSvKlg67
Emanuel Hurwitz,spotify:artist:0rfHUoEzQQO1BJwrnt8aIv
Philip Ledger,spotify:artist:66xtCjvWWjyvuD96T7uMXc
Tess Miller,spotify:artist:6I8A3s8ltqs1X50BgUBIhi
William Bennett,spotify:artist:1BrKLZxBikUgEn6XEVZmrp
Gerd Seifert,spotify:artist:4aIYtx2Z5X9vRlysnruy66
Manfred Klier,spotify:artist:3KkpLfmwQob3Y75ePPdtse
Werner Krenn,spotify:artist:3PuXD6h01YqjNWQ055CWxA
Sam Franko,spotify:artist:3vkG71N5uQBzhzwEDr6icH
Anne-Sophie Mutter,spotify:artist:6pzfUmBsQAKxOhy0NSi8zn
Joseph Joachim,spotify:artist:6QuJ4aZSRMebqwDXiJ3SuA
Ossip Schnirlin,spotify:artist:7eI7DJSWlJy2W2337B9oTL
Remo Giazotto,spotify:artist:2XVw29JYdo8C5MfteMnCqL
Tomaso Albinoni,spotify:artist:17OArJzEhRR3OmhtGcnfBq
Iona Brown,spotify:artist:4EQ6Hw3KV9S80ZG1swsFN5
Johann Pachelbel,spotify:artist:62TD7509VQIxUe4WpwO0s3
Luigi Boccherini,spotify:artist:2l4vGfFV7e46yO8lxfxR76
Edvard Grieg,spotify:artist:5ihY290YPGc3aY2xTyx7Gy
Valentina Lisitsa,spotify:artist:0gOrXuu1vCBXe3pwTyb5Ca
Michael Francis,spotify:artist:4znpeZQkiPbcXtHlRbfTqF
Antonio Vivaldi,spotify:artist:2QOIawHpSlOwXDvSqQ9YJR
Simon Standage,spotify:artist:2jIBkRzVUboTbp05rJnKeT
The English Concert,spotify:artist:2Oz3z7PPQUMU2KNYgcO1sA
Trevor Pinnock,spotify:artist:25mbgceDJKxXGP8c5FmC83
David Reichenberg,spotify:artist:5xA5sW0D3BUAyL02XcDkYv
Elizabeth Wilcock,spotify:artist:1OfYCRcS14pyRVrO0qTCbs
Sarah Chang,spotify:artist:5duxfFAQVkDT9g261fKlMP
Orpheus Chamber Orchestra,spotify:artist:35pZsti1RSA5Zv98jAm8kX
The Chainsmokers,spotify:artist:69GGBxA162lTqCwzJG5jLp
a-ha,spotify:artist:2jzc5TC5TVFLXQlBNiIUzE
Straight No Chaser,spotify:artist:1yQ8S4xdGOGbUcpaPR6hCM
