recording_mbid,recording_title,recording_language
00839a86-3386-4039-890e-500949856edc,Punisher,
00b6d5c6-55e2-4a85-a641-98511d8393fe,Anymore,
00fe6bcc-33c9-481c-beb3-95bc5203772a,빙글빙글,
012ac1e2-1f7b-4d22-9cba-ec410bc2ce5c,Lovesick Girls,mul
01bb5b05-4424-42b5-ab34-eec81d3e63b2,Feels So Good,
01c2a40e-cafb-4a92-a83b-551fbc64e666,Don’t Speak,
0210f62e-05cd-46e8-8a18-fe8ddb1aecdc,Sweet Juice,mul
025262a0-6b15-4192-aaf8-bfc40622b053,Forgive Me,kor
027c2ea6-159e-4f3a-9558-2ceb6696a1a5,Blow Away,
02843507-73bb-449f-87fa-9bdcf42968bf,Breathe Again,
028eb5ad-3eba-4e8f-ac50-4cbc21c0c11e,Therefore I Am,eng
02b52554-91db-44b8-aab9-0ff6400bb601,Lion Heart,kor
02c5b6de-4713-4023-a0d2-f50aa4670f8e,Malibu Nights,
02fb10ba-4ab0-4443-95f2-5401f590a7af,Physical,eng
037db458-7154-43bf-8f01-8b4623a325c1,BAAM,
03b54c8c-f028-49e5-8de8-92e7ac15af04,Time Slip,kor
04207ca7-01c6-426a-9783-3c965a8c6760,There There. (The Boney King of Nowhere.),eng
048de85d-5d29-45d8-a655-f4a4a48d39d5,The Feels,eng
04a245c3-6aaf-4807-9455-e86d88055567,Cowboy Casanova,eng
04cccd2b-bbac-4309-a367-94325fd0ef93,Royals,eng
0528232f-072c-40da-908a-4261b3ede337,Somebody Else,
05436d43-273b-42e2-bcc5-b25786a8bdc7,Cruel,
05565bec-7a75-4e52-9e82-fbbed27ce903,invisible string,eng
0562a709-e6f0-4014-b269-e3130f2281e2,Lost Kitten,eng
057fb67c-9aa9-405d-9bc0-0d14cf9ca3e0,IDOL,
05833d73-e1e0-4d69-a00b-a586f8ffb3b6,Dear Prudence,eng
05aafb1e-9b7d-46cf-9b5f-82b558b0471c,Time Alone With You,eng
05ad2056-97f6-4aa4-bfb3-f12c6ecf2c7f,Psycho,mul
05c3b3db-f96a-41d2-9b69-9b8b1de3ceb2,딩가딩가 (Dingga),
063a4265-d2ff-42e3-93c2-49f15e5bd5b1,LOCO,
0687c80c-ff57-4bfc-99b4-858f2bb1e37f,Smoke,eng
06c236da-dd61-4829-903d-ee5e7f90ee2d,Uncharted,eng
06c92450-0b24-4431-a4e0-15bb559e7c45,RING ma Bell (what a wonderful world),mul
06f74a8a-a6ad-46f9-b6b7-8752943fc5df,Tell Me,
071162ec-2160-4c44-bbaf-4aa00a437824,EASY,
072fc090-5b35-4ae7-9976-cb785fd0983a,Symphony,eng
077fb211-b44d-4ce7-8883-9f49d6cb24c8,Baggy Jeans,
078d484f-efe9-481d-9e3a-8c2b72b6b8fe,Manhattan,eng
079cab5d-0ae6-4524-81f9-5235a284ec49,Youngblood,eng
07aee826-1615-4ced-9117-800a21c438a0,神메뉴,mul
0810268f-2e52-4f89-86be-42762ea3f6d4,Just Dance,eng
089bb668-38af-42e0-9974-6608704be8af,Stay Tonight,kor
08bea1b3-be03-432f-8e94-a6b4b137bfea,The Other Side of Paradise,eng
08c58dd5-9708-49d0-bd79-36d603e06cc1,the eleventh day,mul
08e1bdbe-2683-445d-9e12-5c09c80d0ee3,Diamond Days,
0912dae6-6fc4-4866-a8e7-414ba4d4ebe8,Innuendo,eng
093c1742-ebda-45cd-a50c-734e5d92e7f2,Thank You (Falettinme Be Mice Elf Agin),eng
09573949-2fd9-4b60-8a4a-b056e31ef5f3,롤러코스터 (On a Ride),
097fffc7-3c8b-4496-ac0b-da999bdaa541,Hype boy,
09a727df-5da5-43f6-8fd9-ca4ff4350ceb,My Generation (2014 version),
09d2d023-3998-4f82-9c9d-1ab1367e6d8d,Villain,
0a0a491e-4752-4217-af2e-b152d01e6fa4,My Girl,eng
0a3b1c32-e076-44bb-b98b-5cda99eb3873,SWIPE,
0af476f3-48f4-4a7e-af4f-2f324dc60249,Me and My Broken Heart,eng
0b2c4799-3c06-4f23-8cdc-70e74779d635,Papaoutai,fra
0b30d65c-81f2-4946-819c-6726d11f88ff,11:11,kor
0b444b15-d961-4b74-9264-cb268958402b,A Rock Somewhere,
0b928876-4538-456b-8763-8ac46658e691,TAP,
0ba9778f-f16c-41c2-8912-a4b36880e7da,Killin’ Me Good,
0bb4e94b-5440-48bd-b14b-50ea8d55f3c6,Be in Love,
0c26b600-3961-4696-b741-15852c945ab2,"Tetris Theme A (From ""Tetris"")",zxx
0c2977eb-5199-427d-a565-207e76f3cd09,Green Light,
0c4df3b0-1ad3-4214-bc90-a236478ee225,Lady Marmalade,eng
0c58f691-02aa-42ab-86ed-8ee648b91869,Lips,mul
0c6103bd-56bc-40c6-9c63-da154050f837,Put a Little Love on Me,eng
0c846a8e-debd-4a63-bb93-6c57f5178b45,vampire,eng
0cd83d6f-ff20-4fa0-9eda-458d81ed537a,And So It Goes,eng
0cdc9b5b-b16b-4ff1-9f16-5b4ba76f1c17,Let It Be,eng
0ce4a1ba-4439-4756-8f7a-a4c1d7257332,If I Were a Boy,eng
0d198180-7dc5-424e-a04e-ef564c9da0cc,Kill This Love,mul
0d538e7c-9261-46ec-bde9-cae13e42372c,Fat Bottomed Girls,eng
0d5edfe7-ec80-4f93-aae3-2eb0ff85e5ac,질주 (2 Baddies),
0da856a9-9133-4d39-8d0f-4f2619b308d9,Kiss With a Fist,eng
0db25ccb-8936-4821-b073-0a83df2ab1c6,Hello,
0db6c1dd-09c5-4564-8a5e-5a4d07d526c6,Galaxy,
0def64ec-d8e7-4dbc-91db-958fc81ef9a9,Ashes and Wine,eng
0df1540d-d001-4ede-80df-9812666a314a,I Got a Boy,kor
0e2a103c-2cf2-41cd-bf80-5c1c90dd8516,Cheshire,
0e63d2b9-7516-4ee6-b740-f4c25817aeef,Tightrope,
0ec7d7ff-8403-4489-99ef-a5d3bc59eb5e,Tell Me a Bedtime Story,zxx
0f5c04f2-8f23-4aa8-88be-88b7cd0603e6,VISION,kor
0f891a84-0bce-40d2-8f27-f16c567ccbcd,Change,mul
0fde1c40-518f-4a57-8da1-03681dd05fbc,Poison Rose,mul
0ff7fbb8-b52b-4b07-ab85-a25b55717e31,Starlight,
100692c7-d5a7-4554-a131-62ef05691713,だいじょばない,jpn
1067a4c8-a4c8-4914-94fb-f4fe0d472f78,Wife,mul
106f3d01-5b1a-432b-b1c8-dc262c4919ae,yellow is the color of her eyes,eng
10f04445-5ef1-4511-b5ef-1f436e915a7f,Zero,
1109d8da-ce4a-4739-9414-242dc3e9b81c,Despacito,spa
11294597-b4ac-4717-8e95-f99d665c1ece,We Found Love,eng
1195e3a3-d78c-4521-a5d8-6765d86d4d09,I’d Rather Go Blind,eng
11cd940f-6693-4af2-9319-94cabf2816de,Why Can’t You Love Me?,
1228007c-cfec-4b62-ab34-a5f129c6ed37,LALALALA,
124b73f0-fa9c-4cf0-8d55-10c9c0620fba,Hongdae R&B,
126241da-d2cb-42c2-a40e-f30909057647,When I Was Your Man,eng
12ddb962-161b-4913-8892-a458e53f1f5a,#Twenty,
12ee245c-d844-498c-ba16-8ed7fb76f604,Better Things,
12f65dca-de8f-43fe-a65d-f12a02aaadf3,Take On Me,eng
135606e7-af05-46d0-8db2-757d2c89bc13,Kingdom Come,
1357cb76-0307-4e79-83f0-f3ba3a2d9e68,OMG,
136ce202-5481-494d-af98-9ac79d0a1eee,O.O,mul
1378b1cd-5280-4059-ac14-2d80aa4d4e6e,eight,
13f7ba19-553d-444a-81c1-e7fea9739bc9,Rockabye,eng
14083888-4d6a-498e-a967-a711be6253c1,D (half moon),
143f1c88-f47f-4f37-b25d-614c74269dea,drivers license,eng
144fd7a5-857f-412a-bf77-f5fd55dc8251,Lover to Lover,eng
1466b2c5-5d8a-4924-b845-6a25c2c8de13,Shanti Shanti Shanti,
1466fa4a-3d68-4bca-a21a-650de3af5c0e,I Had a King,eng
146707fc-924f-48ce-b56e-fff3a6a19c06,Bang Bang,eng
14848e6d-61fa-49f2-9e22-883e285a3a76,No Time to Die,eng
1520ec63-7504-424f-a4f1-12211dc9668a,On the Radio,eng
153e4e67-1d35-4406-af5e-d67014bf2026,Tear the Roof Off the Sucker,eng
159c9d87-a6f9-4722-87b6-20c307b5e0be,Finesse,eng
15f16efc-8762-4151-95ab-c12d06268640,Digital Love,eng
1604127c-4ce9-42e0-84b8-6ca0ca4d9886,DNA,eng
160bc8ff-c6bb-4a3c-a081-e903739d3eef,I’m a Believer,eng
164b8de4-cd55-463f-8aff-f1643b88f77f,Silent Night,mul
166fc65d-9926-4617-8c5f-d304cc1599ad,Somebody That I Used to Know,eng
1676926a-ed8c-42d2-ae82-8408fc836eb5,Blue Blood,mul
167b224b-596f-4a57-a405-08bfee59df59,Revolution 1,eng
168b55d7-0ea0-41d0-bd4f-55709efb07fc,Cold Blooded,
16aabaa0-8365-4aed-ad4e-8cf5e660b7c3,Waltz Me to the Grave,eng
16ba7915-2acf-42b2-8c87-ed67090dca91,Kiss Me More,eng
16bccc81-1d3e-4ae6-9959-6d07a8d3fd32,Samson,eng
173e6548-974e-44a7-a5f8-99e50e3049ae,라일락,kor
17416564-fb6e-471c-a4ad-0bfc45292cd9,Blackbird,eng
175fb7ff-f835-4b36-91c4-183bea56452a,Giant,
177727a4-92ee-4efe-8498-df6f33ca9372,The Joker,eng
178c825e-e171-4f0f-b131-94c10c2cc0e4,Two Way Street,eng
179f1218-ea61-4d7c-aec7-5306ad40c87b,Talk It Up,
17a24b07-1d22-4019-9746-a4a4b28457ba,Pandora’s Box,
17d3ee37-a7bb-41a0-9a33-2832edc690c3,Cry for Love,
180bced7-a6a3-472e-bcf2-51ae29b7959e,When Doves Cry,eng
181e0d63-ae73-4520-a31f-559fc50f19c8,It’s Definitely You,
183eed94-ddd8-4f41-b748-273b16bbe024,Moondance,eng
18677d1f-b586-48e5-8335-47f0c67930d3,Where Are We Now,
1872ea31-4d8a-4965-87a0-6b3bfa42f382,With,
18d30fc9-32e3-494d-b68a-ede6b2fe63c1,I Will Wait,eng
18d666be-b5b2-4ea3-b5c6-bd6a3349aef4,Armor,eng
18ec9607-b6fe-4b54-bdc5-df92ea6950b1,Alter Ego,
19112a8e-e20b-44eb-83b6-9aa45de26734,God of Music,
19572e8a-81da-4937-939e-8f2bf8119f0c,Imagine,eng
1986fca3-b291-44f6-b772-c963faa23be6,Captain Jack,eng
19b6d048-f981-40e9-8235-a5acf969e5df,Attention,eng
19bb48de-920c-4eae-a1b2-413492371adf,Fire,eng
19c0e6b8-7802-4fd3-b77c-56f0791fe598,Weather,
19d9ee7a-162f-4d33-87c1-f0041168a835,Tout oublier,fra
19e7ce1a-9076-45b5-b515-c03d709ded9f,Mi Corazón,
19eac113-c0b4-4127-9572-58ca7f7fed6b,It’s not easy for you,
1a322c78-582d-42b7-ae59-13191da5c65f,Here I Am,
1a61223e-aa82-4019-9f7f-a1360cf9198c,Shake It Out,eng
1a67e215-a19e-40c9-9b12-732de134bf5f,Blinding Lights,eng
1a774967-444d-42de-aa65-b6160d1205e4,Unholy,eng
1a85bc61-b4e8-4f52-ac4d-ea0a4e6aa12a,Penny Lane,eng
1a8b5f7c-58ed-4757-a8d3-47bf7f77a32f,Sweet Child o’ Mine,eng
1aad39f0-00ab-4e0e-a3f8-31e623cf4b44,Cupid,kor
1ab009f2-d713-4f85-b4a3-c383c344e24a,Watermelon Sugar,eng
1aede369-7b8b-4e24-9978-d95217787f25,Bando,
1b3a7174-614e-4c67-9833-0e355e809e80,"Perhaps, Happy Ending",
1b6de94f-046b-4717-8737-8ed79412226e,HIT YA!,
1b736a70-b1b6-4781-a470-fae4b06fb8b7,Just a Little Bit,
1b7afc7f-34be-4b51-9494-4803536b3e32,HOME,
1b862766-a552-411d-b83c-de62a50d7f22,ICON,eng
1ba8b7ba-fb7e-4f09-84f2-4269884e099b,Count Me Out,eng
1bae3d83-6964-49b4-9af5-9ebbf715eb1b,Countdown (BELLE Solo),mul
1baea65e-9f15-4527-ba53-5f0c0c31a47c,숲의 아이 (Bon voyage),mul
1bcb6d6a-43fa-41c9-ac88-a24b5637b18b,ALREADY,
1bd4ae30-8643-4431-a503-65e8363a8c94,Your Song,eng
1bd6ac77-2267-4b9e-9c25-7b3dce5775c4,Baby Powder,
1c3e8c57-c9d6-4470-ae9b-18985765b56d,뚜두뚜두 (DDU-DU DDU-DU),kor
1c4d363d-4bfd-4e69-82c8-ab3fd3215eaa,Alcohol‐Free,
1c598bd9-3c3b-4bec-94c4-fb6c61b4d2fe,脳裏上のクラッカー,jpn
1c89db1c-04bc-4421-897c-c5b6be886484,색안경 (STEREOTYPE),kor
1d48f0c7-f65f-4e3d-8b3e-b066531b9a67,휘파람,kor
1d54aa88-5b2f-448a-ad8f-72f32fdf0f06,Seven Devils,eng
1da1879e-8f0a-4fea-8d49-519b39aff6a7,"""Future Perfect (Pass the Mic)"" -",
1db19688-3404-4457-8962-7a5fcd528230,Locked Out of Heaven,eng
1dcd4e7c-6e4d-4875-8857-41ed2d83c5ac,UNNATURAL,
1e1d1f33-346c-4f9a-ad05-03aa715c2f37,Because,eng
1e398ba1-c3a2-4b70-bc19-0d00c931967f,Delicate,eng
1e819154-2660-4f40-a9e7-3658cc7a6f6a,눈누난나 (NUNU NANA),
1e9f856a-6217-4a8a-9561-a70ebbdace85,Love Me A Little,
1eb15308-39b1-4fd5-85a5-092fbb84e87c,Beautiful Liar,
1f49dac1-0772-4ac3-913b-954fa5633717,Radio,
1f57025c-b46e-4683-9eb8-114dfce689e4,Hustle,eng
1fc545d3-94b6-4a3d-bff3-bb8b861943d6,lovely,eng
20035de1-94c5-4a5f-af06-dfa1695f39cf,LAST WALTZ,mul
20655d93-c325-4825-9018-50fa1b54bf77,What a Wonderful World,eng
2070aff4-5a79-4772-b08e-254a0832eb64,Like Crazy,
207484bc-0585-4202-bb94-78c1156278b6,MY BAG,
208acc00-cd2e-4933-a58a-14b32d9aa503,Odd Eye,mul
20919a48-4ad5-409c-b639-8db7ca9f9e7a,Fix You,eng
209d5ebf-d938-4675-9b1f-534602e5bbbb,Bewitched,
20a9ef25-b557-4770-8477-e1ca3a060eee,cardigan,eng
20f359ce-4d8a-4901-9f28-eab2a9c743b6,SAY NO MORE,kor
20f6701c-240e-43c5-bb33-0f9ca138c9c1,Snowy,
212d48c1-bd6d-4ea6-a294-35d6de477092,Hercules,eng
215f2428-2cd6-4491-ba3d-599a8658f688,DANCE ON,
21a3591c-5c4a-4bef-ae49-aa51f955c5ac,Outlaw,
21b64ada-1ce3-461a-83dc-ce7398aafe4d,404 not found,jpn
21bc43e2-675d-4201-9dfd-f62069c3ce26,Bam Yang Gang,
21c1a5d3-a97e-41be-939d-1cc0f56d10f1,That’s Where I Am,eng
21ca6993-c499-408b-babe-1ca6d370cfe3,Still With You,
21f29f6d-6d86-4554-8abf-b18caae1eaca,행복 (Happiness),kor
220ac49d-414d-4eef-9f7c-7923e9f7b915,Bubble,mul
227092cf-8cb4-447c-9e6a-976dbda8e363,Geronimo,
22814f5e-572d-41c1-b627-d967aacbc768,Kill Shot,
2297aa21-1a48-4083-8dc8-fabbfd674220,Day Tripper,eng
232de276-3edc-44c0-94ca-08e44460f5b9,Butterflies,
2365f20b-ac7c-419d-936d-348dd24ba767,That’s What I Like,eng
2388cac4-0522-461b-9ed1-005c08b552a4,Just Did It,
238ec987-227b-4c0b-900c-4d90d6aad9b9,LEFT RIGHT,
238fd7e4-8771-49bb-b87c-7a0faf3880d1,Deja Vu,mul
239be118-8f35-448e-8ae5-df417b1b64e7,the last great american dynasty,eng
23a89301-e572-4611-a189-fa5c1bf5fd3e,NOBODY,mul
23c3c36b-9449-4484-9040-6ef2125999aa,Exit Music (for a Film),eng
23cb8594-170c-4ce6-9ff2-88d9d4bafb34,Lucid,
23dfe2ae-aadc-4a6f-83fa-a79ac3964b0d,Easy,
242b863c-f7b2-4c8c-afea-83bc12275df6,Automatic,kor
2477f62b-b77d-4fe3-b9c2-b0b94aa91099,Attitude,
24d87a16-ab1f-45e5-a46d-988236ee0822,아가씨,mul
25a1ab87-d9f6-461d-a709-166c23f4a1cc,Shadow,
25d8de5e-3662-4ffd-8dea-511a696ac3e7,Hurt,eng
25db131d-4437-4d07-a289-77d1223703e7,LOVE DIVE,kor
261847b5-befc-440a-a4a9-7f17e168f29a,You’ve Got the Love,eng
26bc1124-b228-401e-8f38-5cea1625d8c2,Misery Business,eng
26c75a9f-16e0-4bc1-811b-553efe2c2b76,Monster,
26ef0184-f005-4f49-a043-91950a131713,tolerate it,eng
27095248-cfa7-42b7-b2f9-0f0cf2bf28b3,Queendom,
271fd485-218f-4683-ae62-fdfbdc917c91,One and Only,
273a1b0d-aef8-446d-b8c3-5fa6cef7f922,I Don’t Mind,eng
275be529-789c-4182-93ed-900ce9b78cfb,Lingo,
277c862c-5cd7-4a71-8fef-0fab02856cf5,No Such Thing,eng
27e95178-49ac-47a1-8b4c-540c77982680,FAKE LOVE,
2833ac3c-eae1-4e24-9048-93005fcf8c41,윤슬 (Gold Dust),
28c186e8-9cdf-46c8-95a9-af71b649a76d,Talk Saxy,
28e8ec7b-1b1a-43df-a0b2-75c27b6727d5,You can’t sit with us,
29231733-b53f-4833-844a-fd19e4051602,I DO,
292d1a13-5769-481d-8534-a8e9e6bcbc85,Rabbit Heart (Raise It Up),eng
2938d66c-3625-41ac-b090-56fb74b8644c,Buttons,
295291be-e403-47fd-b7ab-ae65ad60a275,Pinball Wizard,eng
297d43a2-0132-414b-9552-99f67fb67565,Sunny Side Up!,
2990455d-968d-428c-b6ef-75e617feaad3,Funkytown,eng
299d376d-e568-44d8-bdbd-aca427671469,Perfect Night,eng
29b8e2d1-ab6b-4222-843a-d4700c085b6b,달라달라,
29d6a30b-b911-475c-808c-8b289844ca75,Love the Way You Lie,eng
29ff4f02-fea5-445f-b479-3b1c5a998323,Sour Candy,mul
2a03e175-ade6-441e-89c6-a2c60aed281d,마지막처럼,kor
2a11a3da-5496-4c64-ad92-cf54a222d06e,Anpanman,
2a531e93-105b-4b05-8a71-ad2cbcc0a181,보라빛 밤 (pporappippam),mul
2accc671-454d-4241-97ab-f2f62245918f,Nightwalker,
2ad0587f-0ef0-44d5-a21f-a9d5fce1dd66,You & Me,
2aebb106-3d82-4a8b-a091-3af597a08410,한(一),kor
2af24267-87f3-4a01-95cb-903d54c6d599,My Oh My,eng
2af5d258-e258-4b81-b2e1-a6b876d2bc4a,Super Freak,
2b2d769e-3a82-4136-a6d3-4deff63c50e7,"Sit Down, You're Rockin' the Boat",
2b2ef2aa-dfd5-4770-8e1b-b6dfb0823fa2,Black Mamba,kor
2b3e271c-4308-4415-b270-f3496e90fdef,Rover,
2b41e7a3-d95e-47eb-b9cb-9889dae8198c,Gimme Sympathy,eng
2b59e046-b99e-4bdd-9667-e4df0bef0935,So What,
2b7c48ed-2a72-4241-9fc8-bd4602faebf2,First Time,
2b83e722-6c1d-41c1-8f7f-fb527cda637b,Pity Party,
2bd4d761-466d-4029-a6a4-28cdf7cb9ee0,…Ready for It?,eng
2bd73dea-e87c-4a50-8ef5-774b070f071a,아니 (Any),
2c0b2787-307c-49e9-b2e9-5b1ddd6e713e,Hips Don’t Lie,eng
2c1d65f4-b733-4bc6-a312-9702d3b5ab31,Hello Future,
2c3dd101-e4c7-47b1-9d55-3caffdb1ee69,SCIENTIST,mul
2c41837c-be11-40ae-a25e-1b06546ac3f4,ビリミリオン,
2c5530aa-370b-41f5-9338-a4532228432c,Like a Lady,
2c62c7e5-51a7-42ee-a615-229066df326f,Macarena,
2cee6c9b-98d2-4985-9eb2-101caafd3b60,Polaroid Love,
2d2f2458-e120-4814-9abb-5f70010fe491,He Won't Hold You,eng
2d646b0c-4ff2-43d5-8daa-15ed56ab590c,Spicy,
2d89f537-19ff-49ee-923a-e20860779094,Cold as Hell,
2d9bc58f-4ae7-4a51-bf43-440b04b62181,Blessed‐Cursed,
2dd9797c-4f04-43b1-9d82-414a354807d9,Lxxk 2 U,
2e0ae4be-4451-418a-9d3d-445579b62fee,Adrenaline,
2e204928-3751-4131-90d8-62f4beecee37,Moon River,eng
2e2e64ee-d7bf-44bf-9e1b-df37a0f54e16,Killin' It,
2e31e4c7-8670-4470-b667-a27f78229126,Movin’ Out (Anthony’s Song),eng
2e3265e3-45c4-4e3f-84f7-677901e2841f,Weapon,
2e33d52a-b8ba-4b9d-99d2-1df3d126db6f,watch,eng
2e406c2d-594c-48b6-b5a1-6b7c60f3d9b0,Power,eng
2e697216-bb56-4290-992c-f43a4d1aa426,Holiday Party,
2e763307-db63-420d-9efc-d0a780e080dc,Old Flame,eng
2eb1482d-5b8a-4142-a110-54d813195fcd,Melt Away,
2ef0762b-b19d-4355-b19a-7af087497599,Grenade,eng
2f103895-6fb4-4c8e-a75a-a4623d078db0,Falling,eng
2f126ad4-7fc5-4e5a-8fac-571f38f4e977,Underwater,
2f9b659c-36cb-4173-b393-5171c8ef4693,Nxde,mul
2fda4554-77fd-4495-bd7d-5109b973280b,CRIMINAL LOVE,
303fa742-e4d4-4044-9fa6-ddd902326438,Higher Ground,eng
3047934b-71b1-4b8d-98b7-fcd8ef2494b4,꽃 (FLOWER),
304bdc08-92b4-4f3a-80c8-e759508bc275,IT'S YOU,
307ce9da-5690-4e21-ab71-9d12ea106e52,Viva la vida,eng
310c7a8c-aa77-4ade-b9ea-02dee4aec084,Don’t Call Me Up,eng
31148286-91df-454f-a309-8e16767fac61,Sucker,eng
3125b023-6a45-4a68-98ec-a88634866983,Sign of the Times,eng
313abb0c-375a-4dc1-ad72-07eb2eefe8cc,다섯 번째 계절 (SSFWL),mul
31482e0a-8b60-4440-8542-97f97466b13a,Priority,
315b48c9-bbc0-488b-adc0-560eef066f83,Play That Funky Music (album version),eng
31600df4-e6dd-48ca-9f6b-8804027d8d6e,Jigsaw Falling Into Place,eng
316490d2-21f5-4ed2-a2a3-ca501a9b2e86,200%,
317e8d84-ebbf-4c5a-b428-aed5f391004b,눈이 오잖아,
31c79259-3e45-43c4-afec-9639e275481b,Everything,eng
31dc6026-853d-4c9a-a5c8-a1cf2eb555a4,Tally,eng
31e3abbe-a39f-414b-8a5b-aa6ff40ee439,Be Mine,mul
31f6fadd-0722-41d3-9c02-ffa2d7c4cd7b,Goblin,mul
320bafcf-578b-41e0-bc57-503308a26ed6,Forever Young,mul
32275562-9c05-4477-be44-d1aa8c4e7c18,チョコレイト・ディスコ,jpn
323326b7-40b4-44e9-97c7-7b364ad06927,"yes, and?",eng
323866f6-ecea-492c-9d36-72d1f3945e68,When I Get Old,
327d7172-6a0a-4354-856a-7034ad699413,Come Sail Away,eng
327e3115-b909-410e-856a-977176392573,Disturbia,eng
32e02581-0a95-43f0-a83c-17af5a0e0c63,I Kissed a Girl,eng
330699ba-9903-4485-b1c1-fc243b89d16f,T4ke,mul
3326255b-aa4c-4c90-ad5e-3ed3790c0334,What is Love?,kor
3327438f-162b-49ac-97d7-a857b1410841,Breakeven,eng
33a65ba8-4d76-46c2-9c26-96f6085e1082,The Black Cat Nero,kor
346c1f7c-a41f-48da-b2b7-7d2245364e37,Still Life,
34c47e1b-36f0-464a-9004-9bb9fbd3240f,SET ME FREE,
3530b84c-6e97-4b8d-9624-ec8308806783,Dun Dun Dance,mul
3535d3ce-5dfd-4613-b35a-fcc3f7ada553,Life’s Too Short,
35376510-ffa7-4939-bfc0-dfcbd6c340a6,Oh Sorry Ya,
357b3120-24ed-4c5a-aba1-cc5e6e0ce043,잠시,
35893f0a-a875-4035-888e-ec44559c5053,This Love,eng
358acfec-9929-46a0-9f6c-d37e71802669,Wrap Me in Plastic,
35afc00f-ddbc-4159-b6da-ea4f325ea5b8,PING PONG,
35bdd7d1-4529-496a-aad4-060000d9cc99,Trick or Trick,
35f32fae-ad82-4324-bf16-72dd6cabadbf,A New Kind of Love,eng
3604eb06-4bc2-4416-9b31-ceadae51bc70,We Are the Champions,eng
36206928-d110-4873-9988-59d15f5ece1d,Delilah,eng
36a273fd-0949-47b5-ab36-85bd37492a72,Doll,mul
36deb46f-4f4d-4799-9dbf-915b80cadcc1,Feel My Rhythm,
37347a97-76f6-4294-a02b-a16a53008f88,Karma,eng
375d6b2b-9726-4040-94e9-b4afe90d26d1,Dolphin,kor
3777c060-6ef0-4132-a4a0-cd337d844c7c,The Light,
3780cb7f-f33a-4e6a-85d8-6667a571a707,BLAME IT ON ME,
37db00a3-50f4-4492-ab1d-eb122d52946f,Yummy Yummy Love,
384c8f14-a8e8-4cac-9dd9-668cc3b549e1,어른아이 (Toddler),
386101f5-20b1-471e-9bde-0b1e6d1f584c,Back Door,kor
38612581-afed-4f36-8caf-253873449359,The Phantom of the Opera,eng
38817ff5-9c8b-4d3f-a47f-a89987367e4a,Burn It Down,
3891c43e-1f33-4812-a240-2e2f6ceb1dbd,VILLAIN DIES,
38c50f97-312f-45fd-9b67-87eee2d57792,품 (Heart),
38d33ba5-d91a-497e-ad53-29a33efc6aa7,Hard to Handle,eng
38de1208-4b73-43cd-bcad-1b054a6b88ab,Darl+ing,
38e06968-af06-44ea-9eba-a1a275832767,Uptown Funk,eng
38eeadde-7f12-4c34-bf09-49a7f4970b03,Blah Blah Blah,mul
3973f3c3-9877-4c80-a3be-bca6f4a8226c,Basics,mul
398dcffc-8740-4b8b-8453-846fbf8c5de2,Little Lion Man,eng
39973f6c-4d2f-4683-947c-10f74f909cfe,Dark Paradise,eng
39bdfa1d-b92d-40d0-ba04-8297e63d77a2,Feel Special,mul
3a0d0d29-0c97-4570-b79c-3bebffe4bf49,The Happiest Girl,eng
3a5d3e30-104c-4baa-8915-dfda913e2496,SMILEY,
3ad447bc-779f-401a-b7d0-d92c0ccb0c1f,FREEDOM,
3af602f0-e273-4d66-83c2-8d55243cc56b,WAP,eng
3b0ae439-3a09-40bf-8cc1-03739d69c961,I Did Something Bad,eng
3b1092ab-82d8-4c07-a745-8c30043bb13f,Talk That Talk,mul
3b286fbf-0dc9-45b8-bf4a-5036ac72526d,Somebody to Love,eng
3b4a3bd3-944d-45f4-ac92-ab72a7448ba2,Goodnight and Go,eng
3bc5a4fc-5a57-4758-8590-524f3642fce7,Guilty,
3c295fcb-ceec-433b-ba0e-d40c471187ba,Shh..,
3c37ee70-6a4b-499e-9bb3-51e5a16bad44,Cecilia,
3c5d6093-aead-41f7-95ef-88b20593a6e8,Unknown (to You),eng
3cb1dd01-8d21-4f00-bb9c-8edaf9cd4df4,Love Lee,
3cb209c6-691e-4e45-868e-cefa0fd98a82,Good Morning Judge,eng
3ced5a66-277a-4362-81f3-b542b985a3c7,Sunday Morning,eng
3d1631eb-92df-47f2-928e-a0322dfcee4d,Between The Lines,
3d1bdb07-e4ad-4cbb-be12-215bc9b5db2c,Sensitive,mul
3d3342ea-8c03-4fb9-976f-eb151bd68365,The Night We Met,
3d34635c-73a0-42df-a2f7-d472940db04d,Psycho,
3d3ef666-880f-4dd8-b17f-4e58a7b35c4c,Rude Boy,eng
3d56039f-a530-43d0-9ee8-99aee19e8993,"Good, Bad, Ugly",
3d651fa9-dbd2-447d-aef6-37c8cecc8ab8,Yes or No,
3d7d0679-df1c-40ed-b4c4-7744234c7312,Brass Goggles,
3d7f2000-123d-4cac-862b-e04ead24c5f2,Golden Slumbers,eng
3d8f0854-09e2-4ce6-8ca3-b1a25fb8b28e,Jazz Bar,mul
3df8b696-85b5-4462-8c69-589cc61b998d,별이 빛나는 밤,
3e963c34-06d2-4a32-93d8-bd03e98d5e81,Clocks,eng
3e9f10a9-921e-4e50-9ebd-59211e0e9db5,Gone,eng
3eb7efbb-8717-4034-a698-109c70798524,I Am the Walrus,eng
3ec148c2-a361-4021-8ce4-d8e618bac135,Automatonic Electronic Harmonics,
3eeaa22c-aa61-4d85-9d68-7f056f7e5cf0,Crazy Like You,mul
3eef5f61-d26e-4a93-b5df-4ae1e6995c22,Thirsty,
3f23dd2a-a70a-4d6e-a5b1-ae3f22589dd7,Thinkin Bout You,eng
3f3dcaca-bdc0-4a89-8ed9-af61467695dd,Say You'll Go,
3fe087be-5eb9-4021-909e-76c2fc55a590,Next Level,kor
4034db09-1f2e-4b0b-8500-b36ffa493f25,Waves,eng
403f7b76-758f-4c2c-89df-cc66830bd8db,빤간 립스틱,
40fd75df-1489-4be6-86d0-b420529360fd,Happy Ending,eng
4161fb4d-a62c-4248-a82e-a1e466ad8d78,Breakthrough,
416d4bd9-38b8-4535-8860-419763d3a1a9,Landslide,eng
41ab93ac-7401-47f8-a984-525ece3a3677,still feel.,eng
41bb57b5-9386-41c9-ba42-b2b599c4e32b,Consequences,eng
41c134b2-01ac-4e6f-b7bd-5b022cf2f737,Side to Side,eng
4226119b-b2b2-4f0c-af1c-14e8aa73bd93,Genie,
424c10aa-a857-4dc6-872e-2a8fb0b707f3,Eleanor Rigby,eng
42813d9f-1e43-44f8-adcc-aa6087361fa6,Death Bed (Coffee for Your Head),eng
43316448-c1fb-4d37-92bb-d2f5cc88baa7,오후 (OHOO),
4348756a-76db-4e4b-a83b-bd64ccbdee92,What Now,eng
43637245-eb30-4ed9-8a78-36504991dd62,Fly as Me,eng
43643631-5350-4c38-9468-68b7c4ab2105,Madness,eng
436cdd78-af92-46fc-85e9-44a051233b90,ONLY,
4370a65b-472f-495b-a6bf-1352ab38100f,BOSS,kor
43dfdb9a-98e9-4dd9-aee7-b6f65a57a968,BEcause,mul
43ea9922-deaa-4829-b8eb-4c3fa3375026,Life’s Too Short,
4459f042-afff-4fa3-b5e5-e10d9782992d,Style,eng
44abd7d3-c593-4587-a109-6d9582f13f36,Oops… I Did It Again,eng
44e88237-bdb1-4176-9687-714f0d9f6f76,California Gurls,eng
456977fd-e033-41af-8f37-fae82051fa6c,DASH,mul
45aaeed5-9f87-4967-ad8d-65d1b99c749c,"RIP, Love",
46461eae-894c-48fb-aefd-2d6a2531f30a,Bluebird,
46757d5f-0eed-4d71-89eb-a1472cd16625,1000 Times,eng
468ac98e-d953-4a4d-bd4b-845d73b88eac,Portions for Foxes,
46e782c1-8677-4426-9f1b-db4b30ead828,HOT,
46f73285-cdc1-41ac-8b6d-912bd15c6f19,I AM,mul
471dc436-80be-4f06-bc8f-7e2685876cfc,You’re My Best Friend,eng
4731b056-afeb-47c1-a9ad-9766ae4cd7cb,B,eng
478b6eb1-3bf3-42ab-8836-a713fab23def,Half of Me,eng
4799b272-888d-44eb-8681-6609da52ebee,Can’t Stop This Party,
47b02a82-c3bf-4647-b894-dd1c8f608e7f,Let Down,eng
47ca2cfe-7c51-4223-b661-4a1b76da2da3,먼지,
47e03598-1d37-4c29-8b0c-669d45253cb3,"Boy's a Liar, Pt. 2",eng
485bbe7f-d0f7-4ffe-8adb-0f1093dd2dbf,Come Together,eng
487f40d3-1b2c-471f-9c70-d94f5b4134d1,If I Go,eng
489e88ff-323a-449f-8dd2-f7521691880a,Just the Way You Are,eng
48d9340a-0c6a-469a-b043-eeaec9f577c6,Technologic,
4952857d-5834-466b-9f92-46328376da76,NO PROBLEM,eng
49c8f770-507e-424c-a1a8-247763225e52,Caroline,
49e6cd1d-22da-4428-a5a5-fb84cd16f9f9,Way Back Home,
49f41fa9-7125-4b7b-b220-d5af1ccea636,Bambi,
4a154661-f61a-4ea0-b88f-fe89ae5d3afc,Breezeblocks,eng
4a1edbfc-2fea-47ab-87fe-5ad4922f60fd,Mcguffins ~ who’s the Joker?,mul
4a4259a2-0217-4e05-a699-1cf358e4d949,October Sky,eng
4a5e383a-6ee2-45f7-8099-2c5d1605985e,Monster,
4a89a693-a5a7-4348-9cf6-718aad1667fb,Standing Next to You,
4a9e6ca8-82a3-40a3-b56e-9f6679134c6b,Tamed‐Dashed,
4b0e4bc5-9db0-41f4-881e-927f9b3bdacc,Savage,kor
4b296f7f-9441-4ec9-a311-7d76246bbf0e,Beg for You,eng
4b5881ff-a00c-4704-9097-105cc538d8be,영웅 (英雄; Kick It),
4b5cdfd4-de2d-4647-a9ac-5476713926ff,INVU,mul
4b877472-c37e-49f1-a1ce-905b235553ec,BANG BANG BANG,kor
4bc43b0e-89be-41e3-928a-aab210a26dff,Day 1,kor
4be6d7b6-36c2-431e-9bc3-01af8cc4881b,Wait for It,eng
4c0566be-d3d9-42b2-964d-cf349972123b,Don’t Stop the Music,eng
4c29857e-06f1-4c17-b459-e7f74651f74f,imagine,eng
4c3092b6-1576-4784-af4b-f41fb5109314,Goddess Level,
4c43780e-caaf-4e7b-b6df-14ac017a0cc0,Flash Light,eng
4ca79a59-da43-4e3f-8f7f-5e2be564c5e0,The Longest Time,eng
4cae826c-d966-45a7-80c3-c35240b35f5a,Can’t Control Myself,kor
4cb99d6b-f70e-45db-a6fd-7e7176643c94,Like Water,
4cc16a67-d1e8-4ec3-93f2-84b1d27cd283,No title,jpn
4ce82115-c336-4cb6-9770-00e2e3d54b19,Tippy Toes,
4d82c5eb-9cfe-4dd6-b147-b57cc17a809d,bury a friend,eng
4d8a4205-1544-481a-b921-e7be34c4fd04,LIKEY,
4ddebe69-6db5-4338-97d3-299cfdc72fb2,Flowers,eng
4e1aa6d6-8493-4aa2-9937-5b4e466d36ad,Into You,
4e303be7-2e84-4617-8303-030792141159,Baby I,eng
4e598400-9c87-4c90-84d7-af047be222e2,Killing Me,eng
4e7bfe28-623f-4123-b688-e55ef346b8fe,DNA,
4e9f954e-df92-40d9-b68d-8abcd4eae4da,Sweater Weather,eng
4ed93f7c-8bc0-4599-97a4-fafd3d46b405,Dead Man Runnin’,
4edd7620-73bc-4ff7-b708-5c9449311adf,나쁜놈 (Chico malo),
4efea515-d670-4715-b99c-71df72f980fa,Can’t Tell Me Nothing,
4f08b556-e003-4124-b096-9d0b6b6af2eb,Bird Set Free,eng
4f1d1643-c516-4731-bb8c-8286f805faf6,JA ARA E,mul
4f515654-052b-4631-8a78-57ea362cd18a,Take It All,eng
4f53a328-f6f9-4cc0-a44c-23b4307acf0c,오묘해,
4fbf9706-4e50-4e0d-b98b-a94c930839ae,Dance the Night,eng
50011172-8f92-476f-82bd-c8e5cf744e3d,UNFORGIVEN,mul
50479d6c-6bee-412b-9f9e-8e3a53401d90,Sugarcoat (NATTY Solo),mul
50605eaa-4e63-4e6c-8bcf-40ad6812ff60,MORE,
50711b8e-1702-4346-956b-3d688039b221,싫다고 말해,kor
50a79497-0690-4220-96a2-d62ca5d5ed96,Blue Flame,mul
50e91c69-df3b-4289-9472-ad454ba7d998,I’ll Be There,eng
510ec294-961e-4818-a33a-61e8c7d6e396,Raise y_our glass,
5199323c-dd84-452b-a826-783b08e51f48,My Everything,
51f21966-5d55-4525-a179-1bdd24f7ab63,Trumpets,eng
52269c36-7694-4d96-ae3a-1b6ebc7fa945,Celebrity,kor
5228a8e6-f3d3-433d-88b4-3137770c3c22,Light On,eng
52364a97-082f-4295-9508-f30a656bae99,놀이 (Naughty),mul
524512e2-0954-4e31-bc12-5fb7087cc1bf,Kiss and Make Up,eng
52587f93-2a1d-45fb-a8ba-97aafa2c1f28,Dog Days Are Over,eng
526bd613-fddd-4bd6-9137-ab709ac74cab,While My Guitar Gently Weeps,eng
5278a8ee-63ca-40f0-ace8-6d161f180d31,Tick Tock,
52a37bf4-5f2e-440e-8919-9b85afae33bb,In My Dreams,
52a95423-20c2-4530-85be-5a90d065de67,New York State of Mind,eng
52b97add-9543-4b32-b9e8-5149686babb3,Ice Cream Cake,kor
52c162f5-acdf-49cd-9ae5-98983b9d70db,달려라 방탄,
52c1af81-18f4-4e57-8d75-0b15c0206094,Moonlight,eng
52dc5433-ce6f-4946-8b71-333e66bd37b8,Kill Bill,eng
535500b8-8d11-4a8a-ac88-72da6d3069f0,Set Me Free Pt.2,
53edc438-8c7f-401b-9bab-805f145cb5ec,ON,mul
541a4633-bb6e-4c37-b497-4fd1868fe1bd,Teddy Bear,kor
54420096-7077-4d13-baeb-a810e265f12c,후라이의 꿈,
5458ca40-c86d-454d-8240-edabf55e92b8,ZOOM ZOOM,
5463ed3a-5fc1-49b6-8260-3b5bb36ee047,Skinny Love,eng
54949fdb-2e86-49a3-856d-59d09dc4c7cc,그대의 의도,
54a32ec6-9e99-495b-811c-e8cdbc20bbca,Good & Great,
54aca732-59aa-471f-b086-041d55b69ab4,SIGNAL,
54c0d7ee-bb31-4360-8038-b2bfc3e70663,"Baby, I’m Jealous",eng
54e8fe43-8827-45d0-9c33-3d9a9c6bc97a,THRILL RIDE,
55169290-687d-4053-a9c2-4694504a29be,Get Ugly,eng
55407857-babb-4f04-9915-4884f6acdc63,FANCY,mul
55671308-2ba1-479b-874a-781d752931c3,Misery,eng
55733062-5667-47a6-b821-0c3ffa240e1d,I Choose You,eng
55908a41-3e97-4141-ace0-5b014fd6c400,GRL GVNG,
55fadf17-4b58-47b6-9cb7-f2e066ad14f7,4 Walls,kor
5646c7cd-6840-406e-b07b-88011d206edb,Don’t Call Me,
568a68be-dac0-4b7e-8d88-8bbfde934277,You Better Not,
5694ee14-5f3b-4391-a2cb-0339d42f56f0,If I Ain’t Got You,
577e07a0-a450-4d62-a44f-d6999f4ade24,Not Like You,mul
57888c47-f976-4417-9577-f45f118b58ca,(I Can’t Get No) Satisfaction,eng
57b269a0-99eb-4b31-a4d4-ff311f965a3e,The Adults Are Talking,eng
57b4710c-038c-474b-9029-4353e3c05432,WA DA DA,
5874a553-d50b-4309-95cd-d2cf2c7bad09,삠삠 (BEAM BEAM),
589b2eff-e541-475b-bbe7-ca778238e711,Never Let Me Go,eng
58fc8f3d-28a0-44c9-932c-1dbed742ac9e,PADO,
592c4dcd-7b97-4b84-9046-0ea788319323,Why Not?,mul
595a5d8f-fc53-4982-b4ef-af26d07eb0c5,10 Months,
598bc2a9-1a27-4f6a-a7cc-30649303edca,Wildest Dreams,eng
59fc5ddf-a1d9-4746-902d-71fb5a9a78c2,Shake It Off,eng
5a1e091f-afe8-4ecb-97a3-fa7ca1348a92,NO MORE (MA BOY),mul
5a30eb21-d05b-436b-8e39-e1322ed9cbd6,Love wins all,
5a35306c-e8a8-4eff-a52f-40bcd65f97cb,DICE,mul
5a3c8dda-eba8-4f4c-a7d2-89d71c89d438,BORN TO BE,mul
5a5056f9-1bec-426e-bc39-2ba1d22bb13b,S&M,eng
5a88752c-2dcd-44e1-b64b-c964d94b6c10,The Execution of All Things,
5a8a7042-77e4-4bc3-87b7-479096e4fd8c,Running Outta Love,eng
5aa053a9-5b84-418f-bb3c-d61df67b3880,Bye Bye Bye,eng
5ac03463-75a7-412b-ba7d-29d0fa422271,My Life,eng
5b17f832-1928-414b-bbc0-d97f0e62ca57,Given-Taken,
5b46a573-b0f9-4f83-a197-15750db07d2b,Problem,eng
5b749ff9-4fd2-4546-9c57-fa9ab0332290,The Flash,
5bc57cb6-7875-40b0-967b-0429deade3c3,YES or YES,
5bdb632d-f96a-4fb8-83ea-da0c26e32307,CRUSH (가시),
5bf956f1-c656-444f-b9f3-9b08332bcc70,ANTIFRAGILE,mul
5bfcac8b-bdb9-4510-992c-460f6fb976e9,Renegade,eng
5c020130-6d01-4e9c-9551-91947ce53040,Before He Cheats,eng
5c3ba151-633d-48bb-875a-599b3fcf5645,Snooze,
5cb531a4-13c7-4c4d-8966-1fcc0cc5f079,She Will Be Loved,eng
5cbc1f32-3bfd-48e9-953c-5ec847f86370,Ocean Eyes,eng
5cd1324a-f5b2-43da-b8f0-2415eb1c8b5b,Untie,mul
5cd7baaf-e1f7-49fb-981a-cf502c165fe9,Say So,eng
5cda825e-7b35-46ef-a18c-4e9e8c23a032,사랑해 (I LOVE YOU),kor
5cfcd3a3-34bd-4195-a1a9-6af9a6a6bec8,Love to Hate Me,eng
5d01a8d2-e03d-4553-bd43-b462c9730110,Over You,
5d4764fe-bb3a-40e3-bf77-7af7d9929616,Countdown,
5d48f85b-1392-440d-8a0a-b441f7ffdead,매일밤,
5d9096cd-f051-489c-ba56-9f0f538bfb2e,한숨,kor
5db082d6-b570-49fe-9b07-9e9da68cab2d,ASAP,eng
5db7f306-45ea-4ac3-94d1-b9aaf6482dfe,Love on the Rocks,eng
5dc32a82-ae98-4f4c-9914-b04dfbe7d35e,Mercy,fra
5e86abc7-aab2-4c81-bf0a-1f5693fbde31,Sin pijama,spa
5f0ff901-922e-44ce-832e-7d126eaa9f14,Let's Get It On,eng
5f225d88-ba22-4c71-8610-0c40a68591f9,All Night,
5f2d82e9-9b2a-499a-b1a9-16d9f206b83a,Love Song,
5f527806-58cd-4b2b-8f4a-d5c0732ba36a,YEPPI YEPPI,kor
5f6e8ab0-a0c5-41df-af90-fef5444641ed,Off My Face,eng
5f926e49-e0b8-4b45-8172-a1b9076d6b22,Lone Digger,eng
5fa914f8-e888-4312-b85c-0c577ebf709f,AYA,
5fe277af-719d-4604-afc7-4697237659a3,덤디덤디 (DUMDi DUMDi),kor
6042235a-bb2c-41cb-8eae-24372f660c08,Breakfast on the Morning Tram,eng
6044145d-92ac-44d6-9f81-d12754cc654a,초행길 (The Road),
60591aba-acf7-4011-8b2b-e471409299df,My Guy (single version),eng
606bd9e7-74ad-485e-b075-1d9fc5e50866,YOUNG LUV,kor
6090c671-606f-4704-85c6-8a0c33763a3d,Don’t Start Now,eng
60bd9d53-01ff-4562-8058-eb44b3940317,Everything in Its Right Place,eng
60d6e0f2-1306-410e-9657-9ea52fa84151,New Jeans,eng
612b2d4b-10d7-4014-bf8c-2ead10260559,How You Like That,mul
613647d8-b51f-4ad1-af69-94a7d70b9c0f,Daylight,
61463f60-4534-4d3b-8641-78a755a0385f,Breathe Again,
61c4b743-312f-4b63-b611-18f42a6c57bd,The Wire,eng
61dbf274-3f3e-41b7-b029-94c3be9c6c5d,Come Round Soon,
61fb1575-d67b-4a0b-bf3a-9ad82fcc5e2f,Black Swan,mul
62322325-98c5-4b10-b6ef-b2ec7334e4f6,Pocket Calculator / Dentaku,jpn
624bfdf4-4ee0-4cfc-ae64-2d00948b3982,마리아 (Maria),
62574f42-ae87-4c96-a8cc-fa152ccaa74f,Julia,eng
62f09fd2-144a-439a-96f9-ce93f05b48ae,Señorita,eng
63255488-f91c-4db7-b5a3-cb1a0488f430,London Boy,eng
6364b45a-b31b-4dfc-8c47-9d52cc7a3e58,Don’t Blame Me,eng
63671a6e-04cd-4d9a-a796-94e089149eb6,YOLO,
638df6d4-7401-4e67-943b-5cf819da6d16,NANANA,
63d0116f-a59f-4efa-911a-748629c1a501,To the moon,
63fdd511-acb2-441b-b313-b53169c9dbf0,홀씨,
645acbbc-ffb9-4383-affa-6d5cfb052a32,The Boxer,eng
6475ee55-7fe8-4250-8e54-8d60da277e3c,SHOOT!,
64b13c45-f8bb-496f-9fed-27b7da5a4509,Call Me,eng
6574951b-e03c-400c-b807-476c4a7b7635,Papaoutai,fra
65902599-fb79-4534-b3e1-1fd076d8b849,GingaMingaYo (the strange world),
665f99cb-05bc-4337-b9e9-f3346f2cb25b,la type,eng
66624b4b-96c2-4575-82ea-d8e38a9e4e1b,Bad Dracula,kor
666879c8-2083-4f64-bd7a-9a15bac75962,Pyramid Song,eng
6692a00a-aa8e-4ab8-be13-5bfc841efc2f,The Eye,
66b0e91a-63be-4f31-bdb5-02799fcc22e1,La La Latch,eng
6715d820-b2bc-4e22-be4a-855c4149ca3d,BLOOM,mul
671fbe8f-1b41-48fb-868d-21de0508186c,It’s Gonna Be Me,eng
67421678-2236-4290-936e-0be909aedae6,POPPY,jpn
67817edf-5dcc-470a-8dfc-bddfe1ea5035,Hammer and a Nail,
678359f6-1ac4-456f-abda-0535381e1041,Shades of Cool,eng
67878d86-1d64-40cd-8415-1f4b9cdfc8ea,HUSH RUSH,
67cd8784-53f1-42ec-93e4-e67e6e081c02,Dream a Little Dream of Me,eng
683ac788-5410-4cce-8da6-ca272b95d798,Rock with you,
68580e6a-e988-4628-8a63-375b813738d5,Underwater,
6866c3c1-e673-4d2d-91cf-b6c512c32902,Islands,eng
68806bbc-bf6c-484c-ab8d-93d7261ae2f8,가시 (Rose),
68af4e3f-89eb-41b4-a4ac-668a11d84173,Candy,
68b795e7-dc7b-4d6d-abb9-52981c269af0,Amigos,
68c3b67e-8f27-4063-ab42-5db3cd5046b1,DEJAYOU,
68d04240-ecfb-4eab-9be6-0fc681e71165,Comme des garçons (Like the Boys),mul
68fd82ca-1ba0-495a-8a52-f7e280a8709e,거북이,
69096f71-6fbc-4f4d-95ba-2c07f998baec,구원자,
6919f3b6-a84e-4cd2-815d-02b12de6b782,Dark Side,eng
6926be9f-2405-4b68-9080-42410be08312,Bad Romance,mul
6949d85d-ffb2-4ab0-9370-52e07b288a39,Yoü and I,eng
699bbddb-1c84-4937-9b3e-a2ce4380997d,In & Out,
69d1f492-2fef-41a2-b696-e4e7c49a0f3d,Lollipop,
69fb02cc-aebc-41df-abd1-46df1ebf845a,FM 89.1,
6a107b98-a369-4b53-a145-b07c613156d1,물타기,
6a53c516-e2dd-479f-858b-a51c4bf63d38,얼음들,kor
6a70e938-1fb1-4b2c-9fc7-5e92e62aab7e,Best Part,
6ac29e49-525f-49c6-a728-4510da03bcbb,I Love You 3000 II,
6b1d5e83-7637-4976-a72e-a0d56a32f054,"""ParadoXXX Invasion"" -",
6b235773-16bd-4fc5-b57e-c966f9d1db6d,Another One Bites the Dust,eng
6bb9e766-97a5-440f-9173-99515493d2d4,Anti‐Hero,eng
6bdefede-126d-45ce-b56c-154c7a85f39b,Scandal,
6c14d35d-76b7-4da6-adda-cbea3572d138,RUN2U,kor
6c5c1e00-a2f3-4695-91a5-2372df42006f,Stay,eng
6c63a910-6e61-445f-8fbe-3bd17b954c95,Out of the Woods,eng
6cabfa73-d0ec-4cc7-840c-ba64b90e2dc1,Lo malo,
6ccf9408-98ec-437e-b3d0-dc45642ecf9a,Happy,
6ccfae2f-06fb-4a04-8f56-cb518c1de01c,Alive,eng
6d3f3086-dedd-4d3b-a791-99a4a3f4f141,Alexander Hamilton,eng
6d42a58c-f703-43ad-9c93-569de489dfcd,CRAZY STUPID LOVE,
6d443e2a-76c7-4498-acc4-8209b01d14cc,Dream of You,eng
6d53b5d6-c330-4888-b243-a7a54a739a36,Jai Jai Shivshankar,
6e3508b4-8c87-4433-9097-85f37aa93289,SURF,
6e6c8618-7428-4e6d-850a-a6d321cf9ca6,ASAP,mul
6e6d58a3-8526-4af3-9a66-4f847e93283e,FOREVER 1,mul
6e8b7cd8-bd82-414f-85f1-80e93d408bc9,Pirate,
6eb455c2-7b4c-4d90-acac-34a1d35d41be,Big Girls Cry,eng
6ed6a516-8b56-4ba2-a621-00678bc86ec5,MONTERO (Call Me by Your Name),eng
6ee6e30c-be65-4d95-87b3-6d88ec259964,Picture,
6f043dd6-a11a-4c4f-b3ee-670c1643543d,STRANGER,
6f3331bc-23ae-423d-9c3b-c754eeda2c07,Begin Again,eng
6f7fc918-266c-4cae-8a75-98c886376181,Universe (Let’s Play Ball),
6fb1343e-1418-42ba-b6de-d29d5e253037,Bicycle,mul
6fc39a9c-55d1-4405-9235-3773941524e5,BYE BYE,
701acb14-c009-47ee-a93b-6bcd6f83be1a,TT,kor
70595637-9310-45f2-a266-58f8de4874a7,Creep,eng
7095733b-dd51-4a77-b21b-486029858879,Sweet Night,
70cc6b78-80b9-4110-aad9-8404e0c4b81f,DEEP,
70de1184-94a8-4145-9364-e0c59c1cd548,Come Alive,
70fafa4e-a6d2-4490-b3d1-a25208cdd0e6,♡Like Like♡,kor
70fc572a-ea05-4491-92d1-2c6b849db6b0,Glitch,
71093adc-2fea-4e56-af08-e67202883976,SLAY,
7119cf9c-4860-4b08-a8ad-ac6a90880829,Yeah Yeah Yeah,mul
714366d4-fa46-4542-a312-af630bfdedce,That Man,eng
7159aa07-0e17-4aa3-ae1b-b2f62ca2b88e,DO or NOT,
717871d9-ff9c-46c8-93cb-3a708f76431c,Many The Miles,
717f2fa7-9380-4d56-ab21-799d6e0508ce,WANNABE,
71ad17d4-79ab-4f98-8cca-20b1c03c175b,Mr.Mr.,
7203c23a-5f31-4847-a50e-8a67bb26b43b,7 rings,eng
722ab9fc-bcde-4949-8a4a-cac464621412,짐살라빔 (Zimzalabim),
729cf505-94eb-4fbe-bc76-cbae44cff091,Yellow,eng
72c1fa89-c055-4303-b46e-e9ba41ef2b8c,Who You Are,eng
72cb1310-5b9f-4cf6-a0f7-5544a550b27f,Stormy Weather,eng
7313c159-ee3b-4f16-b46c-81f7982b91db,Careless Whisper,eng
73164e34-170d-4fa8-a678-428831c22189,Plain Gold Ring,eng
73217ad3-9e07-488e-b185-86bb376cdb07,Cry for Me,eng
739a45db-e97c-49c3-86e0-36a125c335f5,Voltage,
73a65e50-4be5-44ab-b0d3-433c99f04c47,There Goes My Baby,eng
73b4a6ab-795d-46fb-a024-a6b23a509b66,Old Fashioned,
73f5d7cd-c554-4075-a4a3-1b27200cc82f,"""TFW (That Feeling When)"" -",
740dd2cb-84d5-4c4d-b34b-5b8c0491e6c3,BONA BONA,
746e685b-3c8d-49e3-81b9-0098e0d60d62,Make Me Feel,eng
74a54190-bb5e-4866-b5e9-805a7ad8c4dd,90’s Love,
74c2e388-4e59-4ed1-8c97-f3fd3317323d,What Was I Made For?,eng
74caaa78-3945-4d84-8cea-7f5dbbbc5253,"Still Alive (From ""Portal"")",eng
74d3e222-4596-482f-aa14-ead91e6551ef,Jopping,
74e827ba-679e-4d72-b458-7dc31dbd6632,Candyman,eng
75554cbc-8b7c-43b8-abb0-7f6c47e3e0cb,미행 (그림자; Shadow),kor
7563cdc1-4fc1-4c94-a846-5029b81e9f37,Closing Time,eng
75a6e62d-0e32-49d6-84dc-37058d16c25a,Norwegian Wood (This Bird Has Flown),eng
75cf3735-2a65-4a8e-87c6-e1480d9eccdb,Knock on Wood,
75d6370b-c8ff-4e56-ad03-e3b78791e7cb,Silver Lining,eng
75fac6ae-0ae3-43c7-84da-3f1334746572,Funny Valentine,
76355f77-9737-430a-90cc-9f7f7d694e72,Waka Waka (This Time for Africa),mul
76ac63ee-9b00-4f70-b443-1c0c3bd1e445,New Rules,eng
771b9edb-dfb1-4013-94ff-632d1b672a59,I CAN’T STOP ME,mul
77499444-c4b1-4635-9276-7ea8600c000d,Crystallize,zxx
774e840c-164b-434c-8f2e-359eab5b050d,Smooth Criminal,eng
77acd3b0-502b-44cb-ac11-9872679036d6,Starlight,mul
77dc46f6-d1e4-46ea-b634-e06fafeeecc9,Travelin’ Soldier,eng
7827984a-8ff0-41b3-9374-78a18f49d799,빨간 맛 (Red Flavor),
78a8d975-1257-4fc4-a634-50f89a62de47,Rather Be,eng
78f5d7d5-0467-4284-92ba-c606fc5061d5,Clout,eng
7907fe74-4e90-4edf-98ad-d656f09f8746,Honestly,mul
794510e6-e11f-440b-9427-086428051818,Turn the Lights Back On,
79e449ce-4fb9-4ad6-919f-af5d52ec8f0e,Birthday,
7a675d5a-1c0f-4790-a41a-94741dae02b1,Whisper,eng
7a9f4483-dbfe-46f7-ac48-ed63638beccf,직진 (JIKJIN),
7abcd90a-20d6-4f4f-ad6b-d2e033ba0a78,Chili,
7b3d96c9-3e22-4337-be32-f8a26b816685,Killer Queen,eng
7b6a8c78-344e-4e63-a7f9-87f22275e699,Beatbox,
7be8d679-53b5-4fde-909e-de2dfd433c6b,Everybody Talks,eng
7bf07a71-763e-4235-ad53-e151b9c959fe,Wait It Out,eng
7c0870a2-239d-45cc-8806-8f127824431c,위아래,kor
7c24db5e-26d5-4605-9354-de52b3aea686,MAKE U DANCE,mul
7c616d84-f047-4c3b-a862-ba0aae0bc9ac,Judas,eng
7c6e5829-21c1-4f5d-988a-bf6c924c9ea6,The Baddest Girl,eng
7ccc353f-7eed-4b36-8da4-78b7c3c10a5b,Dangerous,
7cedd47f-32ea-4d97-9cc9-ba4e1a427ae8,Dracula,mul
7d1da6be-9724-43b3-8581-d1bf191ed4f5,FLIGHT,
7d2abe26-7733-4bb7-bc34-32895f1eb8d7,No Hands,
7dd34eb0-e413-4d41-a63b-5285abb5c8e3,이제는,kor
7e162bb9-165b-4281-bd6b-dd9f60130c66,마.피.아. In the morning,
7e36230c-fc8b-44f7-ad0b-6924bf34dde0,Life Goes On,
7e598200-a91c-43b4-acf8-89b6b1923d86,Black Magic,eng
7e82e767-94a3-4b72-8d79-4623aa4ac584,P.Y.T. (Pretty Young Thing),eng
7e837d72-3011-42d3-bc89-7dc9e9fd5a90,Nature Boy,eng
7e95cded-2860-4574-b538-873c371656c6,KIDDING ME,
7e9e29c6-c643-41bb-bd1c-f77e4a453719,The Monster,eng
7ed7ab3b-132f-4123-bea6-8c974dabcc50,Villain,
7ee142dc-a0bf-48ea-965c-82cd76194182,Dance Apocalyptic,
7ef341a4-b1ef-4e86-82db-fac6e489617c,Crown,
7f2c0f51-27c6-42eb-809c-8614552a3590,Won’t Get Fooled Again (full length version),eng
7f6519bf-a272-4525-9ee3-a1bd7740d521,SOLO,
7f6c796d-b3a3-4e96-b38d-d814552f4302,Not Shy,
7fa58e31-a73b-4976-aa6b-6de60dadd127,Nightmare,
7fad175c-f7dd-4b1a-b338-d60bff61afce,All Too Well,eng
7fc340bc-8a7d-48de-84da-4e0c89e283b7,I ≠ DOLL,
7fef22bd-76aa-4803-b56b-93a5d6e70662,Money,eng
800814c7-cba0-4cc5-8360-463c61ca71d0,Accidntel Deth,
8077ca87-8655-429a-ad2d-a114d67de131,One Kiss,
8078e967-8656-463e-ac74-fcdec48d5290,가시나,mul
80da0943-8454-46ab-a3e8-3332c163353f,Social Path,
80fcae63-1b7b-41c5-9367-d27eed012e39,SUGA’s Interlude,
81299aab-85cd-4381-88a8-dc40b9a10de9,Oh my god,kor
816a2b32-eeb0-41cd-8b1b-32effdc1d692,MORE,eng
818293c5-c809-4aea-839b-dcac65d32f92,memeM (맴맴),mul
81d2a7a6-ebd2-441a-aed3-3afdbb056559,Crazy Over You,eng
823657ed-b358-4212-9a9b-83352947562d,SAME SAME,kor
82796673-d43c-4916-8303-4cd15aa11138,When This Rain Stops,
8295ba8d-f14a-4c6d-8a38-5e84d184d273,Love So Sweet,kor
82a53824-4486-4676-b4d5-e0b47cdb3b0b,Problem,eng
832fa3e2-2afc-4640-b758-b9885aecb02a,존재만으로,
833f00e1-781f-4edd-90e4-e52712618862,Get Lucky,eng
838af2bf-4775-4585-bf03-ccde4be50860,Sexy Sadie,eng
839a1658-53f7-4b2a-86d9-3e52d929d5a2,Believer,eng
83b901ac-1846-457d-a045-e0fdbb4f9679,퀸카 (Queencard),
83cf16bc-01db-4766-9e3e-f3c796639cf2,High and Dry,eng
8403caf8-3714-46da-934c-1fe91a049540,Thriller,eng
84a47980-31b7-4f49-b8a3-af7e5996fab0,Toy,
84f946f0-6653-4ce9-83cd-585f060291db,Not Ready to Make Nice,eng
850ddf64-294a-4ccd-8049-5686f391c02d,Nobody Knows,mul
85465eb1-f250-4f7f-845e-856ef8e16297,Love on the Brain,eng
855ecfdc-46e5-46a2-8970-e96407e51e60,도깨비,kor
858eebbd-d86e-4429-b938-047f54a13fe7,"한두 번 (1, 2)",
8593fdd3-81a6-4941-888a-baa58802ab7b,I GOT YOU,eng
85a88d19-7a48-4b18-bc0c-dbbafffe1bec,ZOOM,
85bb9bbd-0e9a-4a20-a373-ab98f5a494ef,Faith,eng
85dff2ff-a617-450e-aa7e-a73ff636b0b4,Free Man in Paris,eng
85f842b8-6817-4721-a85c-8b4dde1e8814,Levitating,eng
86067eba-d84d-4177-a3a3-2f9f198bc23b,Really,mul
861679df-1dda-4c68-aef3-f4bb14bc7431,You Right,eng
8622c71d-5f41-4480-81b9-87ae1fc1ada0,Movie Star,
866037f5-8919-4ac4-81de-421bcc0967fa,Rush Hour,
8684f10f-bcbb-4ae1-8c56-b19424c4fae3,At My Worst,
86e7253d-bc62-4db3-861e-c92747636a6c,Tomboy,
873eba85-b721-4728-be2e-96ce94cccb8b,Rehab (album version),eng
8752e9fd-7d0a-4e51-98cd-8755d2148193,Uptown Girl,eng
876f7682-aad5-4938-ba32-f69985393197,풋사랑 (Childhood),kor
87dede50-097f-4064-9a9b-bd4851363971,Demons,eng
87dfa566-21c3-45ed-bc42-1d345b8563fa,I Want It That Way,eng
880fd269-7209-4b26-9c3f-87de7173ebb2,Work Song,eng
882ce25d-51b9-4fe5-bbdf-16e661df0822,Gangnam Style,kor
884a4f75-dbdd-443c-a02d-6b6c2dd0ca6a,Upper Side Dreamin’,
884cc074-7e5f-4b69-af71-99d556675ad5,Vegas,eng
8889c63e-dc63-479b-91dc-209bb15995df,Wherever I May Roam,eng
8892c772-c37a-43d6-a94d-64302fe5dfae,Chasing the Sun,eng
88ba6607-5f1a-4120-a811-8fc15a945380,Spark,
88f57924-5c5a-47d8-96e8-641cff9f8c71,Let the Rain,eng
89006b11-6e95-4d5f-9fac-f76cedf1f6d3,BATTER UP,mul
890b1055-8a68-4008-a256-7410169731a3,TROUBLE,mul
89348d02-d879-458b-b619-5673c01597ba,Closing In,eng
893efc4b-1a28-49de-9ee6-f6071d329930,I’ll Make You Cry,mul
899a043d-67bc-420c-85ea-6fee705baeb3,Halo,eng
89ac7339-b145-4628-94e3-25b57114404c,POP!,mul
89e80e57-7c83-4573-9acd-7503a264f296,Bad Things,
8a4569f5-263c-467a-8d1f-9896f82b840a,Take Me to Church,eng
8a4e83fe-284d-4992-aeb1-74e0f1f7fc1c,Snow on the Beach,eng
8a75121f-2a55-4832-b598-5ee16a64cf32,Run to You,eng
8aa8fe05-f0e9-4455-8431-1431f8b60c81,RING X RING,mul
8abe81f6-9a0c-4cee-a185-1f7dbffa366f,Bad News,mul
8b29ff80-342e-41f8-8780-d15830df67c4,피 땀 눈물,kor
8b62f486-7aa4-40f7-a075-34d379f3261c,Sequence,mul
8b885a1b-da0d-4656-8f43-01d603cd150c,Do not touch,
8bb5dfe7-5c39-4e77-b6b9-ab89bf042a20,Behind Blue Eyes,eng
8c1c9826-a631-44d9-97aa-37227c881b3e,Fidelity,eng
8c70a2a3-aa8a-48db-bc68-6d6d54a266d6,Quit,
8c712e50-1822-4caf-9eb1-6d9cf6f8556f,Summertime Sadness,eng
8c890c16-2176-477a-a436-0a0f7662e8c6,秘语 (Love Talk),
8c8b2d45-6043-47c5-8c12-16fb8050817b,Wrecking Ball,eng
8ca27175-4d33-4c9e-bbb0-586c905def6d,Show Me What,
8ca3832b-8c98-4049-890a-7bbac2faea5f,Feeling Good,eng
8cafae5a-d07d-4403-965c-504233474b53,친구가 아냐 (Bing Bing),
8cf81f4a-05fd-4688-bb8c-eb59df2026a0,Teenage Dream,eng
8d2f7b03-64b4-410a-962a-dd8dc3adac18,일곱 번째 감각 (第七感; The 7th Sense),kor
8d83bd0e-8cbb-4043-9e58-48497ff3d696,FACE,
8d99aab3-a64c-4bfa-9bdf-1dc72a9e9fb1,Rhiannon,
8da5fb34-fa06-460a-9e07-2decceb891d3,Let Me In (20 CUBE),
8e0a0c65-20ea-4621-b7d0-c7863416d53c,Run Away (RYUJIN),
8e25b4da-cd53-45d8-9c86-aa0d72d8b5ce,You Oughta Know,eng
8eaf533e-d38f-4db3-926c-689c3f08ad53,Cheap Thrills,eng
8eb7f5d6-5841-4ecf-97c0-ceb6862d2013,PROVENZA,
8f5f6678-5129-44af-993b-0ec074275a34,Slow Grenade,eng
8f6b9099-e618-4467-ba31-04e5202e53ab,Love is New Gravity,
8f92e244-6ffd-4383-8281-415d82dc24c5,꿀 (HONEY),
8f992b15-85c2-4484-8d80-839b32ad6958,Gee,kor
8f9dec01-c479-4ad4-96b5-0950a97c1a91,Reptilia,eng
8fc0b035-836f-4d20-936d-14cbdf71c857,We Are,
8fe94706-3018-43a4-9ce8-d1a24b3fdbdb,Kagerou,
9050e094-0e75-4d6a-b0a6-f19965f78e55,Haven’t Met You Yet,eng
905fe05b-d592-4ddc-96e7-be76522ab0fb,Cool With You,eng
9062e9f7-28a2-4012-9df8-bcbccbbbbb17,Peaches,
9066b2b5-891e-41ec-9ea7-b9480f251565,My Happy Ending,eng
908f012d-22c9-4778-af6e-2738482bdf50,ドライフラワー,jpn
911bb4ea-83c5-4dd0-83db-ee8e1f14bb42,Honeybee,
914641ac-08fd-41e3-bc06-7a7018f2a4a0,Midnight Rain,eng
91529638-f215-4f98-8fae-fe52a15ef72b,Aha!,eng
915481c8-e0ac-4a2c-a709-bfad32ad2a68,On the Ground,eng
9178c588-6224-4c18-a35e-9b96165ecb60,누구 없소 (NO ONE),
91881868-2ee4-4623-96af-b607d969f3c1,KARATE,jpn
919f1700-1003-4320-a4c4-175d38a3d218,ICY,mul
91ff06c5-22e8-4e54-bd12-66d2951d2bf6,Daft Punk,eng
9227af77-6ee6-43aa-a0ce-7266478a23a3,VIBE,
924b2655-39c3-4fe1-b10d-361dadff25be,Say No to This,eng
9260859a-4f25-4535-a521-42e2afe395e9,HIP,
926b979b-17ef-4e49-962c-07370dc5a9cd,없었던 일로,
928df971-368d-48af-92d1-879c5a8d323e,DUN DUN,
92a2bfc3-a633-4d7f-b496-f81b0fe0071d,3D,
92ac918a-07f6-4f5e-b356-5897723310ca,Piano Man,eng
92cbc848-0ecf-4c91-b98f-7e01a09eccea,No‐Return (Into the unknown),mul
92e27a47-3546-4bc2-a9f7-b19e43d7a531,Cheap Thrills,eng
93072fc7-a279-4f40-a0e2-664b9c26cb8d,상남자 (Boy in Luv),
930c9b38-e8bb-4000-b768-132728c4dc0e,Earth,
93269bda-b61e-4ef5-8b3c-f02a4da18b7b,Power Up,
9354b3fc-b3d3-4f4b-a3be-3d82d9c77b1c,CALL ME BABY,
936f701e-cc59-4267-ba99-b8d6a465cd3f,HOLO,
9378ff00-b811-4232-a6cb-487b2e8637a7,부작용,kor
93bf25c2-f2dc-410e-90bd-0c5e6e484e53,I’m a 빛,mul
9436c9cc-c96d-4296-aa63-1fcea5e91fa3,Like a Virgin,eng
944e74b1-e340-4282-b8be-4a516c6c56a9,Love Me Like You Do,eng
945fe670-a596-4d09-9bf6-bd2e39619e5c,What the Water Gave Me,eng
9463f7f3-1bfc-4013-9baa-60bd5aa0d7c0,피카부 (Peek‐a‐Boo),kor
947062b7-7947-41af-ba43-c0609fb9a97f,Free Fall,mul
94a995af-b18e-43c3-880d-644b85659ed4,FXXK WIT US,kor
94daa927-6dbf-4a62-b6a5-77dd10e05be0,Got to Get You Into My Life,eng
95041d10-4d30-460c-ab71-21c0da17c875,Break My Heart Myself,eng
950fcdc2-9cc0-4925-841c-70edc8f6a03a,CIRCUS,
95198297-694b-4c34-9967-426b239cc021,占 (TANK),mul
95485b81-ec71-41b5-b6f7-2af98789e0fb,Half of the Way,
95706c6c-3bd7-4f5b-bad8-d03095771a71,Save Me,eng
95e4d588-dc63-46fa-a247-5bab92ef10ee,Dress,eng
95f37da7-40fc-48b4-942a-e44eb776af22,About Love,
96308d6d-77c8-48d6-b866-bdc48675ef10,Desperado,eng
9672c1ac-2b46-4b5e-93db-d6a6a7509867,"1, 3, 2",mul
968b993b-8d42-4966-a841-5896f92c7810,Fire in the belly,mul
96ade962-85f9-4027-aaef-f31025a0e5e9,The Man Who Can’t Be Moved,
96d5454e-ea1b-4a2c-b38c-bf5f672d595b,어푸 (Ah puh),kor
96d77803-9dda-45fb-b6f8-a857a59d2336,Ridin',
96e249f1-ef38-4183-92e7-379ec945433b,Don’t Cha,
96faed80-ce23-41c1-90ce-6b916eee61ee,Big Booty,
97217a18-9739-4807-bfa7-b506983840f8,Only the Good Die Young,eng
973b1efd-863c-4610-9fc1-d1406cc66cd9,Impurities,mul
97519c54-0df1-4e9d-b8f2-f6e82687715d,BEAUTIFUL MONSTER,mul
97530e9e-c09c-481b-87b4-3408c5a75094,Lie,
97764e25-0f81-40a7-bac3-d623aa6fd78a,Body Talk,kor
97877c39-23f6-450a-9aa3-c415bd39e1b4,LUNATIC,
978b15fa-e23a-464f-96a2-3fb7e09dbb4f,Red,eng
97aa087b-5fa2-42ff-bd48-d162862cdc95,good 4 u,eng
97e8a7ca-ad4d-4df6-a177-3c232cb1a778,HELL IN HEAVEN,mul
9806aa44-b913-46eb-94b9-7a6201f877c5,원 (Time After Time),
980a426e-623e-4ea5-98c7-008d037a0508,No Surprises,eng
98c53270-acd5-4149-a77d-f562669c2ec7,Gravity,
99385b86-235b-4780-a8de-62993cae0388,Street Spirit (Fade Out),eng
9950fd73-3ddc-497c-a724-f422a39a3912,Filter,mul
995797cf-d8eb-463d-a363-19c7d16ac8cf,React,
995c17c7-3a54-41fe-b780-30124e96a9d5,MAGO,
99ad406a-d7d5-465e-b4ad-7f9c4fa2b1ae,Make a Wish (Birthday Song),
9a597630-8f3a-47af-a03b-67c03c51853b,Think About Things,eng
9a64c5ef-5c22-480b-b492-d8f4025835f3,FEVER,
9aa0114a-ce78-4a85-8798-e93bad438e88,내일해,
9aa77fa3-1a7d-4ff9-a5ce-8c3dc072fa52,…Baby One More Time,eng
9aaa1a64-b67d-4f7c-a987-9a6fdb55a560,꼬리 (TAIL),kor
9ad58f1e-e977-4599-925f-9fba9f30b48b,봄날,
9b4f8daf-fd49-42b5-8b43-0c0ef71b601c,Don't Blink,
9b789f3a-1008-4f01-b0be-733a3977c2f5,Step Back,kor
9b8a8c66-0acf-4788-9882-e3271186f831,Best Friend,
9ba26ca8-9dbc-4136-8541-2b25bcc6df1e,Despacito (remix),mul
9baf59b8-d5a9-446e-be23-3e8211fd58a9,When We DISCO,
9bed1690-e937-4dd6-922c-fd640f7a2a3f,ICONIC,mul
9bf29130-6158-45f4-9e61-c065543558c9,VILLAIN,eng
9c3af90e-2487-4706-a1c7-3c963ee4579e,The Stranger,eng
9cc0f5b3-b88b-416b-838c-8507aef4e20e,Bottle It Up,
9ccbc110-3d50-498f-9edc-6bcdef21ab0c,positions,eng
9d06749b-c820-417e-af6a-cde53f7abffd,LATATA,kor
9dc16707-53c5-45d3-a3c9-fbb603496ac9,Look What I Found,eng
9dd424ed-eb37-41de-a879-fa1e57332572,Hot Air Balloon,
9e2ad5bc-c6f9-40d2-a36f-3122ee2072a3,Karma Police,eng
9e31440b-315d-4d2e-a91c-2ec2c82c6952,Off the Record,mul
9e5e5ca1-46c4-4786-a74f-c18a25cf13f2,Soñar (Breaker),mul
9e7e019e-a320-47e0-9556-f08da98b0258,Easy,eng
9e94d08f-7ed2-43cd-9477-aca332ba16bc,You Never Know,kor
9eb67a6a-e73f-4dc0-bd56-b37f1c374849,HandClap,eng
9eca3a3e-59f4-480a-901e-a613ac17c550,Settle Down,eng
9ecaf5f8-7dc8-44bb-a363-2ae21ae0c35d,CRY FOR ME,
9f1633a6-a5dc-4c22-abd8-4ccedbd3a42d,I Was Here,eng
9f24c0f7-a644-4074-8fbd-a1dba03de129,One Last Time,eng
9f29f4dc-4c31-41e7-9fb2-b0ecefe8a592,セブンティーン,
9f69c0f3-ac33-4f3f-8377-8d9d48e2ae8c,Demente,mul
9f9cf187-d6f9-437f-9d98-d59cdbd52757,Paranoid Android,eng
9fcc62a4-2541-4f7d-a95c-4345f29a29dc,머리에서 발끝까지 (Shutdown),
a01e90a9-d17b-461d-9337-7a1186380abb,Sugar Rush,
a0a95ef1-4a7d-4a23-8092-719f397d74c9,살짝 설렜어 (Nonstop),mul
a0ad9828-ff96-42d0-b7a5-d0e85ec001c2,E.T.,eng
a0ddeab4-5dd1-4438-ac79-d29b1f659527,시간을 달려서 (Rough),kor
a0f50d81-a707-4283-a327-1facedfc22ef,빌런 (Villain),
a1028f56-a2c7-406a-a4ab-9b197f5b09b7,Dumb Dumb,kor
a15e2d0a-efcb-4f4f-ad54-22a4879bbcf9,Iron Man,eng
a16e6dab-38d7-4ec6-b751-c1ebb5e62c22,We Don’t Talk Anymore,eng
a187f1d3-e51d-47fa-9977-b54ec6bf059d,Who Are You,eng
a1f39d8c-b0a0-4c4b-95ef-643eb7cb3aba,Nightmare,
a21b7712-295f-4a8b-8b02-00812b21d62b,Chicken Noodle Soup,
a244f59a-2933-425c-bb6b-16d5bb1a4f1d,La Vie en rose,fra
a25a8e97-7e0a-47f8-ac9e-0d9fa3aa0914,놀이 (Play),
a2632d2c-5862-44f8-8235-1a35539ffbdb,Lights,eng
a2af7af7-e9af-4e62-bfe4-45d792fa1f2f,Back to Black,eng
a2ba364f-95f6-4ff9-be1a-fec0f622c69c,悪夢の輪舞曲,jpn
a2ca096d-b51b-4bd5-bda0-a0875c5f9657,Put Your Records On,eng
a309cf7f-1616-4ed0-ac9a-7fc4a74fc5fa,Shining Star (Future Star),eng
a3227a92-b99d-4c94-9fa4-660cea0134ea,you should see me in a crown,eng
a34c0b1b-a0ad-44bd-b605-c9d60c9b0eb9,overlap (1/1),
a3598c38-7408-4cbf-8d53-82e9d05aaaeb,Perfume,
a35d1a9d-2d6b-46e0-be1d-ed9f08b1711e,Rather Be,eng
a361d3f3-7b86-4fb1-a423-63ca43d97446,Area Codes,
a3d59d03-f692-4410-a4f8-2e60a0766c5b,Amaranth,eng
a427fbf0-a8af-4f4c-bb9d-18f18c0f03eb,Yellow Flicker Beat,eng
a43ce604-6d1a-4104-aee1-7216b6ed2a03,For Your Love,eng
a478f801-521b-40e7-8bb4-5faeffb1f3e4,The Scientist,eng
a48d03ba-ba51-4a9f-bdc5-aa66706342f0,Hot Sauce,
a493b086-3622-42f9-a48a-f52c3aefeff7,Eden,eng
a4b4ef6a-4c22-47ef-bc34-2bfd578b6245,"Luigi's Mansion Theme (From ""Luigi's Mansion"")",zxx
a4c4457b-577e-4fac-b820-713bb91dbb6c,All of the Lights,eng
a4eaad9f-df24-49cc-b3d2-fba11f013f5b,Sparkling,mul
a52c2553-1670-4262-9193-6ecd6713741a,Get Back,eng
a53974a1-c9a9-4f75-988c-d3f5338e1213,Don’t U Wait No More,kor
a53c97d7-5501-443b-baa3-cb282fc64275,I Want You Back,eng
a5741d3d-c925-4070-8a83-910d23eb33d4,I Will Follow You Into the Dark,eng
a57c6d0f-5fa3-42b5-a9a7-0fc4d84c96bb,What Do I Call You,
a5a2330e-2fff-4601-a715-6e68a8e98fbf,I’m Yours,eng
a5de1643-4238-4025-b7ba-cec24dd8cb1e,At Last,
a6081bc1-2a76-4984-b21f-38bc3dcca3a5,Baba O’Riley,eng
a62b9c94-55bc-4d77-86e5-32fa0e307086,Valerie,eng
a66f722b-a619-4f55-ac9e-22ec91f87c69,Orange Flower (You Complete Me),
a690b984-a754-416a-a3c6-2cca9e4cb47e,"I miss you, I’m sorry",eng
a69e1d1a-87ad-48b7-9f12-4b0986e08c21,Cheetah,
a6bc1525-5d29-4528-b1ab-fec212da394c,ICKY,
a6de534b-d25d-455a-887f-e37de00631fa,Elastic Heart,eng
a726ba6e-a750-471d-83e4-e1660516d476,A Matter of Trust,eng
a744b77a-4b34-430d-a3a4-e9eebe251996,A Fifth of Beethoven,
a7720370-b5a1-49b0-983a-85081f0bcbfe,Easy on Me,eng
a7a373f1-b996-4017-81f8-9e3276522f25,All My Loving,eng
a7d86bff-b8a3-4602-b72e-9023795077f5,Girls,
a7d8ba90-a480-4276-84b0-cebc09fe5466,We Made You,eng
a821e4bd-9cc9-49ab-90ee-91c143035e74,I Like That,eng
a82d214b-e593-423d-8660-4f57445faacc,말리지 마,
a8393a56-40ef-4a31-bf2c-1c38d8d9e8b9,Bye,
a9113634-1b48-4e3c-84ad-41e3fc9c7691,Feeling Good,eng
a961120d-e774-4deb-84de-b66fdf8c1c36,AURA,
a97992ca-5d3d-4ce9-bab1-e631360c618b,死ぬのがいいわ,
a9915135-8a30-4e14-a4ac-eb6366d80608,Mykonos,eng
a99c39dd-3bb1-4021-be2e-ecc6c6db8351,Bridge Over Troubled Water,eng
a9a83384-3da3-4c84-af6d-33fcdb1c3e27,I Want You (She’s So Heavy),eng
a9ad6929-17b3-4cd9-8c73-12755e874e8d,Salty & Sweet,
a9dbe30b-7d10-4831-85aa-88469ad8ac71,For You,
aa6c54d3-226b-47d6-85b9-2adf3e22ebaf,Crazy,eng
aa84ea39-2218-4b63-8edb-fbac41d16ffe,Bel Air,eng
aaad793b-f7f4-4501-b33c-78a4565afb29,Love poem,kor
aab207cc-8441-4823-9db1-0a5b8db89b74,She Put Sunshine,
aab63e04-ac4a-4ac0-babc-b51737008fdc,Cassiopeia,eng
aab79f39-1413-4f97-8967-bb003f12142f,POP/STARS,eng
aac679e3-1e27-4eec-8a04-26b4ac3405fb,Oh Boy,kor
aafe60a9-c721-4bf2-bdbb-ee321f8ef5c6,PLAY,kor
ab4becc0-15f6-4940-9e1d-3e1106a3c49f,WHAT I WANT,mul
ab740647-ee5e-4ba9-a00f-723c17230e6a,MOVE,
ab7805a8-c161-403d-92bf-a92c8b8e17dc,Hurt,eng
abc1b2b3-b179-4ae2-b29a-a2c3bdeaebdc,A Case of You,
ac006a16-828e-48e0-8b97-c88cfb7e6f02,Anaconda,eng
ac183c4d-6420-4018-8b6a-46c158986e8a,Hard to Love,eng
ac192924-5cf6-45fa-a255-ed21adb0bcf1,Will I Ever See You Again?,
ac71eb2c-0a25-4f06-acff-13bec69d06e1,Born to Die,eng
ac7a8b91-7996-42d7-a33f-09a9f8568d65,MOONLIGHT SUNRISE,eng
ac9e0815-e9a5-47e0-b39f-4d1248439688,Zip,kor
ad4f030f-f3f9-426a-93b9-b2e8b0551ca5,I DO,
ad58a545-a7e5-44c4-8c80-7a756c27e107,Lucky Girl,kor
ad7a4e09-42ad-4cc2-b7ea-fe241a550af0,Swan Song,
ad7dd999-a5d5-49b4-83f1-3e8cf0b9eefb,TOUCHIN&MOVIN,
ad8d1cf5-eae7-4de5-8713-4ac0d0a8f950,Baby Got Back,eng
adbf5a5f-0129-44d5-a855-ddb2253b813e,TENNIS (0:0),
add81837-0614-40fa-af6b-cc5181cef120,BTBT,
adf44a12-e5f4-48aa-9029-b9ef4b5f1d6d,Ditto,
adfcdd81-4129-436b-97d1-7aa522392583,I Know Places,eng
ae21cf97-01bd-4c5b-98ee-aa5d4ac27d9a,Fairytale,
af151680-01df-4f79-8193-802205847b3a,낙하,
af3b8d4d-cade-4cce-b43f-4956a5565d59,BET ON ME,
af734e30-e3d7-4e0c-9dd3-e3c8bb20d772,Death by a Thousand Cuts,eng
af814c00-45b8-4b40-b201-0fa560a1096f,딱 좋아 (Just right),kor
af9aeb85-a1f8-4894-84c5-b03e807bb836,willow,eng
afad47f9-5ddc-47f6-8130-378d104db897,러시안 룰렛 (Russian Roulette),kor
afc0810c-ef56-45f2-ba4e-c1f06b03af27,Hit That Drum,
afd9e7ca-597d-4c27-9ba6-940b6aaed478,All of Me (album version),
affbc14c-546d-4f9d-9fa4-8ecbaa786933,20분 전 (20MIN),
b09ee36d-e853-4578-a8ac-f27e3fe8966e,Stamp on It,
b0a3e2de-c736-4b58-9a06-a7c72da46295,Coño,
b0adf5f2-2a7f-4030-bd5e-5f4a8c9f33c2,Gas Me Up,
b110ab9a-853c-4c0f-b138-7410465de762,Between Two Lungs,eng
b1a9c0e9-d987-4042-ae91-78d6a3267d69,Bohemian Rhapsody,eng
b1cb535c-bab2-4fcd-89b5-edc54d34c451,Good Girls in the Dark,
b211647d-ad82-452d-8a4f-63278537ce4a,Don’t Know What to Do,mul
b25a098b-7935-4570-9edc-feb600c17129,Stuck With U,eng
b265c53b-73c9-49fc-9f5b-81aab6fb60d6,BOOMBAYAH,kor
b2746b8e-370a-4823-a7d7-31341c326221,Undo It,
b276e83b-3b58-46df-97fa-596a477fd381,Home,
b2f232cf-cdd6-4b60-a6b3-7ca6234985f2,Glitch Mode,
b3085c07-3429-4dcc-b007-9b56b5b56976,Daddy Lessons,eng
b31d8699-e5ce-4ef4-8848-2d2895f5564e,달빛 소리 (Moonlight Melody),
b39939ee-22a9-4981-846e-12ed4a9f7f2f,Uh-Oh,kor
b3b96429-e8f0-467a-8df9-bd4ff1a6efd1,Shopper,
b45d42ba-b9a6-42e7-a6ab-0f24a076814c,Never Be the Same,eng
b508d0a4-29b1-4c19-aca9-d0fffacb9b1f,The Other Side,eng
b54c5118-380f-43d5-b415-bea2943be080,PTT (Paint the Town),
b55624e0-c280-402c-ac01-875b785a7a00,"How Big, How Blue, How Beautiful",eng
b5627d13-fa4f-4d5d-9555-a5d48bd3f3a0,SO BAD,kor
b56a598b-a042-4508-8cf4-162db13af141,Better Be,
b5718b9f-41a8-4066-9d9b-1734bd23ccfe,WITCH,
b5d8d43c-92d9-4e42-8198-eda816641965,United in Grief,eng
b5f3c969-1a8b-4bd4-ae48-ab5ebfb13774,deja vu,eng
b63fddb9-1e40-4ab3-b51d-7485249af7bc,7월 7일 (One of These Nights),kor
b64eb4c4-22f8-4a9a-b0a3-4b657ecd82cf,Cameo Lover,eng
b658a77a-7865-4c12-9de5-305efef61c90,Beg for Me,
b674e9d4-c55f-4f33-a703-43c064b1fec4,Listen,eng
b6f1d572-9407-47c2-a09d-35e29478fcd8,첫 사랑니 (Rum Pum Pum Pum),kor
b6f595ea-7603-4cfd-a545-e0cc6d34c75d,Fitzpleasure,eng
b7579fb6-f3b9-43b7-880a-a34198c12dee,Typa Girl,eng
b7772d35-c178-4482-bc9d-a5b4a73a799e,"Me, Myself & I",eng
b7a61909-0d3a-4879-8c87-1b8d3ae3b76f,I Can See You (Taylor’s version) (from The Vault),eng
b7e28c62-e06b-4fc4-aae8-444558bfed9a,28 Reasons,
b8211a79-4884-4f42-b6c7-d0ba4c23ba21,음 (Mmmh),
b849acd4-0638-49ea-8e40-7391613d4890,Something,eng
b8710ef4-ff96-4bb0-823d-cffcfaf4046c,Maison,mul
b8c4a9f5-8252-437c-8bf9-4c380ddd9759,Finesse (remix),eng
b8f7ad15-cdcf-4b5b-b521-5840ca3b3728,빙빙 (Bing Bing),kor
b96dd110-58cf-42bd-ad3f-1e67309b4d2a,Solo,eng
b9d06b81-b582-46d4-ad41-be47a6961892,Video Games,eng
b9e20829-1d09-456a-b649-3138e305d9ca,Paint the Town Red,eng
ba1b4433-f1c1-48d9-9468-b4fc9d122570,사계 (Four Seasons),
ba2a214d-39b0-4b53-8b20-b2b80cf9bfab,Break My Heart,eng
ba4891f3-b9f7-429a-8dc0-745619db898d,august,eng
ba708a4c-c23f-4abb-a8e3-eea9cda65d27,Endurtaka Mig,
ba7a88da-f864-4ead-9a63-36f92d10de46,when the party’s over,eng
bab4354a-bee0-4284-bc58-2ceea67c0fb4,DUMB DUMB,
baded4c1-1bda-4891-bee8-2074383b6c2e,Leave the Door Open,eng
baec3223-cf18-4301-bcde-7fd95921ce8a,LoveGame,eng
bb47737f-ecc5-4478-a6ca-4f5c15e1cdba,LALISA,mul
bc35461a-184f-4908-a7df-52553978f17d,Blueming,
bc937523-056d-4a68-a763-684aab8d8294,Coin,mul
bc99ae9e-4111-457d-8a32-78452d2e7623,Fuck You,eng
bcc63ec2-f2c3-4635-a408-47f6efdd589b,"No Light, No Light",eng
bce78f87-bb9f-4fde-b2ab-fa790f9108cf,water color,kor
bd0334df-6778-4e70-81d1-e311e694dd10,Havana,eng
bd03fc6a-4507-410d-9197-b049bbeb3ebb,Fake Plastic Trees,eng
bd4e3763-74cb-4a69-bf67-753ee9a4a021,SAD GIRLZ LUV MONEY (remix),
bd5379a8-8371-4989-b022-a8caea0a8253,Revenge,mul
bd61eda3-eb77-4634-ba66-4a084f7f8455,Radioactive,eng
bd82738d-163c-4b1a-bfaf-7acffe30e68a,Subterranean Homesick Alien,eng
be29ff56-c9da-486e-bd09-8fd12544365a,unlucky,
bec9099f-460f-4b35-b841-9619b4546487,ETA,mul
bf0dc60a-5a12-4346-9fe7-a75231e2a52a,Rollie,eng
bf34196a-cdb5-4431-a4d6-c1157545f516,싫어 (Hate),
bf34ca54-60d9-484a-8ff6-ee2e68310e3e,Blueberry Eyes,eng
bf448822-4298-4a5c-8ba1-c873f960ba7d,No Celestial,mul
bf6dd132-a125-4c91-9688-6698bb25fe66,Talk Dirty,eng
bf8e9a81-841e-4df3-b65a-b5d52f1a4d45,Miss Simone,eng
bfb6781d-f93c-4702-ac14-ae60ed75fee1,Nerdy,
bfbe89a4-5178-4f12-b258-2d8718881094,Like a Prayer,eng
bfd37140-14fd-497a-a39d-c133011ac244,Ring of Fire,eng
bfff4f17-db90-4580-bef8-5fa822ae5d22,Animals,eng
c00bf011-d2b2-439e-a274-0ca1ce137bb7,UNTOUCHABLE,mul
c03d0c17-b702-4cd9-82b4-7361008f0933,Tessellate,eng
c05194a3-f6f0-4f52-b78a-13fb5580bc0f,Yesterday,eng
c0814515-f632-445d-b075-06e2cf5413bb,가면무도회,kor
c0ddef9c-0a68-4024-a673-c13eb1ebf3e4,MORE & MORE,kor
c0f89d6a-d740-4f91-b6e1-d5e8572268c1,Dance Monkey,eng
c103daba-ad17-4201-b76e-071f9b041f20,Answer,mul
c1063de8-d5ca-4704-a07b-24835eb351da,Beautiful Christmas,
c10f4b51-23ce-457a-89e3-ee8c563e3673,Where Is the Love?,eng
c113e0fe-1f65-45c0-a5b5-31e3ec9ab717,Sugar,eng
c1710a9c-f33a-476f-9dd9-0a13b1308556,Paper Rings,eng
c1b3a1f5-b8e7-47a0-82d7-866caf37930b,Oh!,kor
c1d63906-f64a-4cd1-9873-9f3a9f98883c,A Hard Day’s Night,eng
c1e5e945-75b6-422a-8036-e1f02e46ed25,Machine Gun,
c1f4ae3b-d25e-425d-8416-2768a39d9876,Super Lady,mul
c205a615-d1ee-468c-9fca-dda3cf8f9937,everything i wanted,eng
c2086c56-98a3-49dc-a539-9a09983ee235,PUPPET SHOW,
c20b6586-1ce5-472c-ad69-a018e975ba46,봄여름가을겨울 (Still Life),
c2438ff1-9cf1-4dbc-b2ca-9c2e79590639,Jumpin’,
c24eb26a-04d6-4f09-9449-9bc334f78ede,Bring Me to Life,eng
c257113a-c792-4f8d-b18f-2bf1fe8f863f,Hide and Seek,eng
c2904a5d-c92b-4636-8ba3-5e535d2a09ce,La rouge,
c34c63d2-e84e-4faf-9e27-546d720a474c,Get Low,eng
c362ddbb-fc98-413b-b2d4-985099c2e497,Say Something,eng
c3b3a962-70c8-4d55-a33b-78a24b29b370,The Lighthouse’s Tale,
c3fe7791-0a91-4f0a-a89b-b056f38d3cde,Blank Space,eng
c407ced6-44eb-4cd9-acad-7d577eb8f8f8,Breathe,kor
c45b84d0-4a8d-499d-89be-20d6e64f171c,Closer,
c4955b90-b537-49f6-9a7d-eb4b4a5f124b,Marionette,
c4a4b83f-0cfa-4373-98e8-4b5fbe0a80e1,Stone Cold,eng
c4b0920b-70f3-42c5-8377-25ff30f19d79,アイドル,jpn
c4ea4f60-7182-4cda-a6da-ce95bebb8707,Pretty Psycho,mul
c560df8c-0aa2-4b84-b0ae-995ad951d3d6,Bottom of the River,eng
c576c8a2-a97b-4065-91ac-f13b6f3cde7b,섬찟 (Hypnosis),mul
c5846dcc-b280-4269-9a32-a26878295d5a,WALLFLOWER,
c5d97405-190e-49ed-8b00-f8d4ed735509,Fool,kor
c61b6631-fae1-4790-ba53-e2017e364ea1,Numb,
c632dc53-5acf-4b32-bd75-2e30f3a6b6cd,海のまにまに,
c6425d4e-7be5-4ccf-82a4-5a06226eae62,MEGAVERSE,
c697c782-9f60-406f-b51c-67372ad393fd,Groove Back,
c6ac0f0a-3c15-4615-ace6-64c92144801a,About Damn Time,eng
c705149d-61f0-4c95-a330-a991a461ca96,Rose,
c71a32ef-a60c-443c-b6b2-138fb7a025df,Blow,eng
c730a0c5-3644-4d61-9db4-670d787e1207,따라랏,mul
c78393fb-3410-407c-9d8f-c6bc455da5c4,= (Equal Sign),
c788a9e1-25b8-49b5-9e62-3490d43451d6,Hit ’em Up Style (Oops!),eng
c7c3c16f-c4a4-4191-a9ee-40471d009b0d,Doom Du Doom,
c7c9dd57-f2c1-4b8f-8717-d4a46caa3ae1,"눈 맞추고, 손 맞대고 (Eyes Locked, Hands Locked)",
c7cc2f43-6185-4ce7-8c3e-e3f7285f4818,Light Switch,eng
c7e32184-4a28-474d-92d1-d0776e828aca,Last Sequence,
c7e8fa32-99a7-4907-8acb-8e02f020eeaa,Smokin Out the Window,eng
c835a61b-dcdb-41be-82d8-e52b4a1c8d0b,White Winter Hymnal,eng
c864e128-406e-4666-aedd-1328fb5099a9,Eet,eng
c86eeab6-d189-4639-a658-047cc78ca63b,Come Home,eng
c879f530-2ec6-4b2e-a7ea-9c9e3f145eda,Valentine,eng
c8a0a03f-242d-4bf0-bb82-80ed0138e9f4,YOUTH,eng
c924a20a-6072-4fe2-9806-9311fe3d725c,WATCH IT,
c936aa51-b5d9-44ab-93c6-f696225f14b4,They,eng
c96054a0-1db4-45f8-98c9-a3fc0c1993d2,She Used To Be Mine,eng
c984ffea-deb0-4870-97da-6a9351762dac,If I Can’t Have You,eng
c98abb16-28f7-4aa9-8a85-e9056dca6ddc,Bonnie & Clyde,
ca1d0752-d68e-444a-9bd2-c98ca8d587cf,Scream,mul
ca5900a4-5cb0-4ba6-8ed1-54234a31abdc,xanny,eng
ca9c624b-2272-49d4-a25b-2235659de660,Clean,eng
cb77aabb-7b1f-4cf4-8db9-6b49753a60de,Heartbreak Anniversary,
cbaf5a6d-bd7c-45ab-b707-c2e5b46d3345,Non mi avete fatto niente,
cbca03b2-cf55-4cd5-ab5d-d5b426978ee6,사람 Pt.2,
cc011ce3-dc68-47de-935d-62acea0c7a45,PULL UP,
cc3f3c3d-aa63-4bad-9f4e-adfc1127d7fd,Love Yourself,eng
ccb78c20-4f37-4681-8c9c-5c98d7ab18a9,I Just,
ccbb51ad-20b2-477f-a6a2-d3ca9cba2986,Set the Controls for the Heart of the Sun,eng
cccde49c-628e-4590-8dad-62fdc1b7fef1,Sally Walker,
ccf3362e-7b30-4a29-8fe9-779541460137,Dreadlock Holiday,eng
cd0fdf63-a26a-4310-9cb9-d697015f9ef6,TiK ToK,eng
cd2e20ff-76b3-43e2-956b-669b714a45a3,도망가자,
cd406ee3-da7b-43a2-a9eb-4099fcb27d7c,소년감성,
cd4ec433-50ea-47f5-80c7-f0b2f5b42f0f,Guerilla,kor
cd52b2b1-28d4-4885-9f1d-b44b8caf07f7,Because of You,eng
cd5b77e2-26a8-4560-9ffa-02cd439e6626,Can’t Sleep Love,eng
cd99ef8b-7012-4021-a447-8900553a62f4,RAC3R,mul
cdcc773c-4692-4517-a690-463ebff3ad91,Call It What You Want,eng
ce3a5a96-e755-4742-9f20-2578600daa4c,Poker Face,eng
cef5d7af-efb3-4a07-b71a-e73f829ff8f0,OOH‐AHH하게,kor
cefdff1f-b2a9-4e66-8f5b-3613c81b4b78,HARD,
cf354818-017c-42e6-88c7-01a74d602ad3,None of My Business,
cf69bd7e-769a-479c-bc7d-ca38ed93071f,Pretty Savage,mul
cf6d8ed2-7937-4bb2-b452-26dd995ab695,everybody’s got a $ECRET,mul
cf7bf743-30f9-4ac8-beae-a32d977626ae,Attention,
cfc94648-8d3f-4db3-ac3c-5f04ae00a0a1,Not Alone,
cfe6c921-bfa6-47d1-bd32-fab242f9eac5,I Thought She Knew,eng
cfff19f3-ff64-4684-b9c9-2525597a040b,소우주 (Mikrokosmos),mul
d00f3915-f2a8-43c5-8669-39e26665112f,Landslide,eng
d06c9d0f-2dbf-4272-9c0d-6d182ca41c67,Look What You Made Me Do,eng
d081a9fa-8161-44fa-877b-0febf404f689,River,eng
d11ea377-8b4b-4631-9161-c6e4d485e234,Good Ones,eng
d12fbc3d-87d8-4bcb-920a-5b3914c7a8f5,Can I Believe You,
d1a581a4-f797-414f-8cce-d00ea974dec1,화(火花),kor
d1d468e0-6e31-4ff8-96ca-93e66b020223,PARANOIA,
d1e0a99e-1894-457b-ba6a-985eeef4d0c4,Set Fire to the Rain,eng
d1f39d1d-aa8b-4c1f-a2cf-04d587539537,Say (All I Need),
d2555d82-571d-406c-8e96-21562753cebc,There’s Nothing Holdin’ Me Back,eng
d2bab0db-b63b-45b6-8f6c-5a566620c522,Mambo No. 5 (A Little Bit Of…),eng
d2ea8548-1ebf-41e7-87f4-64828fd54ceb,"Sincerely, Jane.",
d31b24f5-c7ed-4d41-b05d-9e21a7f8ebdf,Eye of the Needle,eng
d4009c09-a339-4b89-bc45-d91ab649acb6,Don’t Stop Me Now,eng
d43f4169-3774-4bb5-9364-c26b42ca42b3,"하나둘셋 어이! (1,2,3 Eoi!)",
d47c6853-6877-4e83-bc88-e2341f2161a2,Lover,eng
d482030e-5a30-44ef-907d-35de69c2e348,Hmm-cheat,
d4cb636c-0b18-427f-968f-84b359e98d74,Get a Guitar,mul
d4dd8f69-a1b4-4dca-ab44-9e1257bc6156,You Lie,
d51ada29-a76c-4fc0-8c7c-14333461367b,Worth It,eng
d54734d7-4dc3-4382-9baa-6deb8ffc5ef5,Dance the Night Away,
d54ad2cf-cc5b-4c8d-881d-f4685e12553c,Chandelier,eng
d576ce51-f7b3-4ba6-b030-b48f674e9ab8,Good Intent,eng
d5ae079d-2138-443b-8c58-f2ce050928c3,SexyBack,eng
d5ba2eed-cc7c-44d7-9833-107900a77a6d,Zitti e buoni,
d5e3e5fb-c415-4f84-b576-f2a9e03b6272,Radioactive,eng
d6129b13-57b8-423f-8e7d-5c5817e80a99,데자부 (Deja vu),mul
d636857f-afca-434e-8d2c-56a61bcdd97c,Brown Eyed Girl,eng
d673e47c-9dd9-4c88-9554-7fc750f16586,Talkin’ About It,
d68d160b-5bc2-43f5-8e61-38a5f5630966,After LIKE,mul
d6aec814-5153-4761-9c2f-03165546a050,Salute,eng
d6bc3975-4877-4cb7-83de-140d1954da37,Black or White,mul
d749d7ae-3a2f-4417-a108-fad3a4c4c3b9,도깨비불 (Illusion),
d74ce039-fb99-44fb-aa54-43bf707acf46,Skyfall,eng
d757fe45-e865-4178-87c7-f3088c1b08d6,벚꽃,
d75d3ae7-be28-46a4-91d3-39007160c3d8,Woman,kor
d782a964-71fe-4adb-af01-cd7769c32ae8,Havana,eng
d80dff0d-73bb-453e-bbfa-8c465d279b22,ONE SPARK,mul
d828523c-110a-4800-a422-af5441d0546b,Born Without a Heart,
d8403112-ece2-4b45-889e-346cd96b8f1d,Kaleidoscope Heart,
d84a716c-1377-46a3-b2dc-5a8268e9ed00,Big Yellow Taxi,eng
d853e25f-068c-47d5-a70a-9ccc71f2227e,GOLDWING,eng
d86ad1bc-885b-4a74-9f4e-0399c88ac74b,Hurt,
d8835358-7b9e-4aab-91da-abcb9e2c7307,Cornelia Street,eng
d8935331-5abd-4e8b-aa53-b4bd66124b05,불장난,kor
d89c8e16-a043-4c58-8752-727fd1fcca39,Shut Down,kor
d8b05236-a73f-4af3-817e-8b6cc7b258f9,열이올라요 (Heart Burn),kor
d90f825d-1486-4cb0-8dc5-cd68dbbcd879,Does He Love You?,
d95d02e2-1a42-4716-802d-7868ee9b375a,Heartbreak Feels So Good,eng
d97b08bf-ccf7-4257-8f12-545e4dfca561,Cinnamon Crush,
d9866077-d4ba-4352-9d98-d7aee567a0c4,ヘドバンギャー！！,jpn
d9b46ecb-5472-4dcd-8fa4-dd6723189e27,Reckoner,eng
d9c549cc-0a60-46e8-8331-655fbd525999,Light as the Breeze,eng
d9e67ec6-5eac-4bd8-aee8-59e91d3dd1c9,Giddy,
d9ed4891-e652-4e64-993c-685b947ba060,Bad Boy,kor
d9ef5afb-3109-46ed-a837-fd5ae9decaf2,CRUEL,mul
d9f57fb5-ca4f-4398-a85a-313dc9139a66,Bulldozer,
da7e6ecd-3539-4a3e-9e46-76213ba1849e,나쁜X,kor
dabebc51-ebf2-494c-820d-71b9d471c5b8,봐 (Look),kor
db1d8cac-5d6d-4a18-96c1-f3d663bd4fab,WELLLL,
db885a39-fc95-4bb3-a7e1-868c822db073,Insomnia,
db965fe4-9e56-4fc7-837b-b2a0dcdb3206,Dynamite,
dbc0da50-4bc6-4230-9e7b-136b5dc2b31a,Instant Crush,eng
dbd3264b-c3a6-4709-b3ba-f059e20ecdda,Pink Venom,mul
dbfca7cb-a793-4e41-9c66-dc3cdd36a9f7,All I Need,eng
dc4fdd2a-3c01-4237-92bb-8141cd9c2707,Make Me Cry,
dc51a031-9394-401b-9189-8f664e7b7be3,ギミチョコ!!,jpn
dc6123ea-456d-4c07-b922-fa5d980ab4ba,きらり,jpn
dce165b9-6785-42be-9a38-45e6e589f57d,XOXO,
dce21df2-4a97-4014-9876-f80da2697488,Free,eng
dcf38068-ebbf-4cac-853e-16d34518f7ee,Off to the Races,eng
dddec2b8-d0d1-49c0-aef5-012b0b9f3aae,Gorgeous,eng
ddfb4085-e87c-4b38-9ae6-e579f8a7e20e,The Sound of Silence,eng
ddfe109a-f28d-4cfb-9503-e18a976455b4,Song of the Caged Bird,zxx
de23ce26-0069-48df-8908-b1b124d8c110,RBB (Really Bad Boy),
de414561-ace1-475b-b804-389c9cffa87d,다라리 (DARARI),
de6d4afc-1889-42aa-a3f1-7df551203aa2,Pantomime,
de6f80b9-f935-4f37-8354-45cb24bb00ca,Work Out (explicit),
de798de6-70fc-49f6-b580-339cd2e62052,Beat It,eng
de896c41-463d-4eaa-8fe4-d826e2afa0f8,Oh! Darling,eng
dea526b5-b557-4599-9126-cc03713de2f8,I’m a Slave 4 U,eng
ded688ba-124a-4df9-a921-47ac303b080b,항해,
dedd668d-287d-45bb-afb3-94ceaf2e6549,You Better Run,
df1a1712-b597-4af1-86cb-ce2938737f94,Tears of Gold,
df1fd341-2119-441e-a863-7d21eaa3ab94,Water,eng
df4c608f-9487-438c-a07e-23b740977988,Super Shy,eng
df4eebd6-938f-487a-8015-88da53d87e69,"Delfino Plaza (From ""Super Mario Sunshine"")",zxx
df569676-9c08-4bec-8137-daa122c04ca9,Mrs. Robinson,eng
df6b866c-a056-42f2-9cf9-135aa3fbdad4,Super Bass,eng
dfa1288b-177f-4b08-a6b5-751adc6a5a05,Cold as Ice,eng
e009cbb7-2fce-40fa-aaa8-6d741bdae838,Electric Lady,
e00ce662-d559-4901-a64f-25219a02c07a,Can’t Take My Eyes Off You,eng
e01bdfac-b607-47e3-969a-d34f7f21e09b,"Trainer Battle Music (From ""Pokémon"")",zxx
e034e9ef-6266-46f7-8fdd-46d3b26e1911,Ride,eng
e03ab0c6-e5ef-43fe-a998-c4ec6aac8e5b,Get Up (I Feel Like Being a) Sex Machine,eng
e05c89f5-2976-4f7c-8033-553126bf4440,I’m Not Calling You a Liar,eng
e06b192f-88cd-407a-8efc-125efe3d6c9d,Beggin’,eng
e089420f-f375-4c94-bf3c-6e403bf3e6e6,BOOM,
e0a4f3b0-3a68-4644-b88f-e4c3e2e16d82,THE BADDEST,mul
e0a62cec-cbad-495a-a497-4a52ad706c0d,Be Natural,kor
e0f533ec-9c5e-427c-b133-5d99a0805828,신호등,kor
e1231e26-0761-4301-9eeb-66cc7450c9c3,I Want That,
e135871f-0fed-4683-90e3-ebbe435fbe4e,Dream On,eng
e139bd8d-410c-41c1-967c-a30ee3b444e8,Butter,eng
e1874abb-97b3-49e8-8f5e-d87d962cf5bc,The Dawntreader,eng
e226f297-689d-4950-b660-158650b0cce7,If I Ever Fall in Love,eng
e25cd935-84c9-43a8-8d98-710efdb7bbe1,지구에 혼자 남게 된다면 (Save Me),kor
e2b9b868-5aa3-400a-aae2-7c7e9c7d35fd,Stressed Out,eng
e2ce9e51-4205-4714-b0cd-d158f3aea1a0,Satellite Call,eng
e32a1a14-c40d-4267-9388-cb536b8fb50b,BUTTERFLY,kor
e33aa6df-c459-4f8b-9604-bd8778af8876,Daisy 2.0,
e35de117-19a9-49da-80b6-4f41ebda1e6d,"Paint It, Black",
e371f113-543d-48d2-9d68-78e7fbdce322,DESSERT,
e372c673-e424-4a6c-a986-e778a12d3754,MANIAC,mul
e3b7cd96-c41d-497a-b401-dc7494f638db,The Middle,eng
e3cdf262-b238-43a4-9353-8480f7378c77,BOP BOP!,
e3d04cc6-b6e8-4942-b7c5-85645a02a6bf,Truth Hurts,eng
e402f9c9-e35d-4374-b95a-07ce0a5e37d6,Honeymoon Avenue,
e413fa7c-a894-4b62-9fbe-05352ecdd8a0,Lavender Haze,eng
e4650287-2696-4b88-90b2-80f063916afb,Low Key,eng
e4673837-6f18-42b7-9137-7bac27e53c57,들꽃놀이,
e4733d45-75fa-4bf2-a0d6-9835a67e53b7,Lose Control,eng
e492bc5b-469e-497b-903d-64a9713deee0,Goodbye Yellow Brick Road,eng
e4aad8c0-70e6-48e0-8a53-b2459a5ee2aa,Drunk-Dazed,
e4b2e389-a776-4438-a59a-72d5638d2272,Chill Kill,
e4bb44ea-919a-4ac6-b69b-e8d5de2de01c,Sour Grapes,mul
e4dfe577-a2ba-49f6-aa49-d991217bfa9d,Water,
e5015abf-c2fa-406d-82eb-6b2304aa4b8b,"나의 인형 (안녕, 꿈에서 놀아)",kor
e50eedce-2d16-4c3b-acf7-ca8f28b6b904,ELEVEN,kor
e5225306-fb16-4382-97cc-baa6349cd61e,exile,eng
e528371a-0544-4328-a51e-8a2427671fcc,Mercy,eng
e567b782-aa26-4137-a861-8e7badf395e7,Knock Knock (Who's There?),
e5f6067a-fbb5-4f48-94ac-657a496561a1,"이브, 프시케 그리고 푸른 수염의 아내",mul
e6188573-3329-4ce4-af6f-7e34f0cc1094,Mr. Vampire,mul
e63ea28d-0c0f-4914-8181-ff5d0fa1cfa4,Amore - 蒼星 -,jpn
e6d4ab7b-d898-4f52-8d37-1cb17ddfcaf2,Baby Don’t Stop,
e6d894a9-8593-4b90-966a-9ce743365c3e,Only Girl (in the World),eng
e6de824a-33d9-419e-8ee5-a5938f9f00cc,I’m Unhappy,
e71b4620-5cd8-40c1-b3cb-7badb3d83b10,I Love My Body,
e71c6961-1380-4261-be19-d6e3d1dbfe22,CAKE,
e773baf5-6d59-487a-bde9-96574249e458,Love Me Like This,
e7b133cb-1be6-441d-8d62-99b859681283,Cough Syrup,eng
e7bdc717-11d0-45af-b9f7-91a6972a834c,우리 사랑하지 말아요,kor
e80fd763-fe6c-44b1-a648-3ac32e3b1d26,Je t’aime,kor
e8301db3-0856-4abf-9e2a-fcd880f5cab0,Moondance,eng
e836c95d-347d-42e2-a039-9b15a13e37a0,Love Won’t Let You Get Away,eng
e8433d2d-4c9f-4cd4-a4cf-f4a02d85a438,Dangerous Woman,eng
e845b634-8df8-49b0-89f4-e2d6d48a3197,Dancing With Our Hands Tied,eng
e896d106-8794-4fb4-8e38-595588a6b72e,Dust in the Wind,eng
e8b32cd0-f354-4956-8ffe-2f9675ba18a2,Lights,eng
e8fa470f-a491-4de2-859e-37e0bf98dca7,Dreams Come True,mul
e911c779-abc3-477d-bf17-6e3bb3fd03b5,Black Horse and the Cherry Tree,eng
e93ef73a-59d3-44ed-b0ef-8d79508f518f,Red Sun,mul
e952d60a-c240-4a6d-b1d0-eef9e2c3a3e2,I Will Survive,eng
e955d818-82db-4f42-a7c3-b1e5bd0b35b2,What Sarah Said,eng
e96250b4-c445-4f66-a1cf-642df9b152ec,아예 (Ah Yeah),kor
e96e51e4-73e3-4e06-be51-100251c25171,MALA,
e9ccfb0a-a516-4d25-99ff-699856090e56,Freedom 90,eng
ea42a36a-ced7-4326-a7d3-c91456b49d0b,Snow ((Hey Oh)),eng
ea433668-d102-46a0-a7ee-8af67587488e,쉿 (Shhh),mul
ea9b065a-0a70-4de8-9028-982681a975df,Can't Nobody,
eb1f39c9-dcfa-442d-b1dd-4f5800476d4f,Cherry,eng
eb6ce18f-d34d-4107-af35-8cf07927bc06,벌써 12시,
eb9a252a-e014-4d88-8c8b-27a60ec40366,Senorita,kor
ebbda164-fca5-476b-ad1a-26083d64ecf2,breathin,eng
ec0614fa-eaf1-4387-b148-6242ca22b74e,Me enamoré,spa
ec30c4a8-d7d3-4326-97d4-4047df288645,Boss Bitch,eng
ec600cc0-93e9-4614-a9a4-e132d3545fb9,Stardust love song,
ec72de8b-74fc-449f-9b41-b10270eced8d,no tears left to cry,eng
ec89d0c1-3ebe-409b-b54b-1473c56b82ae,시간의 바깥,
ecbc7c9b-e79d-4ec8-ac77-44e4a7f7f1b8,Breathe,eng
ed9d34c3-fcb3-4fe0-861b-b4f1ccf90cf6,Sweet Venom,
edcb7dc0-2db1-4a1e-a5dc-705bca61488b,恋,jpn
edcc4bfb-0525-4c52-bd3a-6fe03d491275,"""Shout Out"" -",
edd64657-5788-48c1-ae6f-cfff23d65684,MIROH,mul
ede4ced6-648c-48c8-9a6d-c3a7f2944ca7,겨울잠,
edf5983a-2b81-4718-b1b4-9a7eda6d6794,Heart Shaker,
ee066c10-89e9-45f6-8a98-2e371a06b271,Singularity,
ee10f155-f60f-4be5-a18d-03eac609e263,Slow Hands,eng
ee16b25c-509a-48e7-b676-373419ec0656,자각몽 (Lucid Dream),mul
eef3f84e-9236-46b2-8466-fc443ab3acd3,Superstition,eng
ef28d6f7-7db0-47cb-9eab-9176ff5528fd,"Lullabye (Goodnight, My Angel)",eng
ef71afb6-5e51-41df-999b-9e7c7306063a,Back in Black,eng
ef7eff0e-2825-4024-8939-4377a8fd5c09,Watch n’ Learn,eng
efbd8baf-df5e-45ed-a8e3-66429453f0f2,Larger Than Life,eng
efe67597-a031-4417-95d9-dbf17ebd4009,Run Devil Run,kor
efeaf366-1ece-43c0-9351-d6ae9f8d6739,Still Monster,
effe9406-c9e7-47d5-b104-1fd6fc805a04,Freaky Deaky,
f01586a0-804a-4ca4-9364-f5223b4aa223,Top or Cliff,
f06b055f-00c4-4083-b253-5bf45c94f025,Can’t Help Falling in Love,eng
f0d4361f-821f-4d29-a9ad-333c7e75fe3b,손잡아 줘요,kor
f0e93651-330b-4273-88a0-f8c10945b210,LOSER,kor
f0f60a20-afaa-4ecd-be22-d286ed238c4b,기괴한 이야기 : Get Out,
f15291ac-aeaf-4ed4-ad3a-4885ee44745f,Generation,mul
f15b87b4-3735-403d-b146-5f761e3be69b,Just Give Me a Reason,eng
f164ff21-e5fe-4f75-853e-74796ee3376c,NO WAY,
f1873540-0ed7-41fe-8982-76e61c0e6a69,To. X,
f1a3550f-c307-46eb-8220-5e2bca2dcaca,Perfect World,
f1a3e274-a2d5-4b43-86c4-3736757236a9,Cat’s in the Cradle,eng
f1a6a40f-78f5-4918-968d-f64363bae94c,"Harder, Better, Faster, Stronger",eng
f1a71650-bd53-40df-8f69-9778a336ef38,In My Bones,eng
f1b1656f-deaa-4f4c-836e-3039a5d45a99,Good Thing,
f1fc9f90-9cc7-4911-8b3a-9757da54f59a,Gagnamagnið,isl
f207eac0-829f-41e5-9dc9-d7c3263de3ed,Lose Yourself,eng
f2beee2e-55ce-41ef-a5b5-fd3aea1a8c1b,on the street,
f2d3297d-c5bf-4201-b81d-2d1873cad351,Pose,
f2fc389e-9a64-4173-8755-763e451cafaa,Price Tag,eng
f30fb52f-c911-486b-b6b4-8b197f01a3a4,Gonna Get Over You,
f310d32e-4def-411b-b91e-c0c54ab34708,Flying on Faith,eng
f3ea5e4f-e4c2-4c42-8abb-9d80beaeb9cc,Milkshake,
f405e9d3-c201-4a72-b9f9-7e51e48d7d04,Djadja,
f4761555-f1f0-4612-b00e-ec4aa8b612b1,Baddie,mul
f4a822f1-66ae-4781-ae7f-0d5274ba519e,MALAMENTE (Cap.1: Augurio),spa
f4b13019-27a3-4297-a6e9-eb54a8de546f,WILDSIDE,
f4dcb5f9-328a-4a85-8d8c-419356a6b3b4,FEARLESS,mul
f4e93f39-0bd1-4107-86a2-c1ac2bd36e85,Airplane pt.2,
f507b892-4dab-4c08-b517-4626a84041d3,Grace Kelly,eng
f5669ba8-5e23-44ef-bc53-8c0ac2914fa1,Home,eng
f5733f63-42ab-4e1c-a1ba-028ea1e19026,Welcome to MY World,
f5861ab4-c367-4f2f-a758-8d1b2a32ea76,Carey,eng
f5cf78f7-dbc1-43c1-a3a8-bf28e29aeb17,Aha!,eng
f605b39a-5cc7-499e-80a5-d900ff1f4248,That That,mul
f60dd067-b57b-42f2-8d36-1427dd6e64ca,I’d Rather Go Blind,
f60df758-7f71-4b17-9c34-b6f663f3df25,Focus,eng
f641ba35-0005-4118-9177-b37348db5f03,ILLELLA (일낼라),
f64aeab5-ca4e-4f28-970e-5228e2ae2678,Behind the Curtain,
f66df817-be39-4a8e-9184-85bbd1944ba4,The Way You Look Tonight,
f68a7497-91aa-4d8a-88c8-abc0ba5b49f7,Lucky,eng
f730e2c2-1017-478d-8ded-037f375a9fe9,한(寒),kor
f73d2e49-d178-49d7-b079-d56963876d70,a sign ~ anonymous,
f75518c1-f26e-48eb-85e5-7a61191a507d,Not For Sale,
f75661e9-c312-47a5-8693-98860825768d,Nightmare,
f758907c-a06b-4187-bba4-f8ea9790e156,Drama,
f7598b36-7fd9-47b2-9663-6246318ca741,The Boys,kor
f7804162-6ca7-4f8e-8bdf-029b6636f29e,Con calma,
f7918f96-f173-4aca-bcf6-a1299503f040,RINGO,
f7eb64ad-8148-4c96-9d53-5096176fa8ab,Sure Thing,eng
f7f6fb88-e5b8-49aa-ad11-75f5416bad56,Cruel Summer,eng
f80b58f0-543b-4d07-8080-9c49693051d2,Wet Nightmare,kor
f8289906-e656-4afb-aff3-65c79f7cc456,DARK (X‐file),mul
f848422b-bd77-4515-9442-df7135748ad5,Naughty Girl,eng
f8577ce9-7bba-40a1-9b19-939968460449,아이와 나의 바다,kor
f8581c2b-61ac-465d-82ae-0fa2916a4799,We Will Rock You,eng
f85879b3-ddc6-4ee7-83b9-7404d0e7d04c,Kitsch,mul
f8633ac2-2a28-4954-8459-4b43f17c2257,King of Anything,
f86bafa7-fd06-4f9e-adfc-7c6dae500bf2,Need to Know,eng
f87758ff-a0eb-457b-95a3-f914cd32ffe1,"아주, 천천히",
f894a41b-c220-4de9-b9c1-b4e4b41d2e0b,Lonely,eng
f8b5ce6f-295e-45dc-b2eb-674bc2196b09,FIESTA,mul
f8c8ea7a-1598-4c21-8814-6bc326549e6b,bad guy,eng
f8d0d5ad-d9f0-44a2-a47f-f47f8cd31e9a,Brave,eng
f8f86ef7-4bc6-4bc8-b450-7f91501b8bd6,Masquerade,mul
f9054a16-05ae-4eea-ac20-a71af04de7c9,Ain’t It Fun,eng
f97701a8-e005-49c6-b2c2-00ee0ca0d992,We Are Young,eng
f980fc14-e29b-481d-ad3a-5ed9b4ab6340,Billie Jean,eng
f9fb365e-5c45-4af3-a467-9841a0bf1857,Sweetest Pie,eng
fa0181a9-aaf8-4d41-97bd-82620242d8d9,Hold On Tight,
fa36c6f7-f239-4c76-bb0e-46f857af1e35,Vienna,eng
fa417fc3-3a37-4fad-b61e-cf76f8b23954,Seven,eng
fa515490-6b24-4e54-9387-aed958600304,Take a Bow,eng
fa8fb8c8-c3a8-4978-ae7c-c121c57c7f8f,Telephone,eng
fac139cc-466c-4639-ac8e-6d8ed4c7e830,Scenes From an Italian Restaurant,eng
fadf7112-3e06-4f5a-860c-7deff1354654,Tell Me,
fb26cc7d-5dad-448a-bb40-444db102fd22,the 1,eng
fb4b7d67-3b02-40b4-b8b3-c53024b31dff,Shatter Me,eng
fb51d0fe-2f5c-480b-8382-5150d92cdc78,Is this bad b****** number?,
fb7963d0-d06f-45ca-a647-2b00a963179f,Closer,eng
fbb78c87-66fa-49d0-8089-22d1b46aad99,怪物,jpn
fbcd0a63-2565-4610-a1e8-612d59851df7,Love on Top,eng
fbd32ed7-4a3a-423d-b3cc-f6beb3214e93,Little Black Dress,eng
fbd6b7c2-b1ee-4674-ad6a-d248c18a1fbb,Electric Twist,
fc624c63-3493-4bf7-a776-cc9a738523ab,조각품,mul
fcdf3ca3-2473-4ef0-abd9-16d92410bc6c,Go Big or Go Home,
fcfae542-78a5-409c-a463-45adb9eeebc2,25 or 6 to 4,eng
fd125370-5ac9-45eb-86ad-ab99e258404b,Crazy Little Thing Called Love,eng
fd16569f-6d0b-448c-a91b-a52507deecc5,Flip That,kor
fdc062d7-5d86-495e-b7d1-d5b82008642b,Rain,kor
fdf258c8-a98c-4fc4-ad72-98331ab750da,TOMBOY,mul
fe04c590-2dcf-42b0-9897-69839126af7a,Crown On My Head (YEJI),
fe11b561-d515-4c41-baec-6ea8595941fa,GGBB,
fe230bce-8b6d-4df0-b244-e7d6aa5cc47c,CHEER UP,kor
fe312432-dfef-4646-b5f1-05578190d915,Bittersweet,
fe4a0608-cf7f-444a-a932-a1b77c766673,Enter Sandman,eng
fe4c55b2-1a6e-48b2-991a-1fbe2be9eaf1,Please Me,eng
fe81a255-6266-4800-bb6b-155d21504501,"Attention, Please!",
fe87e048-fd22-4052-9ec7-97f58f2e1a80,LA DI DA,mul
fea94631-f1b4-4439-b20a-49e3a484bed3,HELLO,
fec563f2-9f37-4011-a40e-a36336ce0ba0,BAMBOLEO,
ff0b0c5a-c6a2-4f86-b1c4-d0e42ee220cd,음파음파 (Umpah Umpah),
ff1e3e1a-f6e8-4692-b426-355880383bb6,Supermassive Black Hole,eng
ffb6e773-2d24-420c-90ce-36b6025f31e2,Toxic,eng
