spotify_artist_uri,artist_mbid
spotify:artist:00FQb4jTyendYWaN8pK0wa,b7539c32-53e7-4908-bda3-81449c367da6
spotify:artist:01XYiBYaoMJcNhPokrg0l0,06bb5fcc-f2b3-428d-b8e7-079060311b6d
spotify:artist:01wau5CL3Z1vfJJWkzBkqg,be547bca-8718-4762-bf1b-34a3bdb4938f
spotify:artist:02kJSzxNuaWGqwubyUba0Z,db48610c-6d8f-4d10-90ca-c4d14bb1a8b1
spotify:artist:03EYBMnqSchCMp5D9qmFXi,7cd536a1-8d66-49e3-bf14-e1be74a06363
spotify:artist:04L3elxyr0XFua2Ek3domW,8b8cacfb-60a6-4a37-b17e-53d73fad89cb
spotify:artist:04gDigrS5kc9YWfZHwBETP,0ab49580-c84f-44d4-875f-d83760ea2cfe
spotify:artist:05CRzFTp7TouOXPuH6Tapu,1660ce38-035f-498d-bdfc-5b5a2afc7ee4
spotify:artist:05MlomiA9La0OiNIAGqECk,0934b25a-8293-4277-a6db-ee0ad0adbfc8
spotify:artist:06HL4z0CvFAxyc27GXpf02,20244d07-534f-4eff-b4d4-930878889970
spotify:artist:07YZf4WDAMNwqr4jfgOZ8y,6de0f914-3e60-4418-be3b-42e0feb6eb4d
spotify:artist:08GQAI4eElDnROBrJRGE0X,bd13909f-1c29-4c27-a874-d4aaf27c5b1a
spotify:artist:0AepkoQhYvkjEzzwIcGxdV,ca4d7350-e835-4af6-9cbd-1e012e597de4
spotify:artist:0AythHu8oDXnRGp8qviBPj,5c4b81e7-a132-4ae1-b9db-e477def26f2d
spotify:artist:0B3I6YgdnfXehUCpsO6oB8,f2911ba4-9eaf-4ae2-b7a2-0f27b7a955be
spotify:artist:0BqRGrwqndrtNkojXiqIzL,3651544b-372b-436e-99a0-ffc43f477a1c
spotify:artist:0BqURncJM5B1BBu7UM51eq,67375a28-2956-453e-b6c6-fafece47021d
spotify:artist:0C8ZW7ezQVs4URX5aX7Kqx,e4bc69e2-a064-4f93-ada1-f7f209cc1cc3
spotify:artist:0CJkEzffVZLgav03xXeC9s,42976ddb-0ad5-4baa-9304-f31d7d84e3e0
spotify:artist:0CmvFWTX9zmMNCUi6fHtAx,527973c7-9a9f-40bf-a52c-8cc2a7115c1a
spotify:artist:0ECwFtbIWEVNwjlrfc6xoL,f46bd570-5768-462e-b84c-c7c993bbf47e
spotify:artist:0EmeFodog0BfCgMzAIvKQp,bf24ca37-25f4-4e34-9aec-460b94364cfc
spotify:artist:0FRUZvZNPzM3YJMABJxf2K,c27f4400-6fc4-41bc-bdb9-e847e8370ea5
spotify:artist:0G7KI9I5BApiXc5Sqpyil9,491d404c-78a1-4fc6-b273-52058d1aadfc
spotify:artist:0HS00NN7MAfF59aJnfcxSO,f08fd716-8047-4fb2-a25a-d06caa896f48
spotify:artist:0IwZVmMMGE7nNXS7vN9SIo,e148e786-f078-49e2-a9fb-fd044bd68905
spotify:artist:0IznZPMUyaPGdqfP4oqBja,b9880049-93f3-4791-a718-20a2891b1d96
spotify:artist:0K4MGKGmjtdIE0W3GkGmyU,16f456c9-e23b-4675-ab6a-fd295712c256
spotify:artist:0K4MGKGmjtdIE0W3GkGmyU,53c57755-d90d-4a24-8d97-61e9c94e3d45
spotify:artist:0L8ExT028jH3ddEcZwqJJ5,8bfac288-ccc5-448d-9573-c33ea2aa5c30
spotify:artist:0LOK81e9H5lr61HlGGHqwA,8dfe067c-ae90-472e-80f2-fcee9be4e158
spotify:artist:0M1UOBJZ9tcKJbrbnVlHZG,b6ff4fd0-03ae-41a6-942e-7de13124b970
spotify:artist:0M3eRYg8ULjCtLFvhc5Orb,6b9793bc-03ce-49e2-968d-7057dca142ec
spotify:artist:0MBNzfGHTiPYag4DupDXUj,44a66c28-a311-4833-8dc4-d16050c670fb
spotify:artist:0Q5XzDpn7DCI5jlubok4xb,99b006a2-1ffb-4307-9723-e17c51dffd7d
spotify:artist:0QWrMNukfcVOmgEU0FEDyD,1df15ee0-b52b-4315-9cb9-bc5a27a685e9
spotify:artist:0RkqytrwoGyXGvDiZwT6i2,ee6e8790-7123-40ab-b7e9-03c4fe6aa08f
spotify:artist:0RpddSzUHfncUWNJXKOsjy,16243662-8538-4746-a0fb-0d15b5828b8e
spotify:artist:0Sadg1vgvaPqGTOjxu0N6c,b7442f18-d9be-4185-8b51-482510046156
spotify:artist:0UntV1Bw2hk3fbRrm9eMP6,75312d53-db94-4dc1-a08f-2fa3511cf8f2
spotify:artist:0W0w607z3JEA1vXLz9FVGw,37cc872c-22e8-43e1-abc3-5b0f31631acb
spotify:artist:0X1f2U9bxiC3DhKA8OcvgG,bc9d6c78-c26f-49cf-8a9c-2f8888553798
spotify:artist:0X2BH1fck6amBIoJhDVmmJ,33ca19f4-18c8-4411-98df-ac23890ce9f5
spotify:artist:0X380XXQSNBYuleKzav5UO,b7ffd2af-418f-4be2-bdd1-22f8b48613da
spotify:artist:0XATRDCYuuGhk0oE7C0o5G,fb588f59-af1a-493a-9508-ed487caa2a11
spotify:artist:0Y2AcMPMpeuPXtPQGVvRBq,d9495820-d563-481f-97ad-583f893e7101
spotify:artist:0YrtvWJMgSdVrk3SfNjTbx,0039c7ae-e1a7-4a7d-9b49-0cbc716821a6
spotify:artist:0ZrpamOxcZybMHGg1AYtHP,ddfd9b2f-186e-4b2c-ad09-01aa5380c225
spotify:artist:0b1sIQumIAsNbqAoIClSpy,b3977da4-f899-4328-921b-ecc599a5618a
spotify:artist:0bBDQ4QeizwResorw0iD7X,4b462375-c508-432a-8c88-ceeec38b16ae
spotify:artist:0bfX8pF8kuHNCs57Ms4jZb,2d79c678-e9e6-4456-a941-8ca436747a43
spotify:artist:0blbVefuxOGltDBa00dspv,85d76093-9865-4605-97fa-8c910929d366
spotify:artist:0cGUm45nv7Z6M6qdXYQGTX,3260ce89-5eb0-4c6a-89c7-379c0dfc2ab9
spotify:artist:0dUYLC7DLjeS8gIh8cz2Pq,16591c16-b498-4f90-96ef-bd8e3fcc29d5
spotify:artist:0dmPX6ovclgOy8WWJaFEUU,5700dcd4-c139-4f31-aa3e-6382b9af9032
spotify:artist:0du5cEVh5yTK9QJze8zA0C,afb680f2-b6eb-4cd7-a70b-a63b25c763d5
spotify:artist:0ebNdVaOfp6N0oZ1guIxM8,b629da42-c668-49d2-be67-498605ee2a13
spotify:artist:0epOFNiUfyON9EYx7Tpr6V,f181961b-20f7-459e-89de-920ef03c7ed0
spotify:artist:0fEj1fYIQwWj1bzzAto9rp,88bd17b7-828d-42d6-ae8b-0127348f7d21
spotify:artist:0fLesFHNsJpalRtqzSYxnd,4d4870b6-838e-4605-b36d-231634c18f48
spotify:artist:0ghlgldX5Dd6720Q3qFyQB,9d027d72-790e-40ec-bbb7-61aa613457de
spotify:artist:0hCNtLu0JehylgoiP8L4Gh,1036b808-f58c-4a3e-b461-a2c4492ecf1b
spotify:artist:0iOVhN3tnSvgDbcg25JoJb,e22d2f66-881e-41ca-9356-544697ee5f90
spotify:artist:0iidQFemlPhkoHqFroz2my,4d965cc0-86a6-49e2-80f9-7c2bdf606242
spotify:artist:0ixzjrK1wkN2zWBXt3VW3W,4337f1a5-9e02-4b46-98c3-e3c28683a9b5
spotify:artist:0js3wKXyi7RL11sfOykRt1,979cd38d-a2f9-4f52-81aa-bbf276512f88
spotify:artist:0k17h0D3J5VfsdmQ1iZtE9,83d91898-7763-47d7-b03b-b92132375c47
spotify:artist:0kB3Vlf3xDNZQz6NjAPJV8,28c5fb4a-3675-49c1-9cd8-50e9eadf4397
spotify:artist:0kbYTNQb4Pb1rPbbaF0pT4,561d854a-6a28-4aa7-8c99-323e6ce46c2a
spotify:artist:0kkxsdcaWmWU2yWAqclDh4,28aee606-d7a9-4b8d-b234-dd5e0d99c259
spotify:artist:0lAWpj5szCSwM4rUMHYmrr,3862342a-43c4-4cdb-8250-bfdbfb5e1419
spotify:artist:0nZHjqvdLoBy50ZzUH5FNU,e3e5fe91-4a41-4955-b4f0-cee91280a697
spotify:artist:0nxWeW71DDYHY26V4LzMz9,47aac83b-10e4-4639-b081-5a809b96fe39
spotify:artist:0p4nmQO2msCgU4IF37Wi3j,0103c1cc-4a09-4a5d-a344-56ad99a77193
spotify:artist:0qVb1coEo0OVOpP9kphf6U,745a0ce5-ba0b-4cb0-871e-5fade438f5ea
spotify:artist:0qlWcS66ohOIi0M8JZwPft,eee862ac-0d4d-441c-94fe-9e2c681d7a48
spotify:artist:0qr7Rhj0yU7BPySYecNUlm,508a7f4b-d153-400d-8e79-a2dba1421a11
spotify:artist:0r63ReVRjxrS4ATbLrdcrL,9ad9a4d3-10a6-4765-b1a4-8100d2cda756
spotify:artist:0rLLyTr5rx0qYKb63MdVW9,5b6b612d-1bdb-449e-83c8-c119a0e67c52
spotify:artist:0rW6fVd3yuW2CF2sLYWQtE,425afcd0-0db2-41d0-a0fa-10af97ee1f77
spotify:artist:0rvjqX7ttXeg3mTy8Xscbt,abd506e1-6f2b-4d6f-b937-92c267f6f88b
spotify:artist:0sYpJ0nCC8AlDrZFeAA7ub,20a846dd-829a-4338-9531-248607c8b4e6
spotify:artist:0tRFWXqKBBQcu5oFVOgVzX,a6bf06a6-756f-4639-b8c0-0960a8d6cc0a
spotify:artist:0tZl5OAXf9jYXFmfRGejs2,ede01908-8896-4f5b-9af5-58cea7038fe8
spotify:artist:0tkHE1pQ5ZCgQb8WZ0ba79,0911a2dd-1e8f-4c63-8c93-e5b853298383
spotify:artist:0tzSBCPJZmHTdOA3ZV2mN3,549c659d-bd39-4acd-b664-d0691036e71a
spotify:artist:0uQWT7X0I9Y7zM7WWexpAj,79d1e9ca-d396-44ac-8a4a-ff5dbe9e44f9
spotify:artist:0uRdK8gy7fXJGRywrlmPM7,98f1b98b-2296-4fb3-ab16-4dffe67f2174
spotify:artist:0xOeVMOz2fVg5BJY3N6akT,166cb987-3156-4166-b0d3-f1ad5a6c514c
spotify:artist:0yb46jwm7gqbZXVXZQ8Z1e,ee0c82bb-85ca-4a3c-94b8-d7221e74333f
spotify:artist:0ztjVBmFk6OuHq6XBBwMI9,1a487104-8f06-46f4-96e2-30a90b4c4430
spotify:artist:11S00dFcvNvJahis8MTGMD,e6ac2d77-315e-4f92-9513-8b277342534e
spotify:artist:12Chz98pHFMPJEknJQMWvI,9c9f1380-2516-4fc9-a3e6-f9f61941d090
spotify:artist:13kJgvU22LHMsJtGWLmx7W,7284b092-eb9d-41fc-9b16-77abe96b1952
spotify:artist:13rF01aOogvnkuQXOlgTW8,48652da5-f54c-4f65-9c11-0fc05df18075
spotify:artist:13yWtUnz63q5VIs5SwoMhy,ca28da19-52e6-4136-bad0-69528459104f
spotify:artist:163tK9Wjr9P9DmM0AVK7lm,8e494408-8620-4c6a-82c2-c2ca4a1e4f12
spotify:artist:16rCzZOMQX7P8Kmn5YKexI,5751a689-8b70-4ba0-a9e6-f8a10f4f8531
spotify:artist:17lzZA2AlOHwCwFALHttmp,dff0d392-4cd5-4052-9fbb-f485df3891e5
spotify:artist:17peneSLV6CavfRbQEACCu,2beede43-9aa3-47ec-bbd3-c8a3d9cdfa81
spotify:artist:181bsRPaVXVlUKXrxwZfHK,ee27b2d8-648c-4a9d-a68c-e55066959975
spotify:artist:18VvNIaKQgZXhSBnu7p5z7,7ece3433-cb65-4054-b919-fc312f6825cb
spotify:artist:19eLuQmk9aCobbVDHc6eek,eea8a864-fcda-4602-9569-38ab446decd6
spotify:artist:19lQ2rJLlP71FOKESiMNJT,6ce952eb-0f9d-4185-92a1-9101480212fe
spotify:artist:19ra5tSw0tWufvUp8GotLo,ccb8f30e-4d71-40c4-8b1d-846dafe73e2c
spotify:artist:1AhjOkOLkbHUfcHDSErXQs,f3463d81-f100-478e-b7ba-3710c6eac781
spotify:artist:1BEohdSWSBggmO979tzRwW,5676c373-0569-4e64-9ac7-1ece03891334
spotify:artist:1BrKLZxBikUgEn6XEVZmrp,24252580-8ddb-44e6-b89b-e6574510790e
spotify:artist:1Do4bSzfUl0KWL9r1fITu0,d2faa4dd-f3fc-4aa9-aa9e-001826d6fdd2
spotify:artist:1Fr6agZ6iSM5Ynn2k4C8sc,322fe370-6ff9-4fad-8c18-a00aa41ba2d9
spotify:artist:1GDbiv3spRmZ1XdM1jQbT7,25be91ac-7d7c-441f-a7d2-98e35d642e4c
spotify:artist:1GxkXlMwML1oSg5eLPiAz3,611700cf-27f0-4dc9-ae80-c513a767853e
spotify:artist:1HY2Jd0NmPuamShAr6KMms,650e7db6-b795-4eb5-a702-5ea2fc46c848
spotify:artist:1Hsdzj7Dlq2I7tHP7501T4,55e6074f-ef78-4ec3-8fff-bd1b8cc8c14a
spotify:artist:1KCSPY1glIKqW2TotWuXOR,f4d5cc07-3bc9-4836-9b15-88a08359bc63
spotify:artist:1MIVXf74SZHmTIp4V4paH4,3a592f93-5c88-4b7c-a10f-8eb3dcbadde7
spotify:artist:1McMsnEElThX1knmY4oliG,6925db17-f35e-42f3-a4eb-84ee6bf5d4b0
spotify:artist:1Mxqyy3pSjf8kZZL4QVxS0,197450cd-0124-4164-b723-3c22dd16494d
spotify:artist:1OjcBoc71FwlzD5cJGx7xk,06a0a239-40b4-4205-bb2e-b931d4cab71d
spotify:artist:1S2S00lgLYLGHWA44qGEUs,2c6c53ea-09d4-4d98-b174-c9aa83d4fecf
spotify:artist:1SIocsqdEefUTE6XKGUiVS,5829cd4f-e693-4b03-abe5-1226243c23d6
spotify:artist:1TTx0YcbKUtJIZY1HEnh9B,039f523f-689a-49be-83c4-bd6fdda61c1f
spotify:artist:1TqQi97nqeiuOJrIFv5Sw0,3037bd18-0079-4e4b-9ce1-758689e210d8
spotify:artist:1U1el3k54VvEUzo3ybLPlM,d0c7656d-8169-4f77-9dbe-b8f24e40105d
spotify:artist:1VwDG9aBflQupaFNjUru9A,e107bde8-78f0-4646-8925-68007a15880e
spotify:artist:1W7FNibLa0O0b572tB2w7t,173ae5e2-b5fe-41fc-a908-5465ac8c72eb
spotify:artist:1Xylc3o4UrD53lo9CvFvVg,134e6410-6954-45d1-bd4a-0f2d2ad5471d
spotify:artist:1Xyo4u8uXC1ZmMpatF05PJ,c8b03190-306c-4120-bb0b-6f2ebfc06ea9
spotify:artist:1YRqgFNXqRyMDRr8ClS1NL,67d33c91-279a-4185-a068-b7c6bfc4bc1a
spotify:artist:1YfEcTuGvBQ8xSD1f53UnK,10a9ff92-9637-4498-afea-7044b2ab0dc0
spotify:artist:1bgyxtWjZwA5PQlDsvs9b8,351d8bdf-33a1-45e2-8c04-c85fad20da55
spotify:artist:1bqxdqvUtPWZri43cKHac8,8ce77888-cd3b-4014-b710-88f83ec93633
spotify:artist:1buzCmyYZE4kcdLRudsb8V,ff4fc9b6-bdcd-44ee-b053-c1ccbe47fe4b
spotify:artist:1cjZk1xXn3YCToNg3uJpA7,43fe7a49-2a63-48f1-871c-12450d21eeb1
spotify:artist:1dfeR4HaWDbWqFHLkxsg1d,0383dadf-2a4e-4d10-a46a-e9e041da8eb3
spotify:artist:1dyGPAYZZHHW6WIqwKN5QF,ca452a01-b9db-461d-8e62-23d68747f6ab
spotify:artist:1eTft3tXynrKdo6XD7QHLL,1478adcd-e96c-441b-b5db-89d66ff456f7
spotify:artist:1fWUcRSok57yRm8gPKj1Fc,497ad8ff-0d35-4570-8a46-3f6b344b30b4
spotify:artist:1gBUSTR3TyDdTVFIaQnc02,dc7c8277-d4b6-4bca-bdfe-50eee42536ac
spotify:artist:1kbVoxpFh1eDOXumLmVdKY,cded24f3-361e-4179-8f26-4209479f6187
spotify:artist:1kfWoWgCugPkyxQP8lkRlY,993b5a29-a8f1-49d7-9ef3-e05233041454
spotify:artist:1khChLj7REGqjM043PlYyn,d95a463f-e7d3-4c97-98ba-57f75cb4fda2
spotify:artist:1l0mKo96Jh9HVYONcRl3Yp,e119e5ff-0de0-421c-a630-0516c6acede8
spotify:artist:1l7ZsJRRS8wlW3WfJfPfNS,b202beb7-99bd-47e7-8b72-195c8d72ebdd
spotify:artist:1l8Fu6IkuTP0U5QetQJ5Xt,e565610b-9a8f-451d-b594-ea658d76f725
spotify:artist:1lFLniFTaPjYCtQZvDXpqu,c41fab9f-c9ac-4d6f-9ccc-53f28656e987
spotify:artist:1lHfzEkKmmvdVDDDLKkcsd,03e53482-a069-4e65-aa7a-117ede967ffe
spotify:artist:1mDDvUPSs2dSr4QKAQmOql,132c5fc0-5ec0-4410-a04c-5ad7868b2a69
spotify:artist:1mORehSVEd7lcaT2d7Sl2K,8ad07a28-442d-4f2b-a353-f0928ce17a81
spotify:artist:1mgzY8CsK8lyJy96tT8bV5,e32f2cd6-8695-4914-9c24-72e02ebd09ee
spotify:artist:1mgzY8CsK8lyJy96tT8bV5,f6de138a-d608-495a-a6ab-a9cdc91acd53
spotify:artist:1moxjboGR7GNWYIMWsRjgG,5fee3020-513b-48c2-b1f7-4681b01db0c6
spotify:artist:1o2NpYGqHiCq7FoiYdyd1x,5b0d71ae-eb06-4be1-adbe-89d8fb73a574
spotify:artist:1oSPZhvZMIrWW5I41kPkkY,156fc168-f3c2-4072-b40b-838258e23d78
spotify:artist:1oSPZhvZMIrWW5I41kPkkY,d2582c77-6b0f-4b2f-802f-8f3cad1a5fec
spotify:artist:1ooV8YZC1KbpEcrmI8WH0F,0aeea1ef-8d96-4556-8c4a-84b88ae271bb
spotify:artist:1qBsABYUrxg9afpMtyoFKz,80c72415-d26a-4f49-b13e-544e50b8c188
spotify:artist:1qUjOF5fzrpoNycD36b2jZ,a049a513-f794-4b8d-8c3a-f106cfd22841
spotify:artist:1rAv1GhTQ2rmG94p9lU3rB,c5ce487b-0462-444e-a184-4de0fef7e028
spotify:artist:1rCIEwPp5OnXW0ornlSsRl,4449ccf6-c948-4d33-aa97-b6ad98ce4b5b
spotify:artist:1rKOAlZ7iAHynESWTeSNwl,5d79cd55-6090-43eb-a9aa-f2d598d99eaa
spotify:artist:1rpgxJZxZMLnFNc1Jmyov5,aad45bf7-6652-4717-8ce4-395aaf7e6bce
spotify:artist:1tQn5gWbo3ee6n2Z52ogY5,74c60035-4869-4a93-8eec-9ed3ba6d2b27
spotify:artist:1tcgfoMTT1szjUeaikxRjA,6edc70bb-c340-4ae6-bdd4-d5fb0c7411de
spotify:artist:1uAT5bTSp6dWbNmixIUP5t,b970cd81-7386-443a-8ab2-95d72e013a9b
spotify:artist:1uNFoZAHBGtllmzznpCI3s,e0140a67-e4d1-4f13-8a01-364355bee46e
spotify:artist:1vSN1fsvrzpbttOYGsliDr,e4b87494-a5eb-439d-b3bf-5f1b46d4dc6b
spotify:artist:1wKpMkucynaTfG8lyPprYV,da9bf052-1a66-4737-be10-9f3987980b19
spotify:artist:1xs6WFotNQSXweo0GXrS0O,62cc95e0-86de-46e0-925a-353e330cf4e4
spotify:artist:1yQ8S4xdGOGbUcpaPR6hCM,ea6c62ec-701e-4f01-bbcc-adfad2d3be70
spotify:artist:1yqs45BSh7457Flyhmdv7f,101c4754-1dc7-4c0f-92b9-49d8063d63da
spotify:artist:1yxSLGMDHlW21z4YXirZDS,d5be5333-4171-427e-8e12-732087c6b78e
spotify:artist:1z0Hi3myYw4x32xCq0H3aq,09696205-d071-497e-86d8-774114ad6f08
spotify:artist:1z0Hi3myYw4x32xCq0H3aq,6a5fea79-23e0-4f52-96d3-9aaf13f6b104
spotify:artist:1z2J8XtoQxczs0U1lMWEiZ,acb4b7ab-90c5-4b70-875b-63e9b519052d
spotify:artist:1z4g3DjTBBZKhvAroFlhOM,4f0cb3b7-6c06-4317-ae35-ddf3106a17ee
spotify:artist:1zNqDE7qDGCsyzJwohVaoX,e3d5b5ec-101a-4529-9f2d-01dca64cf44e
spotify:artist:2019zR22qK2RBvCqtudBaI,58dccd50-1dcf-4674-8ba6-31058695d24d
spotify:artist:2067CjQ2nC56cRZX8goeHg,278d7420-2413-4fa5-ae63-5ad67412a470
spotify:artist:20wkVLutqVOYrc0kxFs7rA,b46e298d-d3a5-4695-a03e-63e8c523b23e
spotify:artist:21E3waRsmPlU7jZsS13rcj,a4a01f5d-18e7-4571-8c3a-76ec0e24e2d7
spotify:artist:21UPYSRWFKwtqvSAnFnSvS,29fab96f-c3a2-4251-80f6-7ccda50da706
spotify:artist:22aCD8IrQZjcPgZw728QT6,e7385b1f-6356-45e0-ae5e-f690f19ec508
spotify:artist:22bE4uQ6baNwSHPVcDxLCe,b071f9fa-14b0-4217-8e97-eb41da73f598
spotify:artist:23zg3TcAtWQy7J6upgbUnj,3414d446-735a-443c-931f-10634f57e5b9
spotify:artist:24nUVBIlCGi4twz4nYxJum,705f04e2-fc5b-41ab-b837-1d850d44084a
spotify:artist:250b0Wlc5Vk0CoUsaCY84M,779351de-0da5-4943-928b-495a3c40e8c0
spotify:artist:25IG9fa7cbdmCIy3OnuH57,3248ed2d-bada-41b5-a7b6-ac88faa1f1ac
spotify:artist:25uiPmTg16RbhZWAqwLBy5,260b6184-8828-48eb-945c-bc4cb6fc34ca
spotify:artist:25wMXkplvEHJpJHX8A6Ved,9727b9b2-5e0e-4b2d-a62a-2999a9b3996f
spotify:artist:260LldmHBR0r2wtWtjzNxL,a9b994ea-b2a8-4507-8a19-919686b943c5
spotify:artist:26AHtbjWKiwYzsoGoUZq53,79c67eb5-3851-4b28-bfe0-3adfcd6f58d7
spotify:artist:26VFTg2z8YR0cCuwLzESi2,3377f3bb-60fc-4403-aea9-7e800612e060
spotify:artist:26dSoYclwsYLMAKD3tpOr4,45a663b5-b1cb-4a91-bff6-2bef7bbfdd76
spotify:artist:28ot3wh4oNmoFOdVajibBl,2d623e82-73e2-4179-9c44-e963980f2d58
spotify:artist:29WzbAQtDnBJF09es0uddn,bc85c6f6-6b06-44c1-8754-ef32c1e6b824
spotify:artist:2AZgVjkPB4a4ULepFyPPgZ,621816e6-a72c-416c-89f9-94795d7b23e4
spotify:artist:2AfmfGFbe0A0WsTYm0SDTx,0068ae6c-7156-40f9-a81f-39294af6a549
spotify:artist:2AsusXITU8P25dlRNhcAbG,6f6fd596-76e0-4b82-aa37-f558ac2d337b
spotify:artist:2B69uGl0nh5LMFUAZxVw5y,6d5ca1e9-70bd-4e76-8983-340243cae0fb
spotify:artist:2CQZr2RPZmrcvDnaod1ldC,1fed07c6-adf1-4668-b34b-434ae9741763
spotify:artist:2Cl2zS9nttS8xQeCp7zYT1,0cce4ad9-35d3-486e-b325-98b7afc2bce9
spotify:artist:2CvCyf1gEVhI0mX6aFXmVI,05517043-ff78-4988-9c22-88c68588ebb9
spotify:artist:2CvaqAMMsX576VBehaJ0Wx,08306695-0943-4f91-be93-a39ce7a7804f
spotify:artist:2FXC3k01G6Gw61bmprjgqS,b4691384-50c3-4afd-9988-51d3ec5db65d
spotify:artist:2FgZrgTMX6Sk0VNcOsEPmm,3136917a-3dfa-409c-81f7-9fb225aed3eb
spotify:artist:2GQxKDojobwBjZMPf7aoh0,3bd894b2-ec26-4ca0-b6cf-b5e66ead1f2e
spotify:artist:2HXd5pFHJyaQJr5aXfErrE,b10bbbfc-cf9e-42e0-be17-e2c3e1d2600d
spotify:artist:2JhAlkmukNvarUpGhTFXUQ,ad4e8332-861d-4a49-8235-b72888714be4
spotify:artist:2KC9Qb60EaY0kW4eH68vr3,bce172fc-51bb-43f7-9a25-b406a0a581d5
spotify:artist:2LIk90788K0zvyj2JJVwkJ,134cb0bc-06fa-42f7-8078-b0c858349975
spotify:artist:2MMaIlHd8UvDW0mVRAncD6,4861e415-2a6e-4682-98c0-ae212683faf4
spotify:artist:2NJLAUSe3Ifk9MiHbddRAi,6a72650b-8ce3-43fc-9453-6b7a3cf85df3
spotify:artist:2NPduAUeLVsfIauhRwuft1,00a9f935-ba93-4fc8-a33a-993abe9c936b
spotify:artist:2NjfBq1NflQcKSeiDooVjY,663f33f4-8e5f-4773-93ea-493a1135de9a
spotify:artist:2OEGI2wrCVmvavKEOMlccy,e98fc8a6-f523-462a-b221-b55d935f19d8
spotify:artist:2Oz3z7PPQUMU2KNYgcO1sA,8af55e27-c6ad-44f3-a6d2-53df5462798c
spotify:artist:2P1id80CMwR5R5cwcyIIAi,cb8a4667-ee56-4e2e-aba7-dc54fdcb8634
spotify:artist:2PSJ6YriU7JsFucxACpU7Y,08525643-7a01-411e-8188-8bf57261c8b3
spotify:artist:2QM5S4yO6xHgnNvF0nbZZq,ff415d62-f29d-4949-8b36-1dfde54e3737
spotify:artist:2QYEvpsWUOjqaYuxDPTCmV,480cdd78-e54e-4518-9ec9-572a62d7e1e1
spotify:artist:2QeJBmgBdpH4i3uJns5Rdx,d271ec97-748d-4da1-b2fc-1ed72985a984
spotify:artist:2RdwBSPQiwcmiDo9kixcl8,149f91ef-1287-46da-9a8e-87fee02f1471
spotify:artist:2Sqr0DXoaYABbjBo9HaMkM,e54be6b7-5c26-4b47-bb3f-c137429b9b55
spotify:artist:2TMRvcwsmvVhvuEbKVEbZe,2dbc4ab5-45b5-450c-a85f-4e3a83204b1c
spotify:artist:2UVzzx3MOPYV3l6xW2lzBv,30183dca-e6cb-4583-afe1-9e6db8ff82c1
spotify:artist:2WV4xLQooFalR2cit0XSKp,3f13323d-8659-4aeb-978f-880694f3feea
spotify:artist:2WX2uTcsvV5OnS0inACecP,1b8bdee5-783a-4eca-88e5-3e9460739546
spotify:artist:2XMxWKPKCxoLkSdpCViCnr,486067ad-56d6-48b5-957b-d6cfe3e1af73
spotify:artist:2Y34b9AOK30zXgL7cAH4NG,95607d83-b65d-4e57-9e6a-32365456b230
spotify:artist:2Y9AUayH5pyZpVfkDYDfJV,ece1a668-010c-4d2e-ad35-9985c950c320
spotify:artist:2YXlVLKq3X3soXd2aXUtIT,69375447-b0d5-4af8-9b80-44dc0e919eca
spotify:artist:2YZyLoL8N0Wb9xBt1NhZWg,381086ea-f511-4aba-bdf9-71c753dc5077
spotify:artist:2ZvrvbQNrHKwjT7qfGFFUW,27613b78-1b9d-4ec3-9db5-fa0743465fdd
spotify:artist:2a4lU7F8toqKpb5v6Ftqya,909c065e-8b75-45c8-b22c-4ca4ca1a4a38
spotify:artist:2a9bCkqCkLvXM0s3uPvR7M,d7686ac4-e73a-4ec8-a8a6-8f33c4af92a3
spotify:artist:2auC28zjQyVTsiZKNgPRGs,58f1e354-ecbc-4fd3-aa25-97eb1d9bd8b9
spotify:artist:2bWTIIQP9zaVc55RaMGu7e,bdf3cec0-a9ae-4610-90cb-4ee2bc0234bc
spotify:artist:2cevwbv7ISD92VMNLYLHZA,eaf6a7ca-105d-4a94-ba02-8c3e4040319a
spotify:artist:2dIgFjalVxs4ThymZ67YCE,142b343d-bf5a-428c-a64f-6d1a7566bbe9
spotify:artist:2dd5mrQZvg6SmahdgVKDzh,f99b7d67-4e63-4678-aa66-4c6ac0f7d24a
spotify:artist:2e4G04F77jxVuDYo44TCSm,e2b5e62e-7312-4fae-9048-1d40fac17ac5
spotify:artist:2fHcpUAFhqmfloo2HkBN3e,be69d741-9de6-484b-a6fb-463fe976f7f8
spotify:artist:2gsggkzM5R49q6jpPvazou,d24fb461-dee8-41fc-bb15-2f13bb2644a6
spotify:artist:2h93pZq0e7k5yf4dywlkpM,b2ce6c26-f68d-499c-ae01-1f319c1c63ba
spotify:artist:2h93pZq0e7k5yf4dywlkpM,e520459c-dff4-491d-a6e4-c97be35e0044
spotify:artist:2hGh5VOeeqimQFxqXvfCUf,b625448e-bf4a-41c3-a421-72ad46cdb831
spotify:artist:2hRQKC0gqlZGPrmUKbcchR,70e5098b-c4ae-4cd7-9799-3c1b9b57c753
spotify:artist:2hVWBpjLW4Q7fboYz2pVYK,3472754c-1a8f-4466-aad8-b42626bbe8b0
spotify:artist:2hl0xAkS2AIRAu23TVMBG1,69689acf-d9cd-4d20-a972-47db4ed51b1a
spotify:artist:2ht3wxeT69CzyKFChNnNAB,9724aa19-fdf9-49d0-9f9d-944e462e2a5c
spotify:artist:2iE18Oxc8YSumAU232n4rW,e5257dc5-1edd-4fca-b7e6-1158e00522c8
spotify:artist:2jDVhHiltj9mEWoIGdBg3z,445d4b51-a31c-49c0-a090-0e2d97c0c069
spotify:artist:2jFZlvIea42ZvcCw4OeEdA,0dbd6300-efdc-420b-857e-895e18fad317
spotify:artist:2jLHrOkh1M5rLJgnrgfQf1,8016ff5e-f76c-430e-8af6-1ea170acb578
spotify:artist:2jOm3cYujQx6o1dxuiuqaX,f3eaa943-71b3-44b6-8b66-74c787742aae
spotify:artist:2jzc5TC5TVFLXQlBNiIUzE,7364dea6-ca9a-48e3-be01-b44ad0d19897
spotify:artist:2kRfqPViCqYdSGhYSM9R0Q,749ef494-8518-4b49-b685-63d8e728d25c
spotify:artist:2lZFlNiQMLa2fuX3pkXcan,75fe0b17-cf21-4761-b662-f4ad24eca756
spotify:artist:2nkZR6LwPxaAVtaVitNIPT,cc79fbc1-bc7e-415e-a0ab-949b281550e7
spotify:artist:2pHk4wAmL7ofTAuvCIUWtv,b6e08f19-dca8-4009-aefe-9feb9f1aa1f2
spotify:artist:2pRZp2WxvnWWiSPcSSYkNV,27870d47-bb98-42d1-bf2b-c7e972e6befc
spotify:artist:2qwDjeSYANOOBFU8jwtBXx,38aed25b-3fe8-4b9f-b0e1-11358fca68c4
spotify:artist:2qxJFvFYMEDqd7ui6kSAcq,56c4b861-0922-4c3a-a9b9-3bfcb00f8274
spotify:artist:2rEVnwCPBeGkWMv425KoG1,a23888ba-2bf5-409b-8fed-8d9b544f175a
spotify:artist:2sG4zTOLvjKG1PSoOyf5Ej,baf05baf-69fb-47dd-93c2-033536b8c385
spotify:artist:2u7CP5T30c8ctenzXgEV1W,aace796b-0569-49b6-a144-64ea24031962
spotify:artist:2uGx10VkBrI3GBvnQl81du,0777faa3-4a8e-4616-829e-58d91a9a4254
spotify:artist:2uWcrwgWmZcQc3IPBs3tfU,9102bdf6-b03e-4470-9f78-12127c4995cc
spotify:artist:2wOqMjp9TyABvtHdOSOTUS,1f9df192-a621-4f54-8850-2c5373b7eac9
spotify:artist:2wTLheTmMcFCA4hdY8hZJP,f5bff650-07d0-4f8c-bf48-45497f465b79
spotify:artist:2wY79sveU1sp5g7SokKOiI,5a85c140-dcf9-4dd2-b2c8-aff0471549f3
spotify:artist:2xfxRiKxoHl5tI0MKyvqV7,bba737dc-7ec8-482d-b79f-68d949ef2c7f
spotify:artist:2ye2Wgw4gimLv2eAKyk1NB,65f4f0c5-ef9e-490c-aee3-909e7ae6b2ab
spotify:artist:30YrwNoKzUtyVQsIrwtMdr,c7fdd1e7-897e-4c87-af05-7f442026f7d3
spotify:artist:30b9WulBM8sFuBo17nNq9c,b4f66d7f-3282-404e-a682-97374d63b5ab
spotify:artist:31TPClRtHm23RisEBtV3X7,596ffa74-3d08-44ef-b113-765d43d12738
spotify:artist:31eyTcfjAke5hFX3az3nRE,fc84ee2c-3b57-4f94-b912-5edaa7ab2d13
spotify:artist:31zQEL3ARiYe63jn3jtM18,abbbef3b-19d7-4ef8-9ef2-e4d2c556509c
spotify:artist:320EPCSEezHt1rtbfwH6Ck,b8549efe-f4fd-4dc0-8ef1-226e9c400233
spotify:artist:32jdgEsyvdXqUoReMyR0gl,6eec99fd-83a9-457a-b6a4-e292de2cc1e2
spotify:artist:335TWGWGFan4vaacJzSiU8,b12ef43e-72ad-43d0-b216-a8cd32f78852
spotify:artist:33NVpKoXjItPwUJTMZIOiY,39b67b8b-d237-4df9-b1a6-7cf4cf749b36
spotify:artist:33qOK5uJ8AR2xuQQAhHump,35feae82-8b2c-4f8f-ae7a-af5662848947
spotify:artist:346WlBab7ogTYOd1YhgcA7,8fbfed56-bd2e-40c6-b686-c8e66445c6bb
spotify:artist:34Ecdzh8yGKt2YvPG37PKu,d890f92b-93a2-4005-8eca-997531b105ea
spotify:artist:34Ecdzh8yGKt2YvPG37PKu,ecac24d3-d233-49fb-a053-4bc2570c90eb
spotify:artist:35iymrFS4VnsKn35ebHKX9,d9399921-2d82-437e-825e-16daff591a0c
spotify:artist:360IAlyVv4PCEVjgyMZrxK,285e1285-aecc-478f-a8da-0c8cf69e1217
spotify:artist:378dH6EszOLFShpRzAQkVM,53e40f93-f4af-4f8c-819c-7bbe4b6f0a1c
spotify:artist:37J1PlAkhRK7yrZUtqaUpQ,72eabb1a-4d2c-4de6-90f2-671b2cada42b
spotify:artist:37NqXwtb6nIEqRt4EJSoIO,2c4dae8c-e591-49e0-9c5a-62b310a15788
spotify:artist:38WbKH6oKAZskBhqDFA8Uj,14d2a235-30e2-489f-b490-f9dc7d2c0861
spotify:artist:3ADyFy1orEwODaiHmRRMQp,c0a9a568-c83f-4dc9-81b3-df0f92676334
spotify:artist:3AFqxSVdKDJD9qPx3K8tKg,354dd210-5b7f-416e-920b-d6f7bf70e609
spotify:artist:3AQRLZ9PuTAozP28Skbq8V,4c98aa1b-34eb-4336-987f-5e50aa059c00
spotify:artist:3Ayl7mCk0nScecqOzvNp6s,bbc5b66b-d037-4f26-aecf-0b129e7f876a
spotify:artist:3BmGtnKgCSGYIUhmivXKWX,d339efbb-77b9-4147-ba9e-59f2f24550b2
spotify:artist:3C13AlJZ4QWHSruAWe9VPI,a2b34d7c-ce6c-471f-a3c0-feceacdb85e1
spotify:artist:3CDKmzJu6uwEGnPLLZffpD,3c714102-94d8-42f4-9005-fb8a75c2766d
spotify:artist:3CVYSpM7nfHFG5qCTW7Ht9,c010eb84-2de1-40b2-b267-40de6002daab
spotify:artist:3Cv2vi3WTl8VZOTdrBkKdM,fcc7e9c8-3474-4221-b83a-27890982e0fa
spotify:artist:3DZrLuJOQFKqV2sjMsKb1V,864e4eb9-9f68-4838-915d-84e580fb7931
spotify:artist:3DiDSECUqqY1AuBP8qtaIa,8ef1df30-ae4f-4dbd-9351-1a32b208a01e
spotify:artist:3Exoh42YMeqnUvYahAGgUE,74c13246-58ca-47d2-8223-81f5920a21be
spotify:artist:3Hb64DQZIhDCgyHKrzBXOL,4bea512e-c8d9-4a5f-94bc-c01f85505e9b
spotify:artist:3HqSLMAZ3g3d5poNaI7GOU,b9545342-1e6d-4dae-84ac-013374ad8d7c
spotify:artist:3IJCdgkBZbieocLZ4e94GZ,ec08184a-1794-4cfe-a1f2-fbf0e14f81eb
spotify:artist:3Is3ehDoBlnTKQtCHdEvpd,8840289d-85c6-40bf-a7bf-e31cc36041b4
spotify:artist:3Isy6kedDrgPYoTS1dazA9,c3da3346-2643-48a7-93cd-011f6834b3d7
spotify:artist:3JjvsPeGMbDJqsphe2z8xU,d03d8ba8-065c-41d9-a804-d6c05a949194
spotify:artist:3JsHnjpbhX4SnySpvpa9DK,83096042-3785-481e-8843-dee69f1aad12
spotify:artist:3KonOYiLsU53m4yT7gNotP,6a64307a-1806-428c-9bee-4afb13b27042
spotify:artist:3LFFf4EpKn2krneZ9vozyz,93ec5ae7-cb42-40ab-a88c-c92f2d8a4c85
spotify:artist:3M1kgHOpPruu1uBymBHF3r,73bb1496-ab61-4a39-bfbb-cd20f9527393
spotify:artist:3MRynBsyLGzv3IQ9Fip6hO,67158463-7136-4204-8a07-d65959594e92
spotify:artist:3MdXrJWsbVzdn6fe5JYkSQ,355cc194-b8db-4af2-8678-c7ad54213f4b
spotify:artist:3Nrfpe0tUJi4K4DXYWgMUX,0d79fe8e-ba27-4859-bb8c-2f255f346853
spotify:artist:3PfJE6ebCbCHeuqO4BfNeA,fa37018e-3557-4cb7-973f-555003c30174
spotify:artist:3PhoLpVuITZKcymswpck5b,b83bc61f-8451-4a5d-8b8e-7e9ed295e822
spotify:artist:3PpfvyyncoZ79IgYe0Uls0,02c1cd90-f5c1-4536-ae73-1a586be0c761
spotify:artist:3PyJHH2wyfQK3WZrk9rpmP,6dee6b6f-aa72-424c-9c8c-0d31ba5ff673
spotify:artist:3Q5Qep7ytrjVleNnMnntgQ,135a6e96-6a29-4999-a18c-06b0c38b0e7b
spotify:artist:3QUOtWgmuxFyae4C0Q0thd,b0b4ef2a-d71a-497d-881d-ed7659dc7675
spotify:artist:3QVolfxko2UyCOtexhVTli,dcd4701d-64ec-443d-bfbf-73fc87c44bd6
spotify:artist:3RwQ26hR2tJtA8F9p2n7jG,d8df96ae-8fcf-4997-b3e6-e5d1aaf0f69e
spotify:artist:3TQ9JTBI2n2hfo7aRONEYV,05539fb8-b7a5-4012-97a9-5e27ddc031fb
spotify:artist:3TW9U1f93tpGBsEtCSf7JG,dfa88d06-1e44-4916-b070-840c70bdbc4a
spotify:artist:3U7bOaJLuFkrmDQ1C1OqKl,f2911ba4-9eaf-4ae2-b7a2-0f27b7a955be
spotify:artist:3UcnwnNwP6egaBs7DAgRdJ,1ad52d2e-0cde-4147-95a1-93bfb8cd56df
spotify:artist:3UwlejyX2b458azZ7eCnHb,72e54f6a-baab-46e4-9b74-8b481724ac99
spotify:artist:3WGpXCj9YhhfX11TToZcXP,e5712ceb-c37a-4c49-a11c-ccf4e21852d4
spotify:artist:3Wb1mXnd1hXkGwys5m54YC,0119e14d-521a-425f-974a-53657013aec5
spotify:artist:3WrFJ7ztbogyGnTHbHJFl2,b10bbbfc-cf9e-42e0-be17-e2c3e1d2600d
spotify:artist:3X6XIt8zNXvrNzxb1R8TW5,4dc14f03-40b5-4268-8965-8e64fedb0798
spotify:artist:3XHO7cRUPCLOr6jwp8vsx5,fc7bbf00-fbaa-4736-986b-b3ac0266ca9b
spotify:artist:3XSid6KaiKoMAVZs2ug3yw,142b343d-bf5a-428c-a64f-6d1a7566bbe9
spotify:artist:3Xt3RrJMFv5SZkCfUE8C1J,54fc0558-12b5-4854-9d57-9441bcd73a72
spotify:artist:3Y7RZ31TRPVadSFVy1o8os,93998e01-ff53-4af7-ba2a-5674adcdf21e
spotify:artist:3YQKmKGau1PzlVlkL1iodx,a6c6897a-7415-4f8d-b5a5-3a5e05f3be67
spotify:artist:3ZZzT0naD25RhY2uZvIKkJ,bd04c7b4-530c-4802-ae16-962d004a5093
spotify:artist:3aAX2y0amckZ7WcWoz2f2o,3b9a0bcf-1bea-415b-b8f8-05b824c22e33
spotify:artist:3b4kLCI0ZJW47TFsNRqgCb,0120a497-1779-4a8b-9a05-f08f88ecf3a7
spotify:artist:3bcLBxvaI7GsBzGp3WHnwQ,365144f7-85af-4c83-b24b-b1d0b26160bb
spotify:artist:3cR4rhS2hBWqI7rJEBacvN,36f83895-5a69-47c1-a4a2-e2449acbf64a
spotify:artist:3ciRvbBIVz9fBoPbtSYq4x,243c6f61-d83b-4459-bebd-5899df0da111
spotify:artist:3cjEqqelV9zb4BYE3qDQ4O,b3785a55-2cf6-497d-b8e3-cfa21a36f997
spotify:artist:3diftVOq7aEIebXKkC34oR,d66de5d7-e7e3-472b-884c-ebc20f3c3abf
spotify:artist:3e7awlrlDSwF3iM0WBjGMp,38f59974-2f4d-4bfa-b2e3-d2696de1b675
spotify:artist:3eCd0TZrBPm2n9cDG6yWfF,5e6c760b-42e0-4df4-a221-0269355da00a
spotify:artist:3eVa5w3URK5duf6eyVDbu9,7f233cda-eacb-4235-b681-5f7be343a1a2
spotify:artist:3ebOqZZsLCDAkLS6QdI8cc,683a8357-f52c-4c5c-be76-ad041872202b
spotify:artist:3egWSWp7Y4FyCKIyvXbw7L,cb0e7751-ef0c-48b4-9cf6-2d3d41f976b1
spotify:artist:3fMbdgg4jU18AjLCKBhRSm,f27ec8db-af05-4f36-916e-3d57f91ecf5e
spotify:artist:3g7vYcdDXnqnDKYFwqXBJP,9252ca18-015c-484c-ae59-5670784887d3
spotify:artist:3gd8FJtBJtkRxdfbTu19U2,c44e9c22-ef82-4a77-9bcd-af6c958446d6
spotify:artist:3hv9jJF3adDNsBSIQDqcjp,c3c82bdc-d9e7-4836-9746-c24ead47ca19
spotify:artist:3hvinNZRzTLoREmqFiKr1b,93ed67ff-2ab4-4fb3-9e3c-b971b8481e1a
spotify:artist:3iDD7bnsjL9J4fO298r0L0,3f5be744-e867-42fb-8913-5fd69e4099b5
spotify:artist:3ibZ40zQBPva1PoxXe8bdR,af7e5ea9-bd58-4346-8f78-d672e9f297f7
spotify:artist:3jK9MiCrA42lLAdMGUZpwa,d02dd67e-f655-4600-bc47-f789f59e7367
spotify:artist:3kDLzk5AtS3cQaVXkISAzO,bb385616-64eb-462b-a80e-abd7763c0f17
spotify:artist:3kRn66oJ8iz6gJN32AyEPz,c0a5c21b-6479-49c3-8f77-3098af38a9ec
spotify:artist:3l9s67pOK4Stw9yW1wr0Bg,e5c26140-3d81-4690-834a-6dad120d5dbc
spotify:artist:3lFDsTyYNPQc8WzJExnQWn,b3f83f97-92c3-4eb3-afbf-87c1b9a6f0ed
spotify:artist:3lVXtKsFTJM8ecY8gqdoCo,0bc50b7b-8998-428c-9242-25eb3075477f
spotify:artist:3mPquBmMu97Iq9TpzQ6ayI,767bc8d7-05e0-4f6d-8afa-342ce57997e3
spotify:artist:3paGCCtX1Xr4Gx53mSeZuQ,dfa98803-0f8e-4aac-a3d2-a2614db30074
spotify:artist:3pc0bOVB5whxmD50W79wwO,ee74db56-c264-4c23-9504-29e2d8078f36
spotify:artist:3qNVuliS40BLgXGxhdBdqu,2b786fb3-a116-4163-9b65-cf56f03c8a7f
spotify:artist:3qm84nBOXUEQ2vnTfUTTFC,eeb1195b-f213-4ce1-b28c-8565211f8e43
spotify:artist:3rHcBT06Vb1XGVUWhDALZt,1d435e94-f611-4643-b226-83965ae2507a
spotify:artist:3sHS70DMNgPxRqx2fUNrRA,1cf09dca-af48-4857-9222-da90a8ef9fcf
spotify:artist:3twuAojvYNrlWZpMkxLm3P,6561ffe8-0c1f-452b-8501-abe229e01bc7
spotify:artist:3uGFTJ7JMllvhgGpumieHF,cecc42fb-9657-4b54-ad2f-7b73eefaef12
spotify:artist:3uZFBSsMiooimnprFL9jD1,70cb4669-ad7a-4d5c-b99e-7582df393cc7
spotify:artist:3wRA5UYoo08BBKJnzyKkpF,37fa0bfd-8bf7-422c-a97a-f8deda49b3a4
spotify:artist:3wcj11K77LjEY1PkEazffa,78a19169-ac75-4868-b504-7e2e073118e0
spotify:artist:3yDIp0kaq9EFKe07X1X2rz,c6d571dd-c0ae-4ac8-9500-780b1b9b25e5
spotify:artist:3yb7HrGPG0WpWgdO4XFwBf,afac7d50-149c-48c8-bc56-6e078cdfde54
spotify:artist:3ytV7vc4ZuwGgwaOuWvkk8,2650741e-908c-4cae-ba98-0717da3c3ce0
spotify:artist:3z6Gk257P9jNcZbBXJNX5i,fbb375f9-48bb-4635-824e-4120273b3ba7
spotify:artist:3zDRCqOhJXJfS2YWOEwGMC,84bf895b-ec07-40ee-9783-60b2d6b3f614
spotify:artist:40ZElxHldNyvn7x8WRC6fh,e0eca4fb-9977-43e6-a61a-405f905a34aa
spotify:artist:40zyx4iztMjRbIIoI802r4,142b343d-bf5a-428c-a64f-6d1a7566bbe9
spotify:artist:41MozSoPIsD1dJM0CLPjZF,48646387-1664-4c9a-9139-9bfd091b823c
spotify:artist:42q4Ivs7tAiCZ5C7eG5q4c,ae4e3542-7838-4a6f-b753-08216be5a6bb
spotify:artist:44NX2ffIYHr6D4n7RaZF7A,a41ac10f-0a56-4672-9161-b83f9b223559
spotify:artist:44PA0rCQXikgOWbfY7Fq7m,2e80ba15-ec0f-4bd4-b263-7e0671f38255
spotify:artist:46lnlnlU0dXTDpoAUmH6Qx,64f9c914-74a0-4f6b-8589-6261851b0ab9
spotify:artist:47mIJdHORyRerp4os813jD,15d562b8-6fe4-4cf5-86c5-56630629e08a
spotify:artist:48eO052eSDcn8aTxiv6QaG,9c15986d-ff1f-4d91-9708-f50f7445884f
spotify:artist:492hDmhPyuIjP3MgTcIqgm,38bbbd07-9d89-4ff1-9a4e-28e48f57d63a
spotify:artist:49VtaZvoqBgZHQxSqlCUyp,1733a48f-2045-4b60-9130-aaa9393724a1
spotify:artist:49e4v89VmlDcFCMyDv9wQ9,5e6c760b-42e0-4df4-a221-0269355da00a
spotify:artist:49muoiIu4uea4PO8vueUNN,745c5b92-325f-451d-bd52-e6b95229c776
spotify:artist:49muoiIu4uea4PO8vueUNN,977780fe-263f-422b-9330-bfc707a0d46a
spotify:artist:49pGKUCSjzaCfv8gdTWG98,e47c058b-c171-4567-9f59-d2affca35855
spotify:artist:49tQo2QULno7gxHutgccqF,f1cc066a-6dd1-4b18-ae68-3708472ab4b1
spotify:artist:4AcHt3JxKy59IX7JNNlZn4,8560d4e8-05e2-4c20-980b-ad2db445dd5d
spotify:artist:4BBN286rBKyCWsSPq2cxYO,9d4916df-1f64-4469-824c-926817c32bc2
spotify:artist:4DTbdShHu2RPYEEMUp2XWV,218a882d-9c11-49f7-b5a9-57025c0fde32
spotify:artist:4DdkRBBYG6Yk9Ka8tdJ9BW,92631c53-91ed-48f5-a09d-a104ba69cdc7
spotify:artist:4DoFQoqKcSPw8CSzyh7trt,5ae04ee9-98e4-4054-81db-5855d3bdebdd
spotify:artist:4DoedGw38ubJdAT1edFsIx,a88863ae-4744-44aa-b15c-54363cedf9d2
spotify:artist:4GJ6xDCF5jaUqD6avOuQT6,2b8546f6-1ccf-4b59-8eee-2d3a3360d55f
spotify:artist:4H3e5t5utgPvj6Nsuda5QF,0de620fe-8d4d-4be0-b6ae-2669ef948b2e
spotify:artist:4IVAbR2w4JJNJDDRFP3E83,07832b42-8826-4ab1-acd3-c49a2f595ffe
spotify:artist:4Kxlr1PRlDKEB0ekOCyHgX,ec2bcb77-b9a1-49e2-bfe7-419586bbef48
spotify:artist:4LEiUm1SRbFMgfqnQTwUbQ,437a0e49-c6ae-42f6-a6c1-84f25ed366bc
spotify:artist:4MLK9Hhz7UhxAzU2awoLxk,de904a2a-7a29-4b1f-b3e6-4fa1c731e26f
spotify:artist:4NZvixzsSefsNiIqXn0NDe,dde26295-8cd4-474c-8740-3edb801b2776
spotify:artist:4OBJLual30L7gRl5UkeRcT,f7ba7fbe-c6bd-4ac0-bee9-c25c558d7d62
spotify:artist:4QRqp8zf5JtqaMk2OOU3NX,29a9f34b-a39a-49a6-885a-723bda36c14e
spotify:artist:4R60A85t9mTZzCqJlVswuo,68e87fa7-f390-460b-ab44-07034b56477a
spotify:artist:4RfI1z9u2xIc5Qnqac4JbO,ee1de8c5-5eab-49f6-ac42-e79252bac668
spotify:artist:4RnezwRV7VBJUCI1S0AE5u,977e9297-a7e4-449c-94f0-2c500245d07e
spotify:artist:4S0q5n7ZzNzeiW0dAUnYHl,1a886bd7-e245-4526-a385-281a3ee2cef7
spotify:artist:4ScCswdRlyA23odg9thgIO,89ccd7c3-b4f8-45a6-a53f-e903eaaf96be
spotify:artist:4SpbR6yFEvexJuaBpgAU5p,1ee37742-1e3d-4e61-84d2-bc85f4c1459a
spotify:artist:4TEK9tIkcoxib4GxT3O4ky,cbe629e3-fbbd-4071-9e12-4c5074c2231b
spotify:artist:4TnGh5PKbSjpYqpIdlW5nz,b6b21b0c-a706-4b46-a929-bd4d21b06cad
spotify:artist:4TqlcgMFDryY96KWcvrhTv,180a77c9-eb90-4a37-b73a-23ee8b592600
spotify:artist:4TsHKU8l8Wq7n7OPVikirn,2bb9df33-7510-437f-8868-801ce21d6a69
spotify:artist:4U80LJd8sG6U9YTFP5izka,72325a65-557b-47d6-8bbb-b374b380bc5c
spotify:artist:4UXqAaa6dQYAk18Lv7PEgX,516cef4d-0718-4007-9939-f9b38af3f784
spotify:artist:4V8Sr092TqfHkfAA5fXXqG,d68fda90-ab8d-4799-be56-317ba4ae700f
spotify:artist:4VMYDCV2IEDYJArk749S6m,2f522f5c-111c-4ce8-8bd0-d82e97c227ad
spotify:artist:4WhH68K75YKSAwHAqWFpi1,53717b9b-62ab-4d83-94dd-e559164e10dc
spotify:artist:4XDi67ZENZcbfKnvMnTYsI,3dda8202-ce15-4031-862a-77bc6759d15e
spotify:artist:4XWTdNlsP8jqo5BDn5hgmd,b5c5cb00-b875-467a-a7ca-36c8b652d7cb
spotify:artist:4Xj0peBt3EZHbdF20JmdWC,b0e4a01c-d035-4fe6-8683-617a0798e473
spotify:artist:4XpUIb8uuNlIWVKmgKZXC0,f2215143-d7db-4cf0-9cd4-b0040eb63cbd
spotify:artist:4Z4afeDmHFxPmJorIwupbZ,6806600b-f824-4874-b574-f7b9a3e6cd3d
spotify:artist:4Z8W4fKeB5YxbusRsdQVPb,a74b1b7f-71a5-4011-9441-d0b5e4122711
spotify:artist:4aP1lp10BRYZO658B2NwkG,980ee2d8-2ee9-407b-b48e-48360fbc7437
spotify:artist:4aXXDj9aZnlshx7mzj3W1N,925c7673-0e85-410f-b7e4-d9705a7aa619
spotify:artist:4cEwEednPwWCdYT7ZhROZe,c9584c27-f240-4f0e-8e82-3470111f24be
spotify:artist:4dN1DsKUXV6xugiarFBAa6,5a2463af-eef0-4a22-bc8f-5865fbe9c78e
spotify:artist:4dpARuHxo51G3z768sgnrY,cc2c9c3c-b7bc-4b8b-84d8-4fbd8779e493
spotify:artist:4e2umhzNHTSeQnSCWPN0uT,dab563b4-21b2-44be-b8d7-9527c4e530c1
spotify:artist:4eh2JeBpQaScfHKKXZh5vO,f82d1846-1321-4ae1-bf11-723fcc1ff39c
spotify:artist:4epPY1AW9lQeVUM1XaFiwi,46e4a08f-d19d-47a3-8ac1-a59fe978f6a0
spotify:artist:4exLIFE8sISLr28sqG1qNX,3aebd566-7ff8-4b29-b017-051b6ec55861
spotify:artist:4frXpPxQQZwbCu3eTGnZEw,044fd265-79dd-43eb-afc4-8b20becf7e17
spotify:artist:4fxd5Ee7UefO4CUXgwJ7IP,ad322b8b-31b2-437d-8fd8-1af13c1d7b91
spotify:artist:4gOc8TsQed9eqnqJct2c5v,35f3e736-e27b-4a26-892c-c00179d163d5
spotify:artist:4gzpq5DPGxSnKTe4SA8HAU,cc197bad-dc9c-440d-a5b5-d52ba2e14234
spotify:artist:4hMhbcPHd2nsZFhY1TNp8Y,2e57b58e-3da5-4ab5-828f-24ac1cb20928
spotify:artist:4hyF8Vtc73RYJr3RgTE2Zf,ff61ded5-5031-4839-bf97-33c549a7dc76
spotify:artist:4j56EQDQu5XnL7R3E9iFJT,7fe96b15-5608-430e-ad25-77a01353c5d9
spotify:artist:4kYSro6naA4h99UJvo89HB,2f3c4d70-0462-40da-bba3-0aec5772c556
spotify:artist:4lqxrwkJ16gYkKNumLA3SL,a3e02354-e25b-4307-b02d-fb8d42ce439d
spotify:artist:4muJrGMndyYWqZtfk8OWy4,a16d1433-ba89-4f72-a47b-a370add0bb55
spotify:artist:4nDoRrQiYLoBzwC5BhVJzF,01b8b5bf-06cb-45da-85fb-61ada72fcd69
spotify:artist:4nvFFLtv7ZqoTr83387uK4,9f92f1e5-7b25-4be2-ab61-76b6db556887
spotify:artist:4obzFoKoKRHIphyHzJ35G3,eb90c8b8-d733-4c14-a293-105c3d1ba9b3
spotify:artist:4phGZZrJZRo4ElhRtViYdl,82eb8936-7bf6-4577-8320-a2639465206d
spotify:artist:4qy7HANJDOZRObts4Z0KSV,89d4a76a-d8d4-4600-ac9e-19415320b7f4
spotify:artist:4r63FhuTkUYltbVAg5TQnk,87ae83df-6173-40cc-a0f2-bad543faa6aa
spotify:artist:4rpOWirhzqN7NPgRX76l1k,0931b6d2-c469-4203-ab70-00d8222e6bdd
spotify:artist:4salDzkGmfycRqNUbyBphh,835a6d9c-fea0-4a71-ae52-9c4da946433a
spotify:artist:4tZwfgrHOc3mvqYlEYSvVi,056e4f3e-d505-4dad-8ec1-d04f521cbb56
spotify:artist:4tpUmLEVLCGFr93o8hFFIB,4d2956d1-a3f7-44bb-9a41-67563e1a0c94
spotify:artist:4tuJ0bMpJh08umKkEXKUI5,f7441bc7-d7de-4813-a2fc-31a4033d396d
spotify:artist:4ufh0WuMZh6y4Dmdnklvdl,7593e0e2-fc1c-4855-a645-731c7504e16b
spotify:artist:4ur1jCwyNlhgd0viJkOtcQ,fae3cddb-8379-4c96-83d8-5a045a580a0b
spotify:artist:4v4xuH9VypORYabMnhPLt1,d94f79b0-c690-4a60-9a45-a37a11b78051
spotify:artist:4v6XOdonnfpdTKTRJArG7v,03a0c292-3569-46cf-9876-d3c79af048eb
spotify:artist:4wM29TDTr3HI0qFY3KoSFG,00c49f40-d715-4b79-b223-432048602cce
spotify:artist:4wOAdZOMOVSwrZQxDYrUx3,80c72415-d26a-4f49-b13e-544e50b8c188
spotify:artist:4wVcCedmr7FHtUlFnIeJIG,95580754-42bd-4748-a11b-1006ed476743
spotify:artist:4xFUf1FHVy696Q1JQZMTRj,70f0e309-5418-49b6-a130-666e2f76eecd
spotify:artist:4xzwjGxzfKglU0cNW4q4l1,5f7613ba-27f2-46f1-b0c4-fa5d66766601
spotify:artist:4y0wFJ5jmCUNRLZfsw1I7g,1d2c24a6-9ae6-460b-a65e-63671c9fbdd9
spotify:artist:4yvcSjfu4PC0CYQyLy4wSq,20395131-fbde-43ce-b141-b700cfdae99c
spotify:artist:4zzzvh8xX7laDArf8Gt7iw,74c2a820-1e39-432b-a185-3b51d322e430
spotify:artist:50co4Is1HCEo8bhOyUWKpn,800760de-bdf8-43a2-8fe0-44a2401a5515
spotify:artist:52zMTJCKluDlFwMQWmccY7,de4feabc-cd21-4568-a09c-2086bfebe2f4
spotify:artist:53XhwfbYqKCa1cC15pYq2q,012151a8-0f9a-44c9-997f-ebd68b5389f9
spotify:artist:543ccHFPnZfJMD8tRGPtu7,20e9e590-d9a8-4f77-8bdb-ec90c13c3965
spotify:artist:54gWVQFHf8IIqbjxAoOarN,23492596-1fa6-45b1-8de6-eed4a829483b
spotify:artist:568ZhdwyaiCyOGJRtNYhWf,79491354-3d83-40e3-9d8e-7592d58d790a
spotify:artist:56oDRnqbIiwx4mymNEv7dS,8fb5370b-9568-4b61-9da5-2aa12c9928db
spotify:artist:5BHFSMEjfLVx1JwRWjAOsE,5a35701f-9209-4742-ad44-7432d3230127
spotify:artist:5BkB3rXc0qIdUtuEnhbK0A,270bebcb-f400-4912-a8ed-1827ae562405
spotify:artist:5Bm6d9Fbsmln3CpXv8VrMG,e96bed25-e9c7-4fa3-9db6-1ee9e3e0b265
spotify:artist:5CiGnKThu5ctn9pBxv7DGa,5a6131f9-f8db-4722-b4d7-6a0c7183c590
spotify:artist:5DuzBeOgFwViFcv00Q5PFb,acb2191f-0f55-4ec6-b7ff-ce73dea50f3e
spotify:artist:5EHm62VI2botfXyNvboLlL,99689c05-4f6d-4bff-9b00-06731277fe42
spotify:artist:5JZ7CnR6gTvEMKX4g70Amv,c0ef2ba5-a7b7-40ea-bd27-30acccfcac11
spotify:artist:5K0rbdBrs2tNXe5LeWMATT,b0ca0d85-24a8-4a00-860d-357ff688b69c
spotify:artist:5K4W6rqBFWDnAN6FQUkS6x,164f0d73-1234-4e2c-8743-d77bf2191051
spotify:artist:5L1lO4eRHmJ7a0Q6csE5cT,30aeb57f-bb16-47fa-86ca-79fc57b4d12c
spotify:artist:5LHRHt1k9lMyONurDHEdrp,ce09ea31-3d4a-4487-a797-e315175457a0
spotify:artist:5LHu1iF8m0XtRBEJbbwSoo,a1e4ac99-dacd-40ab-8a11-0b2737458f14
spotify:artist:5LwiBgLTllBUiqQGNiQ7jY,70e2b455-ac86-4d18-baf4-f69f92134f17
spotify:artist:5M52tdBnJaKSvOpJGz8mfZ,5182c1d9-c7d2-4dad-afa0-ccfeada921a8
spotify:artist:5MmVJVhhYKQ86izuGHzJYA,8a9ac1cb-faae-434e-8d60-b139a3707dfc
spotify:artist:5NUVwRESNqYBUTRbiATjy7,2228765c-f236-4db5-b576-cbad758dfc12
spotify:artist:5NhgsV7qPWHZqYEMKzbYvo,6aed0a74-92a7-47e6-97d1-7b6a72afec4b
spotify:artist:5PS3ZZE5bBiZ3Ct9HiRG2B,192ccd90-6af9-4d3b-9fb5-fa377851f493
spotify:artist:5Pwc4xIPtQLFEnJriah9YJ,c33c2065-b1c3-4406-b066-d33a9e2ea71a
spotify:artist:5Q0U6ogBrMX2oxmxy5OTzU,30a85598-1db8-4e13-9bfa-d90093062bc1
spotify:artist:5R7AMwDeroq6Ls0COQYpS4,187da628-d21a-4e0f-a93c-456c97a2c032
spotify:artist:5RR0MLwcjc87wjSw2JYdwx,854fbd52-9d01-4ce6-ac3e-8324e3ad753d
spotify:artist:5Rl15oVamLq7FbSb0NNBNy,830e5c4e-6b7d-431d-86ab-00c751281dc5
spotify:artist:5RmQ8k4l3HZ8JoPb4mNsML,f09d2950-e3c6-47b2-b21c-2bad2cd3f616
spotify:artist:5SbkVQYYzlw1kte75QIabH,a47c3aa2-7d87-475c-a2c7-1e2047dafb09
spotify:artist:5TLQArskPwpPQULjjE2tsW,35d9f821-3aff-4b5b-9684-be3e6362d35f
spotify:artist:5TnQc2N1iKlFjYD7CPGvFc,77191d5f-1045-4b3b-ad7f-12ea398db929
spotify:artist:5UjifI1TYefXWn9GdqDOHl,ab17eba6-ea50-4062-b462-301245db5beb
spotify:artist:5V0MlUE1Bft0mbLlND7FJz,54799c0e-eb45-4eea-996d-c4d71a63c499
spotify:artist:5V1qsQHdXNm4ZEZHWvFnqQ,a97f393a-13a7-4645-8bba-f10bd22d7228
spotify:artist:5Vuvs6Py2JRU7WiFDVsI7J,a7472b5e-9b6e-48a6-b910-37c940487086
spotify:artist:5W6FVpHHiRfqUU4d9FfXWZ,0054b908-603f-411f-bb54-6d38ff893d21
spotify:artist:5WUlDfRSoLAfcVSX1WnrxN,2f548675-008d-4332-876c-108b0c7ab9c5
spotify:artist:5Y5TRrQiqgUO4S36tzjIRZ,daa09819-5da5-4c7a-8bef-eb372bb27ff1
spotify:artist:5YF2nij1cyiWmWFB8TLZtj,00dc1927-dc94-4587-bb69-83b717499be2
spotify:artist:5YGY8feqx7naU7z4HrwZM6,7e9bd05a-117f-4cce-87bc-e011527a8b18
spotify:artist:5Z71xE9prhpHrqL5thVMyK,40017bd7-139b-4998-8688-9b2478ad3325
spotify:artist:5a2EaR3hamoenG9rDuVn8j,070d193a-845c-479f-980e-bef15710653e
spotify:artist:5aIqB5nVVvmFsvSdExz408,24f1766e-9635-4d58-a4d4-9413f9f98a4c
spotify:artist:5cAtakaadWHJLxmGKrKcX7,8fc9137a-742f-42bd-988f-1794673c28ea
spotify:artist:5cYcI546S8Lf97m4mNdYLD,8377538d-c3c9-4588-a9e5-29a7de6d9cd1
spotify:artist:5cj0lLjcoR7YOSnhnX0Po5,5df62a88-cac9-490a-b62c-c7c88f4020f4
spotify:artist:5dCvSnVduaFleCnyy98JMo,8cea34d9-e1a5-4a92-87da-de947f741fe6
spotify:artist:5dSCgfYs71v0zjg2AwUq9n,6e5a59cc-cc7c-441b-86bd-2b9963a73edf
spotify:artist:5dTYaRzOn4rXGBLH052EeQ,ccd4426f-aef3-48e3-b04e-2e1de3d1f8d6
spotify:artist:5fMUXHkw8R8eOP2RNVYEZX,a56bd8f9-8ef8-4d63-89a4-794ed1360dd2
spotify:artist:5gCRApTajqwbnHHPbr2Fpi,c45d161f-83ce-4464-ba41-44202e6916d9
spotify:artist:5gGbAKDXhDoBXIJe8SuBvX,acbf2a8c-670f-4881-85f9-a89f5c3a7073
spotify:artist:5gUpo0BRmo6EOTbyU3z5Ay,4b55083b-c84f-47d7-b407-4633e141cc08
spotify:artist:5gUpo0BRmo6EOTbyU3z5Ay,8924a7cb-f311-48a9-b038-1075947abb5b
spotify:artist:5hW4L92KnC6dX9t7tYM4Ve,a6de8ef9-b1a1-4756-97aa-481bbb8a4069
spotify:artist:5he5w2lnU9x7JFhnwcekXX,ae002c5d-aac6-490b-a39a-30aa9e2edf2b
spotify:artist:5iRPbkcPmqAFFwDUj6ywVS,9b94ac1a-b997-4414-9385-96178b5ef99c
spotify:artist:5j4HeCoUlzhfWtjAfM1acR,ab2528d9-719f-4261-8098-21849222a0f2
spotify:artist:5kXFGisUTEE54i06rrXhJE,86a62cd3-b812-4dd2-ad67-9aaf81a683c8
spotify:artist:5krkohEVJYw0qoB5VWwxaC,02ceff75-7363-493e-a78d-912dc86c7460
spotify:artist:5lpH0xAS4fVfLkACg9DAuM,d570bb31-b9ca-45a4-a2d9-11b186d9c159
spotify:artist:5nGIFgo0shDenQYSE0Sn7c,f4a31f0a-51dd-4fa7-986d-3095c40c5ed9
spotify:artist:5nLYd9ST4Cnwy6NHaCxbj8,2c69465c-0f76-45ce-90a2-1ed0fdacc997
spotify:artist:5na1LmEmK2VzNLje9snJYW,088e85ba-619f-4763-ad5f-246ab0614fe6
spotify:artist:5ndkK3dpZLKtBklKjxNQwT,94c338ff-1985-4429-9dc8-997b61bb5932
spotify:artist:5nlf0Hcw7PI00zee655ZYX,15a4f64f-0306-4a38-9d0e-1c9602da60d5
spotify:artist:5o615XColiSVMPDWlslKSk,fc2a8a28-b81c-449a-9f6d-6e67c19801d4
spotify:artist:5oRnbmgqvvq7fVlgk4vcEa,3d65bead-6eae-4012-8665-d5f593ea4a62
spotify:artist:5pF76lplGIvEFGb8lI48hA,4ebd26f0-5067-417e-8544-981fb945169a
spotify:artist:5pKCCKE2ajJHZ9KAiaK11H,73e5e69d-3554-40d8-8516-00cb38737a1c
spotify:artist:5qMkh0MtptmH5XKinOnFom,a4386695-67c3-4c1f-be91-3cad0d8f1f45
spotify:artist:5qRSs6mvI17zrkJpOHkCoM,073ad467-4891-40a0-bf61-d55c41a38aec
spotify:artist:5qRSs6mvI17zrkJpOHkCoM,ad7b6571-9832-4aa1-8e58-d345d9ee06c0
spotify:artist:5r1tUTxVSgvBHnoDuDODPH,49948ebe-bf1c-4823-b470-f2c9ab018686
spotify:artist:5rSXSAkZ67PYJSvpUpkOr7,2f569e60-0a1b-4fb9-95a4-3dc1525d1aad
spotify:artist:5rwUYLyUq8gBsVaOUcUxpE,819a9744-627b-4bf5-92e9-f894b0f252e6
spotify:artist:5snNHNlYT2UrtZo5HCJkiw,57f1cdd6-cf32-4004-a095-3ef043c91b61
spotify:artist:5syu5kN4a5f4rgMCRGlnZp,30fdbdbd-695c-4802-9413-c2adc0139f54
spotify:artist:5t1uryofgueHrjrryqX8vM,c59a565c-7d02-43bb-8423-27cdb25d89eb
spotify:artist:5t5FqBwTcgKTaWmfEbwQY9,95663592-1447-4579-90f7-c94733476667
spotify:artist:5vGoWnZO65NBgiZYBmi3iW,43a65e0c-98eb-4b6b-8931-1ea3dab0e8eb
spotify:artist:5vV3bFXnN6D6N3Nj4xRvaV,09720eec-3871-49d5-932d-eb7542768cd3
spotify:artist:5xKp3UyavIBUsGy3DQdXeF,6958e806-1e14-4844-a0a7-07a27756aa0f
spotify:artist:5y2Xq6xcjJb2jVM54GHK3t,75a72702-a5ef-4513-bca5-c5b944903546
spotify:artist:5yG7ZAZafVaAlMTeBybKAL,3a052c99-8c18-484a-8beb-9873b4fb3106
spotify:artist:5yw4tA8D5uG7tT3NaDvq10,33a0cdd9-67b7-4d8e-95ff-33f6a43bf19d
spotify:artist:5yxyJsFanEAuwSM5kOuZKc,38712b4c-0fd4-4c65-8c7a-45676fecc973
spotify:artist:5zkf2Na8DKKJmtWX5Xrx3m,9aba1d1e-c460-400d-88a7-35f08721d311
spotify:artist:5zzrJD2jXrE9dZ1AklRFcL,951d2103-9c7d-4849-ae60-88bf6aa4790b
spotify:artist:61if35zz1W11GejEkxTLEQ,6b0b4484-442e-489d-bb8e-5e79dcd8e5f4
spotify:artist:62T5PGHWJ9sxP2SJq20IHq,0a7ef947-cb11-4bf0-89e3-23b9a950f04d
spotify:artist:630wzNP2OL7fl4Xl0GnMWq,27e2997f-f7a1-4353-bcc4-57b9274fa9a4
spotify:artist:63XBtGSEZINSyXylZxEUbv,28d83274-26ab-4a6a-b9ff-340f4784e7dd
spotify:artist:64M6ah0SkkRsnPGtGiRAbb,db8fad3a-e131-47a1-8782-c2ee93708cdd
spotify:artist:64k5e9kV9MdukXjFrR5R37,04b67fdc-8fdb-47e0-8307-d260abbc93f8
spotify:artist:64tJ2EAv1R6UaZqc4iOCyj,df6c619f-4334-43e2-8b6a-4a32af1e4f85
spotify:artist:660YptcR0hNHJ8iEr1qcse,a08a7932-c092-425b-a6cd-0b69e9176462
spotify:artist:66CXWjxzNUsdJxJ2JdwvnR,f4fdbb4c-e4b7-47a0-b83b-d91bbfcfa387
spotify:artist:66TrUkUZ3RM29dqeDQRgyA,f7602b15-66cc-4b31-b3b6-ed3c0a29eea3
spotify:artist:67ea9eGLXYMsO2eYQRui3w,9fdaa16b-a6c4-4831-b87c-bc9ca8ce7eaa
spotify:artist:67nwj3Y5sZQLl72VNUHEYE,e34e41f2-f480-45d3-8190-a3ce5ab34fab
spotify:artist:68KmkJeZGfwe1OUaivBa2L,cf0dbc16-4e24-4957-b5b4-955c8978f690
spotify:artist:69GGBxA162lTqCwzJG5jLp,91a81925-92f9-4fc9-b897-93cf01226282
spotify:artist:69ybhMoBUPmIcH4MyDARDv,3255ddb2-bd7f-4850-b314-bdfa10d14706
spotify:artist:6BeO1KuAWBqFriL1mLHtNc,e79cbc79-426e-4efe-85e5-26379f241178
spotify:artist:6BgYuNomEs12UIrnxhWE9a,3ee9d430-5c76-4947-83bf-ebb5a9e3419c
spotify:artist:6BjLHAiun9TeqC55KB3L6s,d76b40cc-3cff-483e-8ae8-f7551e85fa29
spotify:artist:6CXEwIaXYfVJ84biCxqc9k,e3fce957-14b8-40d3-9d4c-efc10a3813ef
spotify:artist:6DY6xsCBGZHrG4PWSG5paz,2e1a6e33-6c01-4871-824b-ae6dd46f2ae4
spotify:artist:6Ff53KvcvAj5U7Z1vojB5o,603ba565-3967-4be1-931e-9cb945394e86
spotify:artist:6G3sPhnj4JBCsBVBGvZnkk,16b36ee4-04d3-4cf9-bcbc-548fd6a2fd4c
spotify:artist:6GMYJwaziB4ekv1Y6wCDWS,29eead4d-3793-4625-8727-c03edbb38b8b
spotify:artist:6GwM5CHqhWXzG3l5kzRSAS,5e3bc4c7-adbe-40e0-b56e-57d755908d52
spotify:artist:6HaGTQPmzraVmaVxvz6EUc,23c8056b-ee13-4cfc-a772-2f5292e35bb5
spotify:artist:6HlUN1Md7UT62mNJHOYRsK,b34c71f4-5ce8-4eec-af52-6e547b82c57d
spotify:artist:6HvZYsbFfjnjFrWF950C9d,49204a7a-ed85-407a-828f-6fd46f1d8126
spotify:artist:6IFUhDPbZkH4ytZZDiu0x4,d56817be-cae7-47f1-b886-8d8e1ed3be31
spotify:artist:6IRouO5mvvfcyxtPDKMYFN,160629ab-ec18-4931-8c95-02cb92d06186
spotify:artist:6J7rw7NELJUCThPbAfyLIE,91dad7e7-0bf6-47e8-bd42-ef1fac32c729
spotify:artist:6KImCVD70vtIoJWnq6nGn3,7eb1ce54-a355-41f9-8d68-e018b096d427
spotify:artist:6KZDXtSj0SzGOV705nNeh3,60614320-9caf-4ae4-bded-7140672fdf8a
spotify:artist:6LqNN22kT3074XbTVUrhzX,fab34286-b8e1-4879-bce3-194e1358fbd2
spotify:artist:6LuN9FCkKOj5PcnpouEgny,28737730-ec70-4da5-89c5-77ac13c5c34d
spotify:artist:6M2wZ9GZgrQXHCFfjv46we,6f1a58bf-9b1b-49cf-a44a-6cefad7ae04f
spotify:artist:6MDME20pz9RveH9rEXvrOM,dacc2d64-7e59-42a8-87a9-10c53919aff2
spotify:artist:6MUyqmIQ35inLjch0YzIEG,d614b0ad-fe3a-4927-b413-48cb831a814b
spotify:artist:6MoXcK2GyGg7FIyxPU5yW6,716a8be4-6f58-4e64-a1e6-fb3017f21bf6
spotify:artist:6NL31G53xThQXkFs7lDpL5,d6302903-1f62-420a-8d8b-c54941ac754e
spotify:artist:6O3ZB5Cz5CNT3wQWouKcNJ,39331b2f-9df0-4de1-a3ee-c28dd103045c
spotify:artist:6OwKE9Ez6ALxpTaKcT5ayv,a1eba844-8c3e-4c61-8f54-f5e086b58c01
spotify:artist:6PIo5nhCQJbR0NfxPdGnGC,69e2d47d-b16e-4a20-b954-921ec13e92c8
spotify:artist:6PR5lyCpN2aFKgHUvY9B3O,46a91e13-b9c7-4242-a053-b223bdd04057
spotify:artist:6PvvGcCY2XtUcSRld1Wilr,0fc78799-38c2-4ee1-8c0f-0b8f7009b7ba
spotify:artist:6Q192DXotxtaysaqNPy5yR,dfe9a7c4-8cf2-47f4-9dcb-d233c2b86ec3
spotify:artist:6QtGlUje9TIkLrgPZrESuk,e57f0cac-4f56-473c-8d7e-d93f753fd586
spotify:artist:6QyO41KctzGc70mVaVnXQO,3b56979c-8c87-4e4e-997a-38c247a560e1
spotify:artist:6RHTUrRF63xao58xh9FXYJ,b2f2216a-d7a9-4ce0-8b8f-f494d9a8c196
spotify:artist:6RKnXXyprPjhBdCvL802Ku,9df2184b-1e49-4717-a5f5-54ca1c38bcb4
spotify:artist:6S2OmqARrzebs0tKUEyXyp,faf4cefb-036c-4c88-b93a-5b03dd0a0e6b
spotify:artist:6SKusTjOAPsTZ6kareKQdm,332a08b3-c1a3-49cf-8b96-e373a914590e
spotify:artist:6SYJFHPxXkr4SZJR8aLEml,bf081017-e5ec-44b8-a5e6-d0401d0b6828
spotify:artist:6TIYQ3jFPwQSRmorSezPxX,f6af669a-56ea-448a-a044-de76181ada33
spotify:artist:6TXM1kV4L8DsDAkAfbOPYk,a4ee23b5-3c30-4cbe-9b9c-5fd7e2709d16
spotify:artist:6UZ0ba50XreR4TM8u322gs,f906154a-7011-49c3-8f6a-44ca83311b08
spotify:artist:6UbmqUEgjLA6jAcXwbM1Z9,21c93d2d-dc10-4f8f-ae91-7285eff37c2f
spotify:artist:6V6WCgi7waF55bJmylC4H5,d5c51c36-ac67-4727-91ed-ee9f0df81a2d
spotify:artist:6VbRanWSU3pdDhJnhSfGmY,3a6ba045-25f8-47f3-af2a-f79b910e0a31
spotify:artist:6VuMaDnrHyPL1p4EHjYLi7,525f1f1c-03f0-4bc8-8dfd-e7521f87631b
spotify:artist:6VxCmtR7S3yz4vnzsJqhSV,6390e20f-bacf-474e-954e-5b12da73350e
spotify:artist:6WRl7KUrzOq7GpY97KrYxi,e2b6dbdb-aa4e-4473-8b4f-c5c4377adbfc
spotify:artist:6XXKPxRX2WWPPtfodzpc2v,4e848ea9-d9d3-4608-b5ee-baa29acf4cca
spotify:artist:6Xb4ezwoAQC4516kI89nWz,328d146c-79f1-4eb6-9e40-8ee5710c14e5
spotify:artist:6Xg22wJOAcnvPUfk5WvODH,c62e0aeb-d7e2-406a-9036-d14881661e0e
spotify:artist:6Y4bCmUNPDKqc7dHkVvgim,97f067d5-ccfe-4d94-ba46-d0803862a9b2
spotify:artist:6YVMFz59CuY7ngCxTxjpxE,b51c672b-85e0-48fe-8648-470a2422229f
spotify:artist:6aLdhHUqgdKE86xbtNmY8g,d663f95b-096e-419b-8b5d-f9e8b980ad2b
spotify:artist:6aZyMrc4doVtZyKNilOmwu,efc8a006-d0c6-4a9b-8cb1-91ca770fa2b9
spotify:artist:6bDWAcdtVR3WHz2xtiIPUi,c3a4aeca-8f02-4d22-b1ff-693434ab09a8
spotify:artist:6bwp9ObI8FWvMPCIWVBmhl,e75c476c-d03b-4b3b-82cb-ac09b8bfa5fa
spotify:artist:6cEuCEZu7PAE9ZSzLLc2oQ,eb0fbe2c-6eb7-40bc-900b-3e056c158125
spotify:artist:6cdC1cwqh3eJAXaxXJt2jv,7c7a377e-2137-4120-ac20-c3d7286256e6
spotify:artist:6dhfy4ByARPJdPtMyrUYJK,d598652a-b64a-4e21-b607-bcec71698731
spotify:artist:6f4XkbvYlXMH0QgVRzW0sM,59eda569-b380-4958-b98c-051d1667b3e1
spotify:artist:6fWVd57NKTalqvmjRd2t8Z,0fe5df51-ba65-4784-ba85-7d024a107a8a
spotify:artist:6fs2or0cKLEM2xohWq8SoX,96fc9b47-377d-4706-ae8a-cf0d83bcaf7a
spotify:artist:6gezkje7GoJlQbHBgLXHuu,b200a863-cd09-4716-b146-f523a81a4de3
spotify:artist:6grPDYoluzn0yi8qloRKst,b818f5c1-d781-43ef-8f90-2fc249c25d9c
spotify:artist:6gzXCdfYfFe5XKhPKkYqxV,a13898e2-e488-498e-a89c-d0e920f74d4d
spotify:artist:6hhqsQZhtp9hfaZhSd0VSD,99689c05-4f6d-4bff-9b00-06731277fe42
spotify:artist:6hk7Yq1DU9QcCCrz9uc0Ti,fad2875e-ba81-4637-b859-4684622dcb1c
spotify:artist:6iVo62B0bdTknRcrktCmak,6afff86d-fc4a-4446-a41e-f88e1322a5be
spotify:artist:6jIK3obS1fJqb3Vu74AYX3,e6463587-4df4-482a-99a5-1eee6cb41574
spotify:artist:6jJ0s89eD6GaHleKKya26X,122d63fc-8671-43e4-9752-34e846d62a9c
spotify:artist:6jV25rzTKQ2zMgrqHha1V5,7100af1a-1224-4636-83ad-7f7fcf0973d7
spotify:artist:6jlWj6y00bMQt8XoKuCjyZ,1b7de629-8e8a-4748-b402-bd58de30e5f1
spotify:artist:6k4r73Wq8nhkCDoUsECL1e,67c1cf68-fbdb-4cb8-9774-25cec93587d6
spotify:artist:6kACVPfCOnqzgfEF5ryl0x,d43d12a1-2dc9-4257-a2fd-0a3bb1081b86
spotify:artist:6l3HvQ5sa6mXTsMTB19rO5,875203e1-8e58-4b86-8dcb-7190faf411c5
spotify:artist:6ltzsmQQbmdoHHbLZ4ZN25,51c76d97-0635-433c-b26d-66beb81657f8
spotify:artist:6nVMMEywS5Y4tsHPKx1nIo,05cbaf37-6dc2-4f71-a0ce-d633447d90c3
spotify:artist:6nWKAdMv1BDq1zHfZzkdbR,09fc39de-ad81-47be-ab4a-2511a585089d
spotify:artist:6nfDaffa50mKtEOwR8g4df,9f6a8346-15f3-4ec4-a632-f5270b0945a3
spotify:artist:6ogn9necmbUdCppmNnGOdi,4bdcee62-4902-4773-8cd1-e252e2e31225
spotify:artist:6olE6TJLqED3rqDCT0FyPh,5b11f4ce-a62d-471e-81fc-a69a8278c7da
spotify:artist:6pC3vnUgNVITdYMMXefi6D,34a4a584-a50d-428c-8adc-0e0f907cd495
spotify:artist:6pNgnvzBa6Bthsv8SrZJYl,0d068e41-8cd0-44aa-af39-b4e11528a08d
spotify:artist:6psCCMHymYfQy6VvYRr6cs,ad1b055c-45a6-40a4-bb1f-1eea81632433
spotify:artist:6qqNVTkY8uBg9cP3Jd7DAH,f4abc0b5-3f7a-4eff-8f78-ac078dbce533
spotify:artist:6sLwRSXSUF5JTUnQaFenyj,54838328-cd85-4d04-a741-e65ea1076c90
spotify:artist:6seR0G84QQq1NIW844E7Qq,d3a24471-3bd5-43bb-add7-5d876e9186b7
spotify:artist:6tbjWDEIzxoDsBA1FuhfPW,79239441-bfd5-4981-a70c-55c3f15c1287
spotify:artist:6twIAGnYuIT1pncMAsXnEm,900ab237-327b-44e2-87e4-73250bbe025a
spotify:artist:6uNxlIP5lzPFf0BHuELOuX,cc3054c1-803c-4b55-9c59-200acd60b5e4
spotify:artist:6udveWUgX4vu75FF0DTrXV,d84e5667-3cbe-4556-b551-9d7e4be95d71
spotify:artist:6ueGR6SWhUJfvEhqkvMsVs,ee190f6b-7d98-43ec-b924-da5f8018eca0
spotify:artist:6vWDO969PvNqNYHIOW5v0m,859d0860-d480-4efd-970c-c05d5f1776b8
spotify:artist:6vytZ677lz4LzCrUDcDokM,f28cabfc-3cf5-4886-b832-36ab708fbb0a
spotify:artist:6wPhSqRtPu1UhRCDX5yaDJ,1fda852b-92e9-4562-82fa-c52820a77b23
spotify:artist:6y9nlaoynxSvoTGY09Vdcy,25c73c37-9517-4144-8ef6-32541e82ff42
spotify:artist:6z29S0IoiBJpSMP8plyCj7,3c2c34c6-11de-48b2-947d-6b8f96d59844
spotify:artist:6zFYqv1mOsgBRQbae3JJ9e,64b94289-9474-4d43-8c93-918ccc1920d1
spotify:artist:6zTIxEXFWjoNu2VXauDITb,ac96a876-aa7c-45fc-9080-ba8a67b2d60b
spotify:artist:70DFixYAFPv4Pf9kgSfR9O,1d673024-a339-4b97-9f41-52cdc47498c6
spotify:artist:70cRZdQywnSFp9pnc2WTCE,5d02f264-e225-41ff-83f7-d9b1f0b1874a
spotify:artist:711MCceyCBcFnzjGY4Q7Un,66c662b6-6e2f-4930-8610-912e24c63ed1
spotify:artist:71Ur25Abq58vksqJINpGdx,fe7245e7-d734-4ca1-8e26-691883f58201
spotify:artist:72nLe76yBFSlP6VBzME358,b9c8f785-0ef8-4f88-922c-64e9e71a58de
spotify:artist:73B9bjqS2Z5KLXNGqXf64m,30f9b3e7-690b-4199-8441-916c37176532
spotify:artist:73JBR5s2PVvUjGu6tIqjqx,c48af196-bab1-4505-9256-0922adac0fe2
spotify:artist:73rPcaYEhBd0UuVZBqqyQJ,6ea62ebc-6372-4850-bb37-e21f0e7e7f14
spotify:artist:74V3dE1a51skRkdII8y2C6,f563a1a9-069b-41ed-8b3b-e1b1a6f5b34b
spotify:artist:74XFHRwlV6OrjEM0A2NCMF,44cf61b8-5197-448a-b82b-cef6ee89fac5
spotify:artist:75FnCoo4FBxH5K1Rrx0k5A,28955336-2348-488a-9381-e3a7b0107343
spotify:artist:77SW9BnxLY8rJ0RciFqkHh,97b8d224-5660-419c-8dff-4b3bf0c33983
spotify:artist:78sJswwVn4P8aEhkF4K6fQ,75aff57c-d397-4e6c-b5fc-1f32d7761512
spotify:artist:790FomKkXshlbRYZFtlgla,de22adae-f8ac-414f-b653-b0162611bd60
spotify:artist:79D4dipwR6scV8AN3dm7gW,e7d458f6-e006-4d83-ba86-bf7d4d8985b0
spotify:artist:7AKHnZVqwXYuUwWJ8UGL5q,506c92c3-0d1f-4bc9-b6ee-848c99ef5fd4
spotify:artist:7AcV1lk8Zrgo1691PDWEle,fc318255-d27e-4e85-bfe5-46657eaef734
spotify:artist:7Bu0r4MCDX3sbhcFD5IXyx,344d0612-8e74-4227-a4ec-9848a6534d86
spotify:artist:7C0lSOS41UnTbnF7bMSEWN,dae27553-2819-482f-b4eb-2033d534335f
spotify:artist:7CajNmpbOovFoOoasH2HaY,8dd98bdc-80ec-4e93-8509-2f46bafc09a7
spotify:artist:7Ey4PD4MYsKc5I2dolUwbH,3d2b98e5-556f-4451-a3ff-c50ea18d57cb
spotify:artist:7F1iAHRYxR3MY7yAEuFqgL,9fc92dfd-8367-4a7e-88f5-18b24baa1b70
spotify:artist:7FiAkNWMb6ZBYI8tbQLuIS,a46732f1-d435-4dec-9d6d-8aa3c7d5a38b
spotify:artist:7GJbWH8vhhuW22707B8HsW,d11648e9-7569-471a-be96-068523f136c2
spotify:artist:7IlRNXHjoOCgEAWN5qYksg,cf580d82-3f3e-4b86-8874-7e0fbe794f01
spotify:artist:7JYdpWAsiqzrmMB3qxkEbI,9f2ae371-63ad-496e-95ca-f90bad9b5b23
spotify:artist:7K80yOTC0Id95gRaOxDG5u,e2b96b55-35c4-45b9-8d7b-726ac927982f
spotify:artist:7Lq3yAtwi0Z7zpxEwbQQNZ,4142301a-8bd8-4ea0-b509-0baf84fe6906
spotify:artist:7MP4jhYmFEgb0AtiOkw55s,4f23a011-5a20-417f-bc20-6497677ca244
spotify:artist:7aBzpmFXB4WWpPl2F7RjBe,4f29ecd7-21a5-4c03-b9ba-d0cfe9488f8c
spotify:artist:7bXgB6jMjp9ATFy66eO08Z,59f06a94-5d1f-48fe-9e73-fa47d15e6fc2
spotify:artist:7bXgB6jMjp9ATFy66eO08Z,bd4b4286-9307-40f3-bcf3-6ecf22f2963d
spotify:artist:7bXgB6jMjp9ATFy66eO08Z,c234fa42-e6a6-443e-937e-2f4b073538a3
spotify:artist:7bcMJG1TkYFFD9Fit3STLJ,918feca7-dae2-4785-969e-c4a281551ae7
spotify:artist:7bmYpVgQub656uNTu6qGNQ,9c750319-8267-493a-aaaf-305e1c6bcc21
spotify:artist:7c0XG5cIJTrrAgEC3ULPiq,7bd66c18-cb33-49aa-9279-140acedbdb49
spotify:artist:7cVZApDoQZpS447nHTsNqu,60c05c03-e33e-44a7-bef8-6fb245aaea51
spotify:artist:7cjg7EkeZy3OI5o9Qthc6n,fe038151-1099-4de8-901b-39be66d6e493
spotify:artist:7dGJo4pcD2V6oG8kP0tJRR,b95ce3ff-3d05-4e87-9e01-c97b66af13d4
spotify:artist:7eLcDZDYHXZCebtQmVFL25,a24f2bd3-0d1b-4c03-8d91-6297ab5a2811
spotify:artist:7etzKNDxaZ1LefgbGrexsN,2d59fec8-bdad-4347-a874-28501c96f60a
spotify:artist:7f4ignuCJhLXfZ9giKT7rH,9d17d14a-e81c-410e-a90b-b02b0a9de6f8
spotify:artist:7fObcBw9VM3x7ntWKCYl0z,d71c2b20-616a-4bb8-a848-e6edac412c3b
spotify:artist:7gOdHgIoIKoe4i9Tta6qdD,6e019bc6-5c23-4935-94f0-4a896631d846
spotify:artist:7guDJrEfX3qb6FEbdPA5qi,1ee18fb3-18a6-4c7f-8ba0-bc41cdd0462e
spotify:artist:7hJcb9fa4alzcOq3EaNPoG,f90e8b26-9e52-4669-a5c9-e28529c47894
spotify:artist:7ieMQQDR0bdBPz572mtxwS,de461f00-89b7-46e2-b6ba-550ef383fb8e
spotify:artist:7iitvSs52z6e7UvIo2LCYi,f3e67ac5-6c36-4abb-a741-0242aa01de0d
spotify:artist:7jVv8c5Fj3E9VhNjxT4snq,0b30341b-b59d-4979-8130-b66c0e475321
spotify:artist:7jy3rLJdDQY21OgRLCZ9sD,67f66c07-6e61-4026-ade5-7e782fad3a5d
spotify:artist:7k73EtZwoPs516ZxE72KsO,6ef00829-fa94-4fee-a5a6-b28e1208e96a
spotify:artist:7ltDVBr6mKbRvohxheJ9h1,25f3abd9-63b5-471a-bd25-feb9672dfa11
spotify:artist:7n2Ycct7Beij7Dj7meI4X0,8da127cc-c432-418f-b356-ef36210d82ac
spotify:artist:7n2wHs1TKAczGzO7Dd2rGr,b7d92248-97e3-4450-8057-6fe06738f735
spotify:artist:7nLakaHt1koh5mP4OIVM0F,e5a73f56-9202-4e4b-8af2-f7b5bcddfc23
spotify:artist:7nqOGRxlXj7N2JYbgNEjYH,e04d239e-9fa8-49b3-b9b7-9e439c3cb1d1
spotify:artist:7pXu47GoqSYRajmBCjxdD6,7d0e8067-10b9-4069-95dc-1110a0fbb877
spotify:artist:7qd6KGoABHifvXKeFNe2Yb,767a7e84-b82d-47eb-8ee9-6784f545ecde
spotify:artist:7rpKUJ0AnklJ8q9nIPVSpZ,aea6ccea-deb0-44bb-886e-d91aa4c358bf
spotify:artist:7sOR7gk6XUlGnxj3p9F54k,00d0f0fa-a48c-416d-b4ff-25a290ce82d8
spotify:artist:7sZ5ipSoboWdqXkdj6AXHo,80f9dd8d-2257-42b0-8808-97c3056019b4
spotify:artist:7sfl4Xt5KmfyDs2T3SVSMK,a95384b1-6aec-468c-ae0d-8c6daf87c4c2
spotify:artist:7tCg9aiVKZ5Cmhbfb7UoqM,08bc1626-aa7b-4daa-9a2a-caeb87987712
spotify:artist:7tYKF4w9nC0nq9CsPZTHyP,272989c8-5535-492d-a25c-9f58803e027f
spotify:artist:7v4imS0moSyGdXyLgVTIV7,fbe054ec-a143-4101-9e9e-64abc5ff5ac9
spotify:artist:7ywGEr53ogVxLibBcb82JV,f527e9e0-0960-4045-82c0-3c919fb62177
spotify:artist:7zYj9S9SdIunYCfSm7vzAR,8d4e6a86-fa1c-4a1b-b8c4-3b58a46dde9f
